x,y
-2,-0.5
-2,-0.5
-1.99998,-0.5
-1.99997,-0.500001
-1.99995,-0.500001
-1.99993,-0.500001
-1.9999,-0.500002
-1.99989,-0.500002
-1.99987,-0.500003
-1.99986,-0.500003
-1.99985,-0.500003
-1.99985,-0.500004
-1.99985,-0.500004
-1.99985,-0.500005
-1.99986,-0.500005
-1.99986,-0.500006
-1.99988,-0.500006
-1.99989,-0.500006
-1.99991,-0.500006
-1.99993,-0.500005
-1.99993,-0.500004
-1.99994,-0.500004
-1.99993,-0.500003
-1.99993,-0.500003
-1.99991,-0.500003
-1.9999,-0.500002
-1.99989,-0.500001
-1.99988,-0.5
-1.99988,-0.5
-1.99988,-0.5
-1.99988,-0.5
-1.99989,-0.5
-1.99989,-0.5
-1.9999,-0.5
-1.9999,-0.5
-1.9999,-0.5
-1.9999,-0.5
-1.99989,-0.5
-1.99989,-0.5
-1.99988,-0.5
-1.99988,-0.5
-1.99988,-0.5
-1.99988,-0.5
-1.99988,-0.5
-1.99988,-0.5
-1.99988,-0.5
-1.99988,-0.5
-1.99988,-0.5
-1.99988,-0.5
-1.99987,-0.5
-1.99987,-0.5
-1.99987,-0.5
-1.99987,-0.5
-1.99987,-0.5
-1.99987,-0.5
-1.99987,-0.5
-1.99987,-0.5
-1.99987,-0.5
-1.99986,-0.5
-1.99986,-0.5
-1.99986,-0.5
-1.99986,-0.5
-1.99986,-0.5
-1.99986,-0.5
-1.99986,-0.5
-1.99986,-0.5
-1.99985,-0.5
-1.99985,-0.5
-1.99985,-0.5
-1.99985,-0.5
-1.99985,-0.5
-1.99985,-0.500001
-1.99985,-0.5
-1.99985,-0.5
-1.99984,-0.5
-1.99984,-0.5
-1.99984,-0.5
-1.99984,-0.5
-1.99984,-0.5
-1.99984,-0.5
-1.99984,-0.5
-1.99984,-0.5
-1.99983,-0.5
-1.99983,-0.5
-1.99983,-0.5
-1.99983,-0.5
-1.99983,-0.5
-1.99983,-0.5
-1.99983,-0.5
-1.99983,-0.5
-1.99983,-0.5
-1.99982,-0.5
-1.99982,-0.5
-1.99982,-0.5
-1.99982,-0.5
-1.99982,-0.5
-1.99982,-0.5
-1.99982,-0.5
-1.99982,-0.5
-1.99981,-0.5
-1.99981,-0.5
-1.99981,-0.5
-1.99981,-0.5
-1.99981,-0.5
-1.99981,-0.5
-1.99981,-0.5
-1.99981,-0.5
-1.9998,-0.5
-1.9998,-0.5
-1.9998,-0.5
-1.9998,-0.5
-1.9998,-0.5
-1.9998,-0.5
-1.9998,-0.5
-1.9998,-0.5
-1.99979,-0.5
-1.99979,-0.5
-1.99979,-0.5
-1.99979,-0.5
-1.99979,-0.5
-1.99979,-0.5
-1.99979,-0.5
-1.99979,-0.5
-1.99979,-0.5
-1.99978,-0.5
-1.99978,-0.5
-1.99978,-0.5
-1.99978,-0.5
-1.99978,-0.5
-1.99978,-0.5
-1.99978,-0.5
-1.99978,-0.5
-1.99977,-0.5
-1.99977,-0.5
-1.99977,-0.5
-1.99977,-0.5
-1.99977,-0.5
-1.99977,-0.5
-1.99977,-0.5
-1.99977,-0.5
-1.99976,-0.5
-1.99976,-0.5
-1.99976,-0.5
-1.99976,-0.5
-1.99976,-0.5
-1.99976,-0.5
-1.99976,-0.5
-1.99976,-0.5
-1.99975,-0.5
-1.99975,-0.5
-1.99975,-0.5
-1.99975,-0.5
-1.99975,-0.5
-1.99975,-0.5
-1.99975,-0.5
-1.99975,-0.5
-1.99975,-0.5
-1.99974,-0.5
-1.99974,-0.5
-1.99974,-0.5
-1.99974,-0.5
-1.99974,-0.5
-1.99974,-0.5
-1.99974,-0.5
-1.99974,-0.5
-1.99973,-0.5
-1.99973,-0.5
-1.99973,-0.5
-1.99973,-0.5
-1.99973,-0.5
-1.99973,-0.5
-1.99973,-0.5
-1.99973,-0.5
-1.99972,-0.5
-1.99972,-0.5
-1.99972,-0.5
-1.99972,-0.5
-1.99972,-0.5
-1.99972,-0.5
-1.99972,-0.5
-1.99972,-0.5
-1.99971,-0.5
-1.99971,-0.5
-1.99971,-0.5
-1.99971,-0.5
-1.99971,-0.5
-1.99971,-0.5
-1.99971,-0.5
-1.99971,-0.5
-1.99971,-0.5
-1.9997,-0.5
-1.9997,-0.5
-1.9997,-0.5
-1.9997,-0.5
-1.9997,-0.5
-1.9997,-0.5
-1.9997,-0.5
-1.9997,-0.5
-1.99969,-0.5
-1.99969,-0.5
-1.99969,-0.5
-1.99969,-0.5
-1.99969,-0.5
-1.99969,-0.5
-1.99969,-0.5
-1.99969,-0.5
-1.99968,-0.5
-1.99968,-0.5
-1.99968,-0.5
-1.99968,-0.5
-1.99968,-0.5
-1.99968,-0.5
-1.99968,-0.5
-1.99968,-0.5
-1.99967,-0.5
-1.99967,-0.5
-1.99967,-0.5
-1.99967,-0.5
-1.99967,-0.5
-1.99967,-0.5
-1.99967,-0.5
-1.99967,-0.5
-1.99967,-0.5
-1.99966,-0.5
-1.99966,-0.5
-1.99966,-0.5
-1.99966,-0.5
-1.99966,-0.5
-1.99966,-0.5
-1.99966,-0.5
-1.99966,-0.5
-1.99965,-0.5
-1.99965,-0.5
-1.99965,-0.5
-1.99965,-0.5
-1.99965,-0.5
-1.99965,-0.5
-1.99965,-0.5
-1.99965,-0.5
-1.99964,-0.5
-1.99964,-0.5
-1.99964,-0.5
-1.99964,-0.5
-1.99964,-0.5
-1.99964,-0.5
-1.99964,-0.5
-1.99964,-0.5
-1.99963,-0.5
-1.99963,-0.5
-1.99963,-0.5
-1.99963,-0.5
-1.99963,-0.5
-1.99963,-0.5
-1.99963,-0.5
-1.99963,-0.5
-1.99963,-0.5
-1.99962,-0.5
-1.99962,-0.5
-1.99962,-0.5
-1.99962,-0.5
-1.99962,-0.5
-1.99962,-0.5
-1.99962,-0.5
-1.99962,-0.5
-1.99961,-0.5
-1.99961,-0.5
-1.99961,-0.5
-1.99961,-0.5
-1.99961,-0.5
-1.99961,-0.5
-1.99961,-0.5
-1.99961,-0.5
-1.9996,-0.5
-1.9996,-0.5
-1.9996,-0.5
-1.9996,-0.5
-1.9996,-0.5
-1.9996,-0.5
-1.9996,-0.5
-1.9996,-0.5
-1.99959,-0.5
-1.99959,-0.5
-1.99959,-0.5
-1.99959,-0.5
-1.99959,-0.5
-1.99959,-0.5
-1.99959,-0.5
-1.99959,-0.5
-1.99959,-0.5
-1.99958,-0.5
-1.99958,-0.5
-1.99958,-0.5
-1.99958,-0.5
-1.99958,-0.5
-1.99958,-0.5
-1.99958,-0.5
-1.99958,-0.5
-1.99957,-0.5
-1.99957,-0.5
-1.99957,-0.5
-1.99957,-0.5
-1.99957,-0.5
-1.99957,-0.5
-1.99957,-0.5
-1.99957,-0.5
-1.99956,-0.5
-1.99956,-0.5
-1.99956,-0.5
-1.99956,-0.5
-1.99956,-0.5
-1.99956,-0.5
-1.99956,-0.5
-1.99956,-0.5
-1.99956,-0.5
-1.99955,-0.5
-1.99955,-0.5
-1.99955,-0.5
-1.99955,-0.5
-1.99955,-0.5
-1.99955,-0.5
-1.99955,-0.5
-1.99955,-0.5
-1.99954,-0.5
-1.99954,-0.5
-1.99954,-0.5
-1.99954,-0.5
-1.99954,-0.5
-1.99954,-0.5
-1.99954,-0.5
-1.99954,-0.5
-1.99953,-0.5
-1.99953,-0.5
-1.99953,-0.5
-1.99953,-0.5
-1.99953,-0.5
-1.99953,-0.5
-1.99953,-0.5
-1.99953,-0.5
-1.99952,-0.5
-1.99952,-0.5
-1.99952,-0.5
-1.99952,-0.5
-1.99952,-0.5
-1.99952,-0.5
-1.99952,-0.5
-1.99952,-0.5
-1.99952,-0.5
-1.99951,-0.5
-1.99951,-0.5
-1.99951,-0.5
-1.99951,-0.5
-1.99951,-0.5
-1.99951,-0.5
-1.99951,-0.5
-1.99951,-0.5
-1.9995,-0.5
-1.9995,-0.5
-1.9995,-0.5
-1.9995,-0.5
-1.9995,-0.5
-1.9995,-0.5
-1.9995,-0.5
-1.9995,-0.5
-1.99949,-0.5
-1.99949,-0.5
-1.99949,-0.5
-1.99949,-0.5
-1.99949,-0.5
-1.99949,-0.5
-1.99949,-0.5
-1.99949,-0.5
-1.99948,-0.5
-1.99948,-0.5
-1.99948,-0.5
-1.99948,-0.5
-1.99948,-0.5
-1.99948,-0.5
-1.99948,-0.5
-1.99948,-0.5
-1.99948,-0.5
-1.99947,-0.5
-1.99947,-0.5
-1.99947,-0.5
-1.99947,-0.5
-1.99947,-0.5
-1.99947,-0.5
-1.99947,-0.5
-1.99947,-0.5
-1.99946,-0.5
-1.99946,-0.5
-1.99946,-0.5
-1.99946,-0.5
-1.99946,-0.5
-1.99946,-0.5
-1.99946,-0.5
-1.99946,-0.5
-1.99945,-0.5
-1.99945,-0.5
-1.99945,-0.5
-1.99945,-0.5
-1.99945,-0.5
-1.99945,-0.5
-1.99945,-0.5
-1.99945,-0.5
-1.99944,-0.5
-1.99944,-0.5
-1.99944,-0.5
-1.99944,-0.5
-1.99944,-0.5
-1.99944,-0.5
-1.99944,-0.5
-1.99944,-0.5
-1.99944,-0.5
-1.99943,-0.5
-1.99943,-0.5
-1.99943,-0.5
-1.99943,-0.5
-1.99943,-0.5
-1.99943,-0.5
-1.99943,-0.5
-1.99943,-0.5
-1.99942,-0.5
-1.99942,-0.5
-1.99942,-0.5
-1.99942,-0.5
-1.99942,-0.5
-1.99942,-0.5
-1.99942,-0.5
-1.99942,-0.5
-1.99941,-0.5
-1.99941,-0.5
-1.99941,-0.5
-1.99941,-0.5
-1.99941,-0.5
-1.99941,-0.5
-1.99941,-0.5
-1.99941,-0.5
-1.99941,-0.5
-1.9994,-0.5
-1.9994,-0.5
-1.9994,-0.5
-1.9994,-0.5
-1.9994,-0.5
-1.9994,-0.5
-1.9994,-0.5
-1.9994,-0.5
-1.99939,-0.5
-1.99939,-0.5
-1.99939,-0.5
-1.99939,-0.5
-1.99939,-0.5
-1.99939,-0.5
-1.99939,-0.5
-1.99939,-0.5
-1.99938,-0.5
-1.99938,-0.5
-1.99938,-0.5
-1.99938,-0.5
-1.99938,-0.5
-1.99938,-0.5
-1.99938,-0.5
-1.99938,-0.5
-1.99937,-0.5
-1.99937,-0.5
-1.99937,-0.5
-1.99937,-0.5
-1.99937,-0.5
-1.99937,-0.5
-1.99937,-0.5
-1.99937,-0.5
-1.99936,-0.5
-1.99936,-0.5
-1.99936,-0.5
-1.99936,-0.5
-1.99936,-0.5
-1.99936,-0.5
-1.99936,-0.5
-1.99936,-0.5
-1.99936,-0.5
-1.99935,-0.5
-1.99935,-0.5
-1.99935,-0.5
-1.99935,-0.5
-1.99935,-0.5
-1.99935,-0.5
-1.99935,-0.5
-1.99935,-0.5
-1.99934,-0.5
-1.99934,-0.5
-1.99934,-0.5
-1.99934,-0.5
-1.99934,-0.5
-1.99934,-0.5
-1.99934,-0.5
-1.99934,-0.5
-1.99933,-0.5
-1.99933,-0.5
-1.99933,-0.5
-1.99933,-0.5
-1.99933,-0.5
-1.99933,-0.5
-1.99933,-0.5
-1.99933,-0.5
-1.99933,-0.5
-1.99932,-0.5
-1.99932,-0.5
-1.99932,-0.5
-1.99932,-0.5
-1.99932,-0.5
-1.99932,-0.5
-1.99932,-0.5
-1.99932,-0.5
-1.99931,-0.5
-1.99931,-0.5
-1.99931,-0.5
-1.99931,-0.5
-1.99931,-0.5
-1.99931,-0.5
-1.99931,-0.5
-1.99931,-0.5
-1.9993,-0.5
-1.9993,-0.5
-1.9993,-0.5
-1.9993,-0.5
-1.9993,-0.5
-1.9993,-0.5
-1.9993,-0.5
-1.9993,-0.5
-1.99929,-0.5
-1.99929,-0.5
-1.99929,-0.5
-1.99929,-0.5
-1.99929,-0.5
-1.99929,-0.5
-1.99929,-0.5
-1.99929,-0.5
-1.99929,-0.5
-1.99928,-0.5
-1.99928,-0.5
-1.99928,-0.5
-1.99928,-0.5
-1.99928,-0.5
-1.99928,-0.5
-1.99928,-0.5
-1.99928,-0.5
-1.99927,-0.5
-1.99927,-0.5
-1.99927,-0.5
-1.99927,-0.5
-1.99927,-0.5
-1.99927,-0.5
-1.99927,-0.5
-1.99927,-0.5
-1.99926,-0.5
-1.99926,-0.5
-1.99926,-0.5
-1.99926,-0.5
-1.99926,-0.5
-1.99926,-0.5
-1.99926,-0.5
-1.99926,-0.5
-1.99925,-0.5
-1.99925,-0.5
-1.99925,-0.5
-1.99925,-0.5
-1.99925,-0.5
-1.99925,-0.5
-1.99925,-0.5
-1.99925,-0.5
-1.99925,-0.5
-1.99924,-0.5
-1.99924,-0.5
-1.99924,-0.5
-1.99924,-0.5
-1.99924,-0.5
-1.99924,-0.5
-1.99924,-0.5
-1.99924,-0.5
-1.99923,-0.5
-1.99923,-0.5
-1.99923,-0.5
-1.99923,-0.5
-1.99923,-0.5
-1.99923,-0.5
-1.99923,-0.5
-1.99923,-0.5
-1.99922,-0.5
-1.99922,-0.5
-1.99922,-0.5
-1.99922,-0.5
-1.99922,-0.5
-1.99922,-0.5
-1.99922,-0.5
-1.99922,-0.5
-1.99921,-0.5
-1.99921,-0.5
-1.99921,-0.5
-1.99921,-0.5
-1.99921,-0.5
-1.99921,-0.5
-1.99921,-0.5
-1.99921,-0.5
-1.99921,-0.5
-1.9992,-0.5
-1.9992,-0.5
-1.9992,-0.5
-1.9992,-0.5
-1.9992,-0.5
-1.9992,-0.5
-1.9992,-0.5
-1.9992,-0.5
-1.99919,-0.5
-1.99919,-0.5
-1.99919,-0.5
-1.99919,-0.5
-1.99919,-0.5
-1.99919,-0.5
-1.99919,-0.5
-1.99919,-0.5
-1.99918,-0.5
-1.99918,-0.5
-1.99918,-0.5
-1.99918,-0.5
-1.99918,-0.5
-1.99918,-0.5
-1.99918,-0.5
-1.99918,-0.5
-1.99917,-0.5
-1.99917,-0.5
-1.99917,-0.5
-1.99917,-0.5
-1.99917,-0.5
-1.99917,-0.5
-1.99917,-0.5
-1.99917,-0.5
-1.99917,-0.5
-1.99916,-0.5
-1.99916,-0.5
-1.99916,-0.5
-1.99916,-0.5
-1.99916,-0.5
-1.99916,-0.5
-1.99916,-0.5
-1.99916,-0.5
-1.99915,-0.5
-1.99915,-0.5
-1.99915,-0.5
-1.99915,-0.5
-1.99915,-0.5
-1.99915,-0.5
-1.99915,-0.5
-1.99915,-0.5
-1.99914,-0.5
-1.99914,-0.5
-1.99914,-0.5
-1.99914,-0.5
-1.99914,-0.5
-1.99914,-0.5
-1.99914,-0.5
-1.99914,-0.5
-1.99914,-0.5
-1.99913,-0.5
-1.99913,-0.5
-1.99913,-0.5
-1.99913,-0.5
-1.99913,-0.5
-1.99913,-0.5
-1.99913,-0.5
-1.99913,-0.5
-1.99912,-0.5
-1.99912,-0.5
-1.99912,-0.5
-1.99912,-0.5
-1.99912,-0.5
-1.99912,-0.5
-1.99912,-0.5
-1.99912,-0.5
-1.99911,-0.5
-1.99911,-0.5
-1.99911,-0.5
-1.99911,-0.5
-1.99911,-0.5
-1.99911,-0.5
-1.99911,-0.5
-1.99911,-0.5
-1.9991,-0.5
-1.9991,-0.5
-1.9991,-0.5
-1.9991,-0.5
-1.9991,-0.5
-1.9991,-0.5
-1.9991,-0.5
-1.9991,-0.5
-1.9991,-0.5
-1.99909,-0.5
-1.99909,-0.5
-1.99909,-0.5
-1.99909,-0.5
-1.99909,-0.5
-1.99909,-0.5
-1.99909,-0.5
-1.99909,-0.5
-1.99908,-0.5
-1.99908,-0.5
-1.99908,-0.5
-1.99908,-0.5
-1.99908,-0.5
-1.99908,-0.5
-1.99908,-0.5
-1.99908,-0.5
-1.99907,-0.5
-1.99907,-0.5
-1.99907,-0.5
-1.99907,-0.5
-1.99907,-0.5
-1.99907,-0.5
-1.99907,-0.5
-1.99907,-0.5
-1.99906,-0.5
-1.99906,-0.5
-1.99906,-0.5
-1.99906,-0.5
-1.99906,-0.5
-1.99906,-0.5
-1.99906,-0.5
-1.99906,-0.5
-1.99906,-0.5
-1.99905,-0.5
-1.99905,-0.5
-1.99905,-0.5
-1.99905,-0.5
-1.99905,-0.5
-1.99905,-0.5
-1.99905,-0.5
-1.99905,-0.5
-1.99904,-0.5
-1.99904,-0.5
-1.99904,-0.5
-1.99904,-0.5
-1.99904,-0.5
-1.99904,-0.5
-1.99904,-0.5
-1.99904,-0.5
-1.99903,-0.5
-1.99903,-0.5
-1.99903,-0.5
-1.99903,-0.5
-1.99903,-0.5
-1.99903,-0.5
-1.99903,-0.5
-1.99903,-0.5
-1.99902,-0.5
-1.99902,-0.5
-1.99902,-0.5
-1.99902,-0.5
-1.99902,-0.5
-1.99902,-0.5
-1.99902,-0.5
-1.99902,-0.5
-1.99902,-0.5
-1.99901,-0.5
-1.99901,-0.5
-1.99901,-0.5
-1.99901,-0.5
-1.99901,-0.5
-1.99901,-0.5
-1.99901,-0.5
-1.99901,-0.5
-1.999,-0.5
-1.999,-0.5
-1.999,-0.5
-1.999,-0.5
-1.999,-0.5
-1.999,-0.5
-1.999,-0.5
-1.999,-0.5
-1.99899,-0.5
-1.99899,-0.5
-1.99899,-0.5
-1.99899,-0.5
-1.99899,-0.5
-1.99899,-0.5
-1.99899,-0.5
-1.99899,-0.5
-1.99898,-0.5
-1.99898,-0.5
-1.99898,-0.5
-1.99898,-0.5
-1.99898,-0.5
-1.99898,-0.5
-1.99898,-0.5
-1.99898,-0.5
-1.99898,-0.5
-1.99897,-0.5
-1.99897,-0.5
-1.99897,-0.5
-1.99897,-0.5
-1.99897,-0.5
-1.99897,-0.5
-1.99897,-0.5
-1.99897,-0.5
-1.99896,-0.5
-1.99896,-0.5
-1.99896,-0.5
-1.99896,-0.5
-1.99896,-0.5
-1.99896,-0.5
-1.99896,-0.5
-1.99896,-0.5
-1.99895,-0.5
-1.99895,-0.5
-1.99895,-0.5
-1.99895,-0.5
-1.99895,-0.5
-1.99895,-0.5
-1.99895,-0.5
-1.99895,-0.5
-1.99894,-0.5
-1.99894,-0.5
-1.99894,-0.5
-1.99894,-0.5
-1.99894,-0.5
-1.99894,-0.5
-1.99894,-0.5
-1.99894,-0.5
-1.99894,-0.5
-1.99893,-0.5
-1.99893,-0.5
-1.99893,-0.5
-1.99893,-0.5
-1.99893,-0.5
-1.99893,-0.5
-1.99893,-0.5
-1.99893,-0.5
-1.99892,-0.5
-1.99892,-0.5
-1.99892,-0.5
-1.99892,-0.5
-1.99892,-0.5
-1.99892,-0.5
-1.99892,-0.5
-1.99892,-0.5
-1.99891,-0.5
-1.99891,-0.5
-1.99891,-0.5
-1.99891,-0.5
-1.99891,-0.5
-1.99891,-0.5
-1.99891,-0.5
-1.99891,-0.5
-1.99891,-0.5
-1.9989,-0.5
-1.9989,-0.5
-1.9989,-0.5
-1.9989,-0.5
-1.9989,-0.5
-1.9989,-0.5
-1.9989,-0.5
-1.9989,-0.5
-1.99889,-0.5
-1.99889,-0.5
-1.99889,-0.5
-1.99889,-0.5
-1.99889,-0.5
-1.99889,-0.5
-1.99889,-0.5
-1.99889,-0.5
-1.99888,-0.5
-1.99888,-0.5
-1.99888,-0.5
-1.99888,-0.5
-1.99888,-0.5
-1.99888,-0.5
-1.99888,-0.5
-1.99888,-0.5
-1.99887,-0.5
-1.99887,-0.5
-1.99887,-0.5
-1.99887,-0.5
-1.99887,-0.5
-1.99887,-0.5
-1.99887,-0.5
-1.99887,-0.5
-1.99887,-0.5
-1.99886,-0.5
-1.99886,-0.5
-1.99886,-0.5
-1.99886,-0.5
-1.99886,-0.5
-1.99886,-0.5
-1.99886,-0.5
-1.99886,-0.5
-1.99885,-0.5
-1.99885,-0.5
-1.99885,-0.5
-1.99885,-0.5
-1.99885,-0.5
-1.99885,-0.5
-1.99885,-0.5
-1.99885,-0.5
-1.99884,-0.5
-1.99884,-0.5
-1.99884,-0.5
-1.99884,-0.5
-1.99884,-0.5
-1.99884,-0.5
-1.99884,-0.5
-1.99884,-0.5
-1.99883,-0.5
-1.99883,-0.5
-1.99883,-0.5
-1.99883,-0.5
-1.99883,-0.5
-1.99883,-0.5
-1.99883,-0.5
-1.99883,-0.5
-1.99883,-0.5
-1.99882,-0.5
-1.99882,-0.5
-1.99882,-0.5
-1.99882,-0.5
-1.99882,-0.5
-1.99882,-0.5
-1.99882,-0.5
-1.99882,-0.5
-1.99881,-0.5
-1.99881,-0.5
-1.99881,-0.5
-1.99881,-0.5
-1.99881,-0.5
-1.99881,-0.5
-1.99881,-0.5
-1.99881,-0.5
-1.9988,-0.5
-1.9988,-0.5
-1.9988,-0.5
-1.9988,-0.5
-1.9988,-0.5
-1.9988,-0.5
-1.9988,-0.5
-1.9988,-0.5
-1.99879,-0.5
-1.99879,-0.5
-1.99879,-0.5
-1.99879,-0.5
-1.99879,-0.5
-1.99879,-0.5
-1.99879,-0.5
-1.99879,-0.5
-1.99879,-0.5
-1.99878,-0.5
-1.99878,-0.5
-1.99878,-0.5
-1.99878,-0.5
-1.99878,-0.5
-1.99878,-0.5
-1.99878,-0.5
-1.99878,-0.5
-1.99877,-0.5
-1.99877,-0.5
-1.99877,-0.5
-1.99877,-0.5
-1.99877,-0.5
-1.99877,-0.5
-1.99877,-0.5
-1.99877,-0.5
-1.99876,-0.5
-1.99876,-0.5
-1.99876,-0.5
-1.99876,-0.5
-1.99876,-0.5
-1.99876,-0.5
-1.99876,-0.5
-1.99876,-0.5
-1.99875,-0.5
-1.99875,-0.5
-1.99875,-0.5
-1.99875,-0.5
-1.99875,-0.5
-1.99875,-0.5
-1.99875,-0.5
-1.99875,-0.5
-1.99875,-0.5
-1.99874,-0.5
-1.99874,-0.5
-1.99874,-0.5
-1.99874,-0.5
-1.99874,-0.5
-1.99874,-0.5
-1.99874,-0.5
-1.99874,-0.5
-1.99873,-0.5
-1.99873,-0.5
-1.99873,-0.5
-1.99873,-0.5
-1.99873,-0.5
-1.99873,-0.5
-1.99873,-0.5
-1.99873,-0.5
-1.99872,-0.5
-1.99872,-0.5
-1.99872,-0.5
-1.99872,-0.5
-1.99872,-0.5
-1.99872,-0.5
-1.99872,-0.5
-1.99872,-0.5
-1.99871,-0.5
-1.99871,-0.5
-1.99871,-0.5
-1.99871,-0.5
-1.99871,-0.5
-1.99871,-0.5
-1.99871,-0.5
-1.99871,-0.5
-1.99871,-0.5
-1.9987,-0.5
-1.9987,-0.5
-1.9987,-0.5
-1.9987,-0.5
-1.9987,-0.5
-1.9987,-0.5
-1.9987,-0.5
-1.9987,-0.5
-1.99869,-0.5
-1.99869,-0.5
-1.99869,-0.5
-1.99869,-0.5
-1.99869,-0.5
-1.99869,-0.5
-1.99869,-0.5
-1.99869,-0.5
-1.99868,-0.5
-1.99868,-0.5
-1.99868,-0.5
-1.99868,-0.5
-1.99868,-0.5
-1.99868,-0.5
-1.99868,-0.5
-1.99868,-0.5
-1.99868,-0.5
-1.99867,-0.5
-1.99867,-0.5
-1.99867,-0.5
-1.99867,-0.5
-1.99867,-0.5
-1.99867,-0.5
-1.99867,-0.5
-1.99867,-0.5
-1.99866,-0.5
-1.99866,-0.5
-1.99866,-0.5
-1.99866,-0.5
-1.99866,-0.5
-1.99866,-0.5
-1.99866,-0.5
-1.99866,-0.5
-1.99865,-0.5
-1.99865,-0.5
-1.99865,-0.5
-1.99865,-0.5
-1.99865,-0.5
-1.99865,-0.5
-1.99865,-0.5
-1.99865,-0.5
-1.99864,-0.5
-1.99864,-0.5
-1.99864,-0.5
-1.99864,-0.5
-1.99864,-0.5
-1.99864,-0.5
-1.99864,-0.5
-1.99864,-0.5
-1.99864,-0.5
-1.99863,-0.5
-1.99863,-0.5
-1.99863,-0.5
-1.99863,-0.5
-1.99863,-0.5
-1.99863,-0.5
-1.99863,-0.5
-1.99863,-0.5
-1.99862,-0.5
-1.99862,-0.5
-1.99862,-0.5
-1.99862,-0.5
-1.99862,-0.5
-1.99862,-0.5
-1.99862,-0.5
-1.99862,-0.5
-1.99861,-0.5
-1.99861,-0.5
-1.99861,-0.5
-1.99861,-0.5
-1.99861,-0.5
-1.99861,-0.5
-1.99861,-0.5
-1.99861,-0.5
-1.9986,-0.5
-1.9986,-0.5
-1.9986,-0.5
-1.9986,-0.5
-1.9986,-0.5
-1.9986,-0.5
-1.9986,-0.5
-1.9986,-0.5
-1.9986,-0.5
-1.99859,-0.5
-1.99859,-0.5
-1.99859,-0.5
-1.99859,-0.5
-1.99859,-0.5
-1.99859,-0.5
-1.99859,-0.5
-1.99859,-0.5
-1.99858,-0.5
-1.99858,-0.5
-1.99858,-0.5
-1.99858,-0.5
-1.99858,-0.5
-1.99858,-0.5
-1.99858,-0.5
-1.99858,-0.5
-1.99857,-0.5
-1.99857,-0.5
-1.99857,-0.5
-1.99857,-0.5
-1.99857,-0.5
-1.99857,-0.5
-1.99857,-0.5
-1.99857,-0.5
-1.99856,-0.5
-1.99856,-0.5
-1.99856,-0.5
-1.99856,-0.5
-1.99856,-0.5
-1.99856,-0.5
-1.99856,-0.5
-1.99856,-0.5
-1.99856,-0.5
-1.99855,-0.5
-1.99855,-0.5
-1.99855,-0.5
-1.99855,-0.5
-1.99855,-0.5
-1.99855,-0.499999
-1.99855,-0.5
-1.99855,-0.5
-1.99854,-0.5
-1.99854,-0.5
-1.99854,-0.5
-1.99854,-0.5
-1.99854,-0.5
-1.99854,-0.5
-1.99854,-0.5
-1.99854,-0.5
-1.99853,-0.5
-1.99853,-0.5
-1.99853,-0.5
-1.99853,-0.5
-1.99853,-0.5
-1.99853,-0.5
-1.99853,-0.5
-1.99853,-0.5
-1.99852,-0.5
-1.99852,-0.5
-1.99852,-0.5
-1.99852,-0.5
-1.99852,-0.5
-1.99852,-0.5
-1.99852,-0.5
-1.99852,-0.5
-1.99852,-0.5
-1.99851,-0.5
-1.99851,-0.5
-1.99851,-0.5
-1.99851,-0.5
-1.99851,-0.5
-1.99851,-0.5
-1.99851,-0.5
-1.99851,-0.5
-1.9985,-0.499999
-1.9985,-0.499999
-1.9985,-0.5
-1.9985,-0.5
-1.9985,-0.5
-1.9985,-0.5
-1.9985,-0.5
-1.9985,-0.5
-1.99849,-0.5
-1.99849,-0.5
-1.99849,-0.5
-1.99849,-0.5
-1.99849,-0.5
-1.99849,-0.499999
-1.99849,-0.499999
-1.99849,-0.5
-1.99848,-0.5
-1.99848,-0.5
-1.99848,-0.5
-1.99848,-0.5
-1.99848,-0.5
-1.99848,-0.5
-1.99848,-0.5
-1.99848,-0.5
-1.99848,-0.5
-1.99847,-0.5
-1.99847,-0.5
-1.99847,-0.5
-1.99847,-0.5
-1.99847,-0.5
-1.99847,-0.5
-1.99847,-0.5
-1.99847,-0.5
-1.99846,-0.5
-1.99846,-0.5
-1.99846,-0.5
-1.99846,-0.499999
-1.99846,-0.499999
-1.99846,-0.499999
-1.99846,-0.499999
-1.99846,-0.5
-1.99845,-0.5
-1.99845,-0.5
-1.99845,-0.5
-1.99845,-0.5
-1.99845,-0.5
-1.99845,-0.5
-1.99845,-0.5
-1.99845,-0.5
-1.99844,-0.499999
-1.99844,-0.499999
-1.99844,-0.499999
-1.99844,-0.5
-1.99844,-0.5
-1.99844,-0.5
-1.99844,-0.5
-1.99844,-0.5
-1.99844,-0.5
-1.99843,-0.5
-1.99843,-0.5
-1.99843,-0.5
-1.99843,-0.5
-1.99843,-0.5
-1.99843,-0.5
-1.99843,-0.5
-1.99843,-0.5
-1.99842,-0.5
-1.99842,-0.5
-1.99842,-0.5
-1.99842,-0.5
-1.99842,-0.5
-1.99842,-0.5
-1.99842,-0.5
-1.99842,-0.5
-1.99841,-0.5
-1.99841,-0.5
-1.99841,-0.5
-1.99841,-0.5
-1.99841,-0.5
-1.99841,-0.5
-1.99841,-0.5
-1.99841,-0.499999
-1.99841,-0.499999
-1.9984,-0.499999
-1.9984,-0.499999
-1.9984,-0.5
-1.9984,-0.5
-1.9984,-0.5
-1.9984,-0.5
-1.9984,-0.5
-1.9984,-0.5
-1.99839,-0.5
-1.99839,-0.5
-1.99839,-0.5
-1.99839,-0.5
-1.99839,-0.5
-1.99839,-0.5
-1.99839,-0.5
-1.99839,-0.5
-1.99838,-0.5
-1.99838,-0.5
-1.99838,-0.499999
-1.99838,-0.499999
-1.99838,-0.499999
-1.99838,-0.499999
-1.99838,-0.499999
-1.99838,-0.499999
-1.99837,-0.499999
-1.99837,-0.499999
-1.99837,-0.499999
-1.99837,-0.499999
-1.99837,-0.499999
-1.99837,-0.499999
-1.99837,-0.499999
-1.99837,-0.5
-1.99837,-0.5
-1.99836,-0.5
-1.99836,-0.5
-1.99836,-0.5
-1.99836,-0.499999
-1.99836,-0.499999
-1.99836,-0.499999
-1.99836,-0.499999
-1.99836,-0.499999
-1.99835,-0.5
-1.99835,-0.5
-1.99835,-0.5
-1.99835,-0.499999
-1.99835,-0.499999
-1.99835,-0.499999
-1.99835,-0.499999
-1.99835,-0.499999
-1.99834,-0.499999
-1.99834,-0.5
-1.99834,-0.5
-1.99834,-0.5
-1.99834,-0.499999
-1.99834,-0.499999
-1.99834,-0.499999
-1.99834,-0.499999
-1.99833,-0.499999
-1.99833,-0.499999
-1.99833,-0.5
-1.99833,-0.5
-1.99833,-0.5
-1.99833,-0.499999
-1.99833,-0.499999
-1.99833,-0.499999
-1.99833,-0.499999
-1.99832,-0.499999
-1.99832,-0.499999
-1.99832,-0.499999
-1.99832,-0.499999
-1.99832,-0.499999
-1.99832,-0.499999
-1.99832,-0.499999
-1.99832,-0.499999
-1.99831,-0.499999
-1.99831,-0.499999
-1.99831,-0.499999
-1.99831,-0.499999
-1.99831,-0.499999
-1.99831,-0.499999
-1.99831,-0.499999
-1.99831,-0.499999
-1.9983,-0.5
-1.9983,-0.5
-1.9983,-0.5
-1.9983,-0.499999
-1.9983,-0.499999
-1.9983,-0.499999
-1.9983,-0.499999
-1.9983,-0.499999
-1.99829,-0.499999
-1.99829,-0.499999
-1.99829,-0.499999
-1.99829,-0.499999
-1.99829,-0.499999
-1.99829,-0.499999
-1.99829,-0.499999
-1.99829,-0.499999
-1.99829,-0.499999
-1.99828,-0.499999
-1.99828,-0.5
-1.99828,-0.5
-1.99828,-0.5
-1.99828,-0.5
-1.99828,-0.499999
-1.99828,-0.499999
-1.99828,-0.499999
-1.99827,-0.499999
-1.99827,-0.499999
-1.99827,-0.499999
-1.99827,-0.499999
-1.99827,-0.499999
-1.99827,-0.499999
-1.99827,-0.5
-1.99827,-0.499999
-1.99826,-0.499999
-1.99826,-0.499999
-1.99826,-0.499999
-1.99826,-0.499999
-1.99826,-0.499999
-1.99826,-0.499999
-1.99826,-0.5
-1.99826,-0.5
-1.99826,-0.499999
-1.99825,-0.499999
-1.99825,-0.499999
-1.99825,-0.499999
-1.99825,-0.499999
-1.99825,-0.499999
-1.99825,-0.499999
-1.99825,-0.499999
-1.99825,-0.499999
-1.99824,-0.499999
-1.99824,-0.499999
-1.99824,-0.499999
-1.99824,-0.499999
-1.99824,-0.499999
-1.99824,-0.499999
-1.99824,-0.499999
-1.99824,-0.499999
-1.99823,-0.499999
-1.99823,-0.499999
-1.99823,-0.499999
-1.99823,-0.499999
-1.99823,-0.499999
-1.99823,-0.499999
-1.99823,-0.5
-1.99823,-0.5
-1.99822,-0.499999
-1.99822,-0.499999
-1.99822,-0.499999
-1.99822,-0.499999
-1.99822,-0.499999
-1.99822,-0.499999
-1.99822,-0.499999
-1.99822,-0.499999
-1.99822,-0.499999
-1.99821,-0.499999
-1.99821,-0.499999
-1.99821,-0.499999
-1.99821,-0.499999
-1.99821,-0.499999
-1.99821,-0.499999
-1.99821,-0.499999
-1.99821,-0.499999
-1.9982,-0.499999
-1.9982,-0.499999
-1.9982,-0.499999
-1.9982,-0.499999
-1.9982,-0.499999
-1.9982,-0.499999
-1.9982,-0.499999
-1.9982,-0.499999
-1.99819,-0.499999
-1.99819,-0.499999
-1.99819,-0.499999
-1.99819,-0.499999
-1.99819,-0.499999
-1.99819,-0.499999
-1.99819,-0.499999
-1.99819,-0.499999
-1.99818,-0.499999
-1.99818,-0.499999
-1.99818,-0.499999
-1.99818,-0.499999
-1.99818,-0.499999
-1.99818,-0.499999
-1.99818,-0.499999
-1.99818,-0.499999
-1.99818,-0.499999
-1.99817,-0.499999
-1.99817,-0.5
-1.99817,-0.499999
-1.99817,-0.499999
-1.99817,-0.499999
-1.99817,-0.499999
-1.99817,-0.499999
-1.99817,-0.499999
-1.99816,-0.499999
-1.99816,-0.499999
-1.99816,-0.499999
-1.99816,-0.499999
-1.99816,-0.499999
-1.99816,-0.499999
-1.99816,-0.499999
-1.99816,-0.499999
-1.99815,-0.499999
-1.99815,-0.499999
-1.99815,-0.499999
-1.99815,-0.499999
-1.99815,-0.499999
-1.99815,-0.499999
-1.99815,-0.499999
-1.99815,-0.499999
-1.99814,-0.499999
-1.99814,-0.499999
-1.99814,-0.499999
-1.99814,-0.499999
-1.99814,-0.499999
-1.99814,-0.499999
-1.99814,-0.499999
-1.99814,-0.499999
-1.99814,-0.499999
-1.99813,-0.499999
-1.99813,-0.499999
-1.99813,-0.499999
-1.99813,-0.499999
-1.99813,-0.499999
-1.99813,-0.499999
-1.99813,-0.499999
-1.99813,-0.499999
-1.99812,-0.499999
-1.99812,-0.499999
-1.99812,-0.499999
-1.99812,-0.499999
-1.99812,-0.499999
-1.99812,-0.499999
-1.99812,-0.499999
-1.99812,-0.499999
-1.99811,-0.499999
-1.99811,-0.499999
-1.99811,-0.499999
-1.99811,-0.499999
-1.99811,-0.499999
-1.99811,-0.499999
-1.99811,-0.499999
-1.99811,-0.499999
-1.9981,-0.499999
-1.9981,-0.499999
-1.9981,-0.499999
-1.9981,-0.499999
-1.9981,-0.499999
-1.9981,-0.499999
-1.9981,-0.499999
-1.9981,-0.499999
-1.9981,-0.499999
-1.99809,-0.499999
-1.99809,-0.499999
-1.99809,-0.499999
-1.99809,-0.499999
-1.99809,-0.499999
-1.99809,-0.499999
-1.99809,-0.499999
-1.99809,-0.499999
-1.99808,-0.499999
-1.99808,-0.499999
-1.99808,-0.499999
-1.99808,-0.499999
-1.99808,-0.499999
-1.99808,-0.499999
-1.99808,-0.499999
-1.99808,-0.499999
-1.99807,-0.499999
-1.99807,-0.499999
-1.99807,-0.499999
-1.99807,-0.499999
-1.99807,-0.499999
-1.99807,-0.499999
-1.99807,-0.499999
-1.99807,-0.499999
-1.99806,-0.499999
-1.99806,-0.499999
-1.99806,-0.499999
-1.99806,-0.499999
-1.99806,-0.499999
-1.99806,-0.499999
-1.99806,-0.499999
-1.99806,-0.499999
-1.99806,-0.499999
-1.99805,-0.499999
-1.99805,-0.499999
-1.99805,-0.499999
-1.99805,-0.499999
-1.99805,-0.499999
-1.99805,-0.499999
-1.99805,-0.499999
-1.99805,-0.499999
-1.99804,-0.499999
-1.99804,-0.499999
-1.99804,-0.499999
-1.99804,-0.499999
-1.99804,-0.499999
-1.99804,-0.499999
-1.99804,-0.499999
-1.99804,-0.499999
-1.99803,-0.499999
-1.99803,-0.499999
-1.99803,-0.499999
-1.99803,-0.499999
-1.99803,-0.499999
-1.99803,-0.499999
-1.99803,-0.499999
-1.99803,-0.499999
-1.99802,-0.499999
-1.99802,-0.499999
-1.99802,-0.499999
-1.99802,-0.499999
-1.99802,-0.499999
-1.99802,-0.499999
-1.99802,-0.499999
-1.99802,-0.499999
-1.99802,-0.499999
-1.99801,-0.499999
-1.99801,-0.499999
-1.99801,-0.499999
-1.99801,-0.499999
-1.99801,-0.499999
-1.99801,-0.499999
-1.99801,-0.499999
-1.99801,-0.499999
-1.998,-0.499999
-1.998,-0.499999
-1.998,-0.499999
-1.998,-0.499999
-1.998,-0.499999
-1.998,-0.499999
-1.998,-0.499999
-1.998,-0.499999
-1.99799,-0.499999
-1.99799,-0.499999
-1.99799,-0.499999
-1.99799,-0.499999
-1.99799,-0.499999
-1.99799,-0.499999
-1.99799,-0.499999
-1.99799,-0.499999
-1.99798,-0.499999
-1.99798,-0.499999
-1.99798,-0.499999
-1.99798,-0.499999
-1.99798,-0.499999
-1.99798,-0.499999
-1.99798,-0.499999
-1.99798,-0.499999
-1.99798,-0.499999
-1.99797,-0.499999
-1.99797,-0.499999
-1.99797,-0.499999
-1.99797,-0.499999
-1.99797,-0.499999
-1.99797,-0.499999
-1.99797,-0.499999
-1.99797,-0.499999
-1.99796,-0.499999
-1.99796,-0.499999
-1.99796,-0.499999
-1.99796,-0.499999
-1.99796,-0.499999
-1.99796,-0.499999
-1.99796,-0.499999
-1.99796,-0.499999
-1.99795,-0.499999
-1.99795,-0.499999
-1.99795,-0.499999
-1.99795,-0.499999
-1.99795,-0.499999
-1.99795,-0.499999
-1.99795,-0.499999
-1.99795,-0.499999
-1.99795,-0.499999
-1.99794,-0.499999
-1.99794,-0.499999
-1.99794,-0.499999
-1.99794,-0.499999
-1.99794,-0.499999
-1.99794,-0.499999
-1.99794,-0.499999
-1.99794,-0.499999
-1.99793,-0.499999
-1.99793,-0.499999
-1.99793,-0.499999
-1.99793,-0.499999
-1.99793,-0.499999
-1.99793,-0.499999
-1.99793,-0.499999
-1.99793,-0.499999
-1.99792,-0.499999
-1.99792,-0.499999
-1.99792,-0.499999
-1.99792,-0.499999
-1.99792,-0.499999
-1.99792,-0.499999
-1.99792,-0.499999
-1.99792,-0.499999
-1.99791,-0.499999
-1.99791,-0.499999
-1.99791,-0.499999
-1.99791,-0.499999
-1.99791,-0.499999
-1.99791,-0.499999
-1.99791,-0.499999
-1.99791,-0.499999
-1.99791,-0.499999
-1.9979,-0.499999
-1.9979,-0.499999
-1.9979,-0.499999
-1.9979,-0.499999
-1.9979,-0.499999
-1.9979,-0.499999
-1.9979,-0.499999
-1.9979,-0.499999
-1.99789,-0.499999
-1.99789,-0.499999
-1.99789,-0.499999
-1.99789,-0.499999
-1.99789,-0.499999
-1.99789,-0.499999
-1.99789,-0.499999
-1.99789,-0.499999
-1.99788,-0.499999
-1.99788,-0.499999
-1.99788,-0.499999
-1.99788,-0.499999
-1.99788,-0.499999
-1.99788,-0.499999
-1.99788,-0.499999
-1.99788,-0.499999
-1.99787,-0.499999
-1.99787,-0.499999
-1.99787,-0.499999
-1.99787,-0.499999
-1.99787,-0.499999
-1.99787,-0.499999
-1.99787,-0.499999
-1.99787,-0.499999
-1.99787,-0.499999
-1.99786,-0.499999
-1.99786,-0.499999
-1.99786,-0.499999
-1.99786,-0.499999
-1.99786,-0.499999
-1.99786,-0.499999
-1.99786,-0.499999
-1.99786,-0.499999
-1.99785,-0.499999
-1.99785,-0.499999
-1.99785,-0.499999
-1.99785,-0.499999
-1.99785,-0.499999
-1.99785,-0.499999
-1.99785,-0.499999
-1.99785,-0.499999
-1.99784,-0.499999
-1.99784,-0.499999
-1.99784,-0.499999
-1.99784,-0.499999
-1.99784,-0.499999
-1.99784,-0.499999
-1.99784,-0.499999
-1.99784,-0.499999
-1.99783,-0.499999
-1.99783,-0.499999
-1.99783,-0.499999
-1.99783,-0.499999
-1.99783,-0.499999
-1.99783,-0.499999
-1.99783,-0.499999
-1.99783,-0.499999
-1.99783,-0.499999
-1.99782,-0.499999
-1.99782,-0.499999
-1.99782,-0.499999
-1.99782,-0.499999
-1.99782,-0.499999
-1.99782,-0.499999
-1.99782,-0.499999
-1.99782,-0.499999
-1.99781,-0.499999
-1.99781,-0.499999
-1.99781,-0.499999
-1.99781,-0.499999
-1.99781,-0.499999
-1.99781,-0.499999
-1.99781,-0.499999
-1.99781,-0.499999
-1.9978,-0.499999
-1.9978,-0.499999
-1.9978,-0.499999
-1.9978,-0.499999
-1.9978,-0.499999
-1.9978,-0.499999
-1.9978,-0.499999
-1.9978,-0.499999
-1.9978,-0.499999
-1.99779,-0.499999
-1.99779,-0.499999
-1.99779,-0.499999
-1.99779,-0.499999
-1.99779,-0.499999
-1.99779,-0.499999
-1.99779,-0.499999
-1.99779,-0.499999
-1.99778,-0.499999
-1.99778,-0.499999
-1.99778,-0.499999
-1.99778,-0.499999
-1.99778,-0.499999
-1.99778,-0.499999
-1.99778,-0.499999
-1.99778,-0.499999
-1.99777,-0.499999
-1.99777,-0.499999
-1.99777,-0.499999
-1.99777,-0.499999
-1.99777,-0.499999
-1.99777,-0.499999
-1.99777,-0.499999
-1.99777,-0.499999
-1.99776,-0.499999
-1.99776,-0.499999
-1.99776,-0.499999
-1.99776,-0.499999
-1.99776,-0.499999
-1.99776,-0.499999
-1.99776,-0.499999
-1.99776,-0.499999
-1.99775,-0.499999
-1.99775,-0.499999
-1.99775,-0.499999
-1.99775,-0.499999
-1.99775,-0.499999
-1.99775,-0.499999
-1.99775,-0.499999
-1.99775,-0.499999
-1.99775,-0.499999
-1.99774,-0.499999
-1.99774,-0.499999
-1.99774,-0.499999
-1.99774,-0.499999
-1.99774,-0.499999
-1.99774,-0.499999
-1.99774,-0.499999
-1.99774,-0.499999
-1.99773,-0.499999
-1.99773,-0.499999
-1.99773,-0.499999
-1.99773,-0.499999
-1.99773,-0.499999
-1.99773,-0.499999
-1.99773,-0.499999
-1.99773,-0.499999
-1.99772,-0.499999
-1.99772,-0.499999
-1.99772,-0.499999
-1.99772,-0.499999
-1.99772,-0.499999
-1.99772,-0.499999
-1.99772,-0.499999
-1.99772,-0.499999
-1.99772,-0.499999
-1.99771,-0.499999
-1.99771,-0.499999
-1.99771,-0.499999
-1.99771,-0.499999
-1.99771,-0.499999
-1.99771,-0.499999
-1.99771,-0.499999
-1.99771,-0.499999
-1.9977,-0.499999
-1.9977,-0.499999
-1.9977,-0.499999
-1.9977,-0.499999
-1.9977,-0.499999
-1.9977,-0.499999
-1.9977,-0.499999
-1.9977,-0.499999
-1.99769,-0.499999
-1.99769,-0.499999
-1.99769,-0.499999
-1.99769,-0.499999
-1.99769,-0.499999
-1.99769,-0.499999
-1.99769,-0.499999
-1.99769,-0.499999
-1.99768,-0.499999
-1.99768,-0.499999
-1.99768,-0.499999
-1.99768,-0.499999
-1.99768,-0.499999
-1.99768,-0.499999
-1.99768,-0.499999
-1.99768,-0.499999
-1.99768,-0.499999
-1.99767,-0.499999
-1.99767,-0.499999
-1.99767,-0.499999
-1.99767,-0.499999
-1.99767,-0.499999
-1.99767,-0.499999
-1.99767,-0.499999
-1.99767,-0.499999
-1.99766,-0.499999
-1.99766,-0.499999
-1.99766,-0.499999
-1.99766,-0.499999
-1.99766,-0.499999
-1.99766,-0.499999
-1.99766,-0.499999
-1.99766,-0.499999
-1.99765,-0.499999
-1.99765,-0.499999
-1.99765,-0.499999
-1.99765,-0.499999
-1.99765,-0.499999
-1.99765,-0.499999
-1.99765,-0.499999
-1.99765,-0.499999
-1.99764,-0.499999
-1.99764,-0.499999
-1.99764,-0.499999
-1.99764,-0.499999
-1.99764,-0.499998
-1.99764,-0.499998
-1.99764,-0.499999
-1.99764,-0.499999
-1.99764,-0.499999
-1.99763,-0.499999
-1.99763,-0.499999
-1.99763,-0.499999
-1.99763,-0.499999
-1.99763,-0.499999
-1.99763,-0.499999
-1.99763,-0.499999
-1.99763,-0.499999
-1.99762,-0.499999
-1.99762,-0.499999
-1.99762,-0.499998
-1.99762,-0.499998
-1.99762,-0.499998
-1.99762,-0.499999
-1.99762,-0.499999
-1.99762,-0.499999
-1.99761,-0.499999
-1.99761,-0.499999
-1.99761,-0.499999
-1.99761,-0.499999
-1.99761,-0.499999
-1.99761,-0.499999
-1.99761,-0.499999
-1.99761,-0.499998
-1.9976,-0.499998
-1.9976,-0.499998
-1.9976,-0.499998
-1.9976,-0.499998
-1.9976,-0.499999
-1.9976,-0.499999
-1.9976,-0.499999
-1.9976,-0.499999
-1.9976,-0.499999
-1.99759,-0.499999
-1.99759,-0.499999
-1.99759,-0.499999
-1.99759,-0.499998
-1.99759,-0.499998
-1.99759,-0.499998
-1.99759,-0.499999
-1.99759,-0.499999
-1.99758,-0.499999
-1.99758,-0.499999
-1.99758,-0.499998
-1.99758,-0.499998
-1.99758,-0.499998
-1.99758,-0.499998
-1.99758,-0.499998
-1.99758,-0.499998
-1.99757,-0.499998
-1.99757,-0.499998
-1.99757,-0.499999
-1.99757,-0.499999
-1.99757,-0.499999
-1.99757,-0.499999
-1.99757,-0.499999
-1.99757,-0.499998
-1.99756,-0.499998
-1.99756,-0.499998
-1.99756,-0.499998
-1.99756,-0.499998
-1.99756,-0.499999
-1.99756,-0.499999
-1.99756,-0.499999
-1.99756,-0.499999
-1.99756,-0.499999
-1.99755,-0.499998
-1.99755,-0.499998
-1.99755,-0.499998
-1.99755,-0.499998
-1.99755,-0.499998
-1.99755,-0.499999
-1.99755,-0.499999
-1.99755,-0.499999
-1.99754,-0.499999
-1.99754,-0.499999
-1.99754,-0.499998
-1.99754,-0.499998
-1.99754,-0.499998
-1.99754,-0.499998
-1.99754,-0.499999
-1.99754,-0.499998
-1.99753,-0.499998
-1.99753,-0.499998
-1.99753,-0.499998
-1.99753,-0.499998
-1.99753,-0.499998
-1.99753,-0.499998
-1.99753,-0.499999
-1.99753,-0.499998
-1.99753,-0.499998
-1.99752,-0.499998
-1.99752,-0.499998
-1.99752,-0.499998
-1.99752,-0.499998
-1.99752,-0.499998
-1.99752,-0.499999
-1.99752,-0.499999
-1.99752,-0.499999
-1.99751,-0.499999
-1.99751,-0.499999
-1.99751,-0.499999
-1.99751,-0.499999
-1.99751,-0.499998
-1.99751,-0.499998
-1.99751,-0.499998
-1.99751,-0.499998
-1.9975,-0.499998
-1.9975,-0.499998
-1.9975,-0.499998
-1.9975,-0.499998
-1.9975,-0.499998
-1.9975,-0.499998
-1.9975,-0.499998
-1.9975,-0.499998
-1.99749,-0.499998
-1.99749,-0.499998
-1.99749,-0.499999
-1.99749,-0.499999
-1.99749,-0.499999
-1.99749,-0.499998
-1.99749,-0.499998
-1.99749,-0.499998
-1.99749,-0.499998
-1.99748,-0.499998
-1.99748,-0.499998
-1.99748,-0.499998
-1.99748,-0.499998
-1.99748,-0.499998
-1.99748,-0.499998
-1.99748,-0.499998
-1.99748,-0.499998
-1.99747,-0.499998
-1.99747,-0.499998
-1.99747,-0.499998
-1.99747,-0.499998
-1.99747,-0.499998
-1.99747,-0.499998
-1.99747,-0.499998
-1.99747,-0.499998
-1.99746,-0.499998
-1.99746,-0.499998
-1.99746,-0.499998
-1.99746,-0.499999
-1.99746,-0.499998
-1.99746,-0.499998
-1.99746,-0.499998
-1.99746,-0.499998
-1.99745,-0.499998
-1.99745,-0.499998
-1.99745,-0.499998
-1.99745,-0.499998
-1.99745,-0.499998
-1.99745,-0.499998
-1.99745,-0.499998
-1.99745,-0.499998
-1.99745,-0.499998
-1.99744,-0.499998
-1.99744,-0.499998
-1.99744,-0.499998
-1.99744,-0.499998
-1.99744,-0.499998
-1.99744,-0.499998
-1.99744,-0.499998
-1.99744,-0.499998
-1.99743,-0.499998
-1.99743,-0.499998
-1.99743,-0.499998
-1.99743,-0.499998
-1.99743,-0.499998
-1.99743,-0.499998
-1.99743,-0.499998
-1.99743,-0.499998
-1.99742,-0.499998
-1.99742,-0.499998
-1.99742,-0.499998
-1.99742,-0.499998
-1.99742,-0.499998
-1.99742,-0.499998
-1.99742,-0.499998
-1.99742,-0.499998
-1.99741,-0.499998
-1.99741,-0.499998
-1.99741,-0.499998
-1.99741,-0.499998
-1.99741,-0.499998
-1.99741,-0.499998
-1.99741,-0.499998
-1.99741,-0.499998
-1.99741,-0.499998
-1.9974,-0.499998
-1.9974,-0.499998
-1.9974,-0.499998
-1.9974,-0.499998
-1.9974,-0.499998
-1.9974,-0.499998
-1.9974,-0.499998
-1.9974,-0.499998
-1.99739,-0.499998
-1.99739,-0.499998
-1.99739,-0.499998
-1.99739,-0.499998
-1.99739,-0.499998
-1.99739,-0.499998
-1.99739,-0.499998
-1.99739,-0.499998
-1.99738,-0.499998
-1.99738,-0.499998
-1.99738,-0.499998
-1.99738,-0.499998
-1.99738,-0.499998
-1.99738,-0.499998
-1.99738,-0.499998
-1.99738,-0.499998
-1.99738,-0.499998
-1.99737,-0.499998
-1.99737,-0.499998
-1.99737,-0.499998
-1.99737,-0.499998
-1.99737,-0.499998
-1.99737,-0.499998
-1.99737,-0.499998
-1.99737,-0.499998
-1.99736,-0.499998
-1.99736,-0.499998
-1.99736,-0.499998
-1.99736,-0.499998
-1.99736,-0.499998
-1.99736,-0.499998
-1.99736,-0.499998
-1.99736,-0.499998
-1.99735,-0.499998
-1.99735,-0.499998
-1.99735,-0.499998
-1.99735,-0.499998
-1.99735,-0.499998
-1.99735,-0.499998
-1.99735,-0.499998
-1.99735,-0.499998
-1.99734,-0.499998
-1.99734,-0.499998
-1.99734,-0.499998
-1.99734,-0.499998
-1.99734,-0.499998
-1.99734,-0.499998
-1.99734,-0.499998
-1.99734,-0.499998
-1.99734,-0.499998
-1.99733,-0.499998
-1.99733,-0.499998
-1.99733,-0.499998
-1.99733,-0.499998
-1.99733,-0.499998
-1.99733,-0.499998
-1.99733,-0.499998
-1.99733,-0.499998
-1.99732,-0.499998
-1.99732,-0.499998
-1.99732,-0.499998
-1.99732,-0.499998
-1.99732,-0.499998
-1.99732,-0.499998
-1.99732,-0.499998
-1.99732,-0.499998
-1.99731,-0.499998
-1.99731,-0.499998
-1.99731,-0.499998
-1.99731,-0.499998
-1.99731,-0.499998
-1.99731,-0.499998
-1.99731,-0.499998
-1.99731,-0.499998
-1.9973,-0.499998
-1.9973,-0.499998
-1.9973,-0.499998
-1.9973,-0.499998
-1.9973,-0.499998
-1.9973,-0.499998
-1.9973,-0.499998
-1.9973,-0.499998
-1.9973,-0.499998
-1.99729,-0.499998
-1.99729,-0.499998
-1.99729,-0.499998
-1.99729,-0.499998
-1.99729,-0.499998
-1.99729,-0.499998
-1.99729,-0.499998
-1.99729,-0.499998
-1.99728,-0.499998
-1.99728,-0.499998
-1.99728,-0.499998
-1.99728,-0.499998
-1.99728,-0.499998
-1.99728,-0.499998
-1.99728,-0.499998
-1.99728,-0.499998
-1.99727,-0.499998
-1.99727,-0.499998
-1.99727,-0.499998
-1.99727,-0.499998
-1.99727,-0.499998
-1.99727,-0.499998
-1.99727,-0.499998
-1.99727,-0.499998
-1.99726,-0.499998
-1.99726,-0.499998
-1.99726,-0.499998
-1.99726,-0.499998
-1.99726,-0.499998
-1.99726,-0.499998
-1.99726,-0.499998
-1.99726,-0.499998
-1.99726,-0.499998
-1.99725,-0.499998
-1.99725,-0.499998
-1.99725,-0.499998
-1.99725,-0.499998
-1.99725,-0.499998
-1.99725,-0.499998
-1.99725,-0.499998
-1.99725,-0.499998
-1.99724,-0.499998
-1.99724,-0.499998
-1.99724,-0.499998
-1.99724,-0.499998
-1.99724,-0.499998
-1.99724,-0.499998
-1.99724,-0.499998
-1.99724,-0.499998
-1.99723,-0.499998
-1.99723,-0.499998
-1.99723,-0.499998
-1.99723,-0.499998
-1.99723,-0.499998
-1.99723,-0.499998
-1.99723,-0.499998
-1.99723,-0.499998
-1.99722,-0.499998
-1.99722,-0.499998
-1.99722,-0.499998
-1.99722,-0.499998
-1.99722,-0.499998
-1.99722,-0.499998
-1.99722,-0.499998
-1.99722,-0.499998
-1.99722,-0.499998
-1.99721,-0.499998
-1.99721,-0.499998
-1.99721,-0.499998
-1.99721,-0.499998
-1.99721,-0.499998
-1.99721,-0.499998
-1.99721,-0.499998
-1.99721,-0.499998
-1.9972,-0.499998
-1.9972,-0.499998
-1.9972,-0.499998
-1.9972,-0.499998
-1.9972,-0.499998
-1.9972,-0.499998
-1.9972,-0.499998
-1.9972,-0.499998
-1.99719,-0.499998
-1.99719,-0.499998
-1.99719,-0.499998
-1.99719,-0.499998
-1.99719,-0.499998
-1.99719,-0.499998
-1.99719,-0.499998
-1.99719,-0.499998
-1.99718,-0.499998
-1.99718,-0.499998
-1.99718,-0.499998
-1.99718,-0.499998
-1.99718,-0.499998
-1.99718,-0.499998
-1.99718,-0.499998
-1.99718,-0.499998
-1.99718,-0.499998
-1.99717,-0.499998
-1.99717,-0.499998
-1.99717,-0.499998
-1.99717,-0.499998
-1.99717,-0.499998
-1.99717,-0.499998
-1.99717,-0.499998
-1.99717,-0.499998
-1.99716,-0.499998
-1.99716,-0.499998
-1.99716,-0.499998
-1.99716,-0.499998
-1.99716,-0.499998
-1.99716,-0.499998
-1.99716,-0.499998
-1.99716,-0.499998
-1.99715,-0.499998
-1.99715,-0.499998
-1.99715,-0.499998
-1.99715,-0.499998
-1.99715,-0.499998
-1.99715,-0.499998
-1.99715,-0.499998
-1.99715,-0.499998
-1.99715,-0.499998
-1.99714,-0.499998
-1.99714,-0.499998
-1.99714,-0.499998
-1.99714,-0.499998
-1.99714,-0.499998
-1.99714,-0.499998
-1.99714,-0.499998
-1.99714,-0.499998
-1.99713,-0.499998
-1.99713,-0.499998
-1.99713,-0.499998
-1.99713,-0.499998
-1.99713,-0.499998
-1.99713,-0.499998
-1.99713,-0.499998
-1.99713,-0.499998
-1.99712,-0.499998
-1.99712,-0.499998
-1.99712,-0.499998
-1.99712,-0.499998
-1.99712,-0.499998
-1.99712,-0.499998
-1.99712,-0.499998
-1.99712,-0.499998
-1.99711,-0.499998
-1.99711,-0.499998
-1.99711,-0.499998
-1.99711,-0.499998
-1.99711,-0.499998
-1.99711,-0.499998
-1.99711,-0.499998
-1.99711,-0.499998
-1.99711,-0.499998
-1.9971,-0.499998
-1.9971,-0.499998
-1.9971,-0.499998
-1.9971,-0.499998
-1.9971,-0.499998
-1.9971,-0.499998
-1.9971,-0.499998
-1.9971,-0.499998
-1.99709,-0.499998
-1.99709,-0.499998
-1.99709,-0.499998
-1.99709,-0.499998
-1.99709,-0.499998
-1.99709,-0.499998
-1.99709,-0.499998
-1.99709,-0.499998
-1.99708,-0.499998
-1.99708,-0.499998
-1.99708,-0.499998
-1.99708,-0.499998
-1.99708,-0.499998
-1.99708,-0.499998
-1.99708,-0.499998
-1.99708,-0.499998
-1.99707,-0.499998
-1.99707,-0.499998
-1.99707,-0.499998
-1.99707,-0.499998
-1.99707,-0.499998
-1.99707,-0.499998
-1.99707,-0.499998
-1.99707,-0.499998
-1.99707,-0.499998
-1.99706,-0.499998
-1.99706,-0.499998
-1.99706,-0.499998
-1.99706,-0.499998
-1.99706,-0.499998
-1.99706,-0.499998
-1.99706,-0.499998
-1.99706,-0.499998
-1.99705,-0.499998
-1.99705,-0.499998
-1.99705,-0.499998
-1.99705,-0.499998
-1.99705,-0.499998
-1.99705,-0.499998
-1.99705,-0.499998
-1.99705,-0.499998
-1.99704,-0.499998
-1.99704,-0.499998
-1.99704,-0.499998
-1.99704,-0.499998
-1.99704,-0.499998
-1.99704,-0.499998
-1.99704,-0.499998
-1.99704,-0.499998
-1.99703,-0.499998
-1.99703,-0.499998
-1.99703,-0.499998
-1.99703,-0.499998
-1.99703,-0.499998
-1.99703,-0.499998
-1.99703,-0.499998
-1.99703,-0.499998
-1.99703,-0.499998
-1.99702,-0.499998
-1.99702,-0.499998
-1.99702,-0.499998
-1.99702,-0.499998
-1.99702,-0.499998
-1.99702,-0.499998
-1.99702,-0.499998
-1.99702,-0.499998
-1.99701,-0.499998
-1.99701,-0.499998
-1.99701,-0.499998
-1.99701,-0.499998
-1.99701,-0.499997
-1.99701,-0.499998
-1.99701,-0.499998
-1.99701,-0.499998
-1.997,-0.499998
-1.997,-0.499998
-1.997,-0.499998
-1.997,-0.499998
-1.997,-0.499998
-1.997,-0.499998
-1.997,-0.499998
-1.997,-0.499998
-1.997,-0.499997
-1.99699,-0.499997
-1.99699,-0.499997
-1.99699,-0.499997
-1.99699,-0.499998
-1.99699,-0.499998
-1.99699,-0.499998
-1.99699,-0.499998
-1.99699,-0.499998
-1.99698,-0.499998
-1.99698,-0.499998
-1.99698,-0.499998
-1.99698,-0.499998
-1.99698,-0.499998
-1.99698,-0.499998
-1.99698,-0.499998
-1.99698,-0.499998
-1.99697,-0.499998
-1.99697,-0.499998
-1.99697,-0.499998
-1.99697,-0.499998
-1.99697,-0.499998
-1.99697,-0.499998
-1.99697,-0.499998
-1.99697,-0.499997
-1.99696,-0.499997
-1.99696,-0.499998
-1.99696,-0.499997
-1.99696,-0.499997
-1.99696,-0.499997
-1.99696,-0.499997
-1.99696,-0.499997
-1.99696,-0.499997
-1.99696,-0.499997
-1.99695,-0.499997
-1.99695,-0.499998
-1.99695,-0.499998
-1.99695,-0.499998
-1.99695,-0.499997
-1.99695,-0.499997
-1.99695,-0.499997
-1.99695,-0.499997
-1.99694,-0.499997
-1.99694,-0.499997
-1.99694,-0.499997
-1.99694,-0.499998
-1.99694,-0.499998
-1.99694,-0.499998
-1.99694,-0.499998
-1.99694,-0.499998
-1.99693,-0.499997
-1.99693,-0.499997
-1.99693,-0.499997
-1.99693,-0.499997
-1.99693,-0.499997
-1.99693,-0.499997
-1.99693,-0.499997
-1.99693,-0.499997
-1.99692,-0.499997
-1.99692,-0.499997
-1.99692,-0.499998
-1.99692,-0.499998
-1.99692,-0.499997
-1.99692,-0.499997
-1.99692,-0.499997
-1.99692,-0.499997
-1.99692,-0.499997
-1.99691,-0.499997
-1.99691,-0.499997
-1.99691,-0.499997
-1.99691,-0.499997
-1.99691,-0.499997
-1.99691,-0.499997
-1.99691,-0.499997
-1.99691,-0.499997
-1.9969,-0.499997
-1.9969,-0.499997
-1.9969,-0.499997
-1.9969,-0.499997
-1.9969,-0.499997
-1.9969,-0.499997
-1.9969,-0.499997
-1.9969,-0.499997
-1.99689,-0.499997
-1.99689,-0.499997
-1.99689,-0.499997
-1.99689,-0.499997
-1.99689,-0.499997
-1.99689,-0.499997
-1.99689,-0.499997
-1.99689,-0.499997
-1.99688,-0.499997
-1.99688,-0.499997
-1.99688,-0.499997
-1.99688,-0.499997
-1.99688,-0.499997
-1.99688,-0.499997
-1.99688,-0.499997
-1.99688,-0.499997
-1.99688,-0.499997
-1.99687,-0.499997
-1.99687,-0.499998
-1.99687,-0.499997
-1.99687,-0.499997
-1.99687,-0.499997
-1.99687,-0.499997
-1.99687,-0.499997
-1.99687,-0.499997
-1.99686,-0.499997
-1.99686,-0.499997
-1.99686,-0.499997
-1.99686,-0.499997
-1.99686,-0.499997
-1.99686,-0.499997
-1.99686,-0.499997
-1.99686,-0.499997
-1.99685,-0.499997
-1.99685,-0.499997
-1.99685,-0.499997
-1.99685,-0.499997
-1.99685,-0.499997
-1.99685,-0.499997
-1.99685,-0.499997
-1.99685,-0.499997
-1.99684,-0.499997
-1.99684,-0.499997
-1.99684,-0.499997
-1.99684,-0.499997
-1.99684,-0.499997
-1.99684,-0.499997
-1.99684,-0.499997
-1.99684,-0.499997
-1.99684,-0.499997
-1.99683,-0.499997
-1.99683,-0.499997
-1.99683,-0.499997
-1.99683,-0.499997
-1.99683,-0.499997
-1.99683,-0.499997
-1.99683,-0.499997
-1.99683,-0.499997
-1.99682,-0.499997
-1.99682,-0.499997
-1.99682,-0.499997
-1.99682,-0.499997
-1.99682,-0.499997
-1.99682,-0.499997
-1.99682,-0.499997
-1.99682,-0.499997
-1.99681,-0.499997
-1.99681,-0.499997
-1.99681,-0.499997
-1.99681,-0.499997
-1.99681,-0.499997
-1.99681,-0.499997
-1.99681,-0.499997
-1.99681,-0.499997
-1.99681,-0.499997
-1.9968,-0.499997
-1.9968,-0.499997
-1.9968,-0.499997
-1.9968,-0.499997
-1.9968,-0.499997
-1.9968,-0.499997
-1.9968,-0.499997
-1.9968,-0.499997
-1.99679,-0.499997
-1.99679,-0.499997
-1.99679,-0.499997
-1.99679,-0.499997
-1.99679,-0.499997
-1.99679,-0.499997
-1.99679,-0.499997
-1.99679,-0.499997
-1.99678,-0.499997
-1.99678,-0.499997
-1.99678,-0.499997
-1.99678,-0.499997
-1.99678,-0.499997
-1.99678,-0.499997
-1.99678,-0.499997
-1.99678,-0.499997
-1.99677,-0.499997
-1.99677,-0.499997
-1.99677,-0.499997
-1.99677,-0.499997
-1.99677,-0.499997
-1.99677,-0.499997
-1.99677,-0.499997
-1.99677,-0.499997
-1.99677,-0.499997
-1.99676,-0.499997
-1.99676,-0.499997
-1.99676,-0.499997
-1.99676,-0.499997
-1.99676,-0.499997
-1.99676,-0.499997
-1.99676,-0.499997
-1.99676,-0.499997
-1.99675,-0.499997
-1.99675,-0.499997
-1.99675,-0.499997
-1.99675,-0.499997
-1.99675,-0.499997
-1.99675,-0.499997
-1.99675,-0.499997
-1.99675,-0.499997
-1.99674,-0.499997
-1.99674,-0.499997
-1.99674,-0.499997
-1.99674,-0.499997
-1.99674,-0.499997
-1.99674,-0.499997
-1.99674,-0.499997
-1.99674,-0.499997
-1.99673,-0.499997
-1.99673,-0.499997
-1.99673,-0.499997
-1.99673,-0.499997
-1.99673,-0.499997
-1.99673,-0.499997
-1.99673,-0.499997
-1.99673,-0.499997
-1.99673,-0.499997
-1.99672,-0.499997
-1.99672,-0.499997
-1.99672,-0.499997
-1.99672,-0.499997
-1.99672,-0.499997
-1.99672,-0.499997
-1.99672,-0.499997
-1.99672,-0.499997
-1.99671,-0.499997
-1.99671,-0.499997
-1.99671,-0.499997
-1.99671,-0.499997
-1.99671,-0.499997
-1.99671,-0.499997
-1.99671,-0.499997
-1.99671,-0.499997
-1.9967,-0.499997
-1.9967,-0.499997
-1.9967,-0.499997
-1.9967,-0.499997
-1.9967,-0.499997
-1.9967,-0.499997
-1.9967,-0.499997
-1.9967,-0.499997
-1.99669,-0.499997
-1.99669,-0.499997
-1.99669,-0.499997
-1.99669,-0.499997
-1.99669,-0.499997
-1.99669,-0.499997
-1.99669,-0.499997
-1.99669,-0.499997
-1.99669,-0.499997
-1.99668,-0.499997
-1.99668,-0.499997
-1.99668,-0.499997
-1.99668,-0.499997
-1.99668,-0.499997
-1.99668,-0.499997
-1.99668,-0.499997
-1.99668,-0.499997
-1.99667,-0.499997
-1.99667,-0.499997
-1.99667,-0.499997
-1.99667,-0.499997
-1.99667,-0.499997
-1.99667,-0.499997
-1.99667,-0.499997
-1.99667,-0.499997
-1.99666,-0.499997
-1.99666,-0.499997
-1.99666,-0.499997
-1.99666,-0.499997
-1.99666,-0.499997
-1.99666,-0.499997
-1.99666,-0.499997
-1.99666,-0.499997
-1.99666,-0.499997
-1.99665,-0.499997
-1.99665,-0.499997
-1.99665,-0.499997
-1.99665,-0.499997
-1.99665,-0.499997
-1.99665,-0.499997
-1.99665,-0.499997
-1.99665,-0.499997
-1.99664,-0.499997
-1.99664,-0.499997
-1.99664,-0.499997
-1.99664,-0.499997
-1.99664,-0.499997
-1.99664,-0.499997
-1.99664,-0.499997
-1.99664,-0.499997
-1.99663,-0.499997
-1.99663,-0.499997
-1.99663,-0.499997
-1.99663,-0.499997
-1.99663,-0.499997
-1.99663,-0.499997
-1.99663,-0.499997
-1.99663,-0.499997
-1.99662,-0.499997
-1.99662,-0.499997
-1.99662,-0.499997
-1.99662,-0.499997
-1.99662,-0.499997
-1.99662,-0.499997
-1.99662,-0.499997
-1.99662,-0.499997
-1.99662,-0.499997
-1.99661,-0.499997
-1.99661,-0.499997
-1.99661,-0.499997
-1.99661,-0.499997
-1.99661,-0.499997
-1.99661,-0.499997
-1.99661,-0.499997
-1.99661,-0.499997
-1.9966,-0.499997
-1.9966,-0.499997
-1.9966,-0.499997
-1.9966,-0.499997
-1.9966,-0.499997
-1.9966,-0.499997
-1.9966,-0.499997
-1.9966,-0.499997
-1.99659,-0.499997
-1.99659,-0.499997
-1.99659,-0.499997
-1.99659,-0.499997
-1.99659,-0.499997
-1.99659,-0.499997
-1.99659,-0.499997
-1.99659,-0.499997
-1.99658,-0.499997
-1.99658,-0.499997
-1.99658,-0.499997
-1.99658,-0.499997
-1.99658,-0.499997
-1.99658,-0.499997
-1.99658,-0.499997
-1.99658,-0.499997
-1.99657,-0.499997
-1.99657,-0.499997
-1.99657,-0.499997
-1.99657,-0.499997
-1.99657,-0.499997
-1.99657,-0.499997
-1.99657,-0.499997
-1.99657,-0.499997
-1.99657,-0.499997
-1.99656,-0.499997
-1.99656,-0.499997
-1.99656,-0.499997
-1.99656,-0.499997
-1.99656,-0.499997
-1.99656,-0.499997
-1.99656,-0.499997
-1.99656,-0.499997
-1.99655,-0.499997
-1.99655,-0.499997
-1.99655,-0.499997
-1.99655,-0.499997
-1.99655,-0.499997
-1.99655,-0.499997
-1.99655,-0.499997
-1.99655,-0.499997
-1.99654,-0.499997
-1.99654,-0.499997
-1.99654,-0.499997
-1.99654,-0.499997
-1.99654,-0.499997
-1.99654,-0.499997
-1.99654,-0.499997
-1.99654,-0.499997
-1.99654,-0.499997
-1.99653,-0.499997
-1.99653,-0.499997
-1.99653,-0.499997
-1.99653,-0.499997
-1.99653,-0.499997
-1.99653,-0.499997
-1.99653,-0.499997
-1.99653,-0.499997
-1.99652,-0.499997
-1.99652,-0.499997
-1.99652,-0.499997
-1.99652,-0.499997
-1.99652,-0.499997
-1.99652,-0.499997
-1.99652,-0.499997
-1.99652,-0.499997
-1.99651,-0.499997
-1.99651,-0.499996
-1.99651,-0.499996
-1.99651,-0.499996
-1.99651,-0.499996
-1.99651,-0.499996
-1.99651,-0.499996
-1.99651,-0.499996
-1.9965,-0.499997
-1.9965,-0.499997
-1.9965,-0.499997
-1.9965,-0.499997
-1.9965,-0.499997
-1.9965,-0.499997
-1.9965,-0.499997
-1.9965,-0.499997
-1.9965,-0.499997
-1.99649,-0.499997
-1.99649,-0.499996
-1.99649,-0.499996
-1.99649,-0.499996
-1.99649,-0.499997
-1.99649,-0.499997
-1.99649,-0.499997
-1.99649,-0.499997
-1.99648,-0.499997
-1.99648,-0.499997
-1.99648,-0.499997
-1.99648,-0.499997
-1.99648,-0.499997
-1.99648,-0.499997
-1.99648,-0.499997
-1.99648,-0.499997
-1.99647,-0.499997
-1.99647,-0.499996
-1.99647,-0.499996
-1.99647,-0.499997
-1.99647,-0.499997
-1.99647,-0.499997
-1.99647,-0.499996
-1.99647,-0.499996
-1.99646,-0.499996
-1.99646,-0.499996
-1.99646,-0.499996
-1.99646,-0.499996
-1.99646,-0.499997
-1.99646,-0.499997
-1.99646,-0.499997
-1.99646,-0.499997
-1.99646,-0.499997
-1.99645,-0.499997
-1.99645,-0.499996
-1.99645,-0.499996
-1.99645,-0.499996
-1.99645,-0.499996
-1.99645,-0.499996
-1.99645,-0.499996
-1.99645,-0.499996
-1.99644,-0.499996
-1.99644,-0.499997
-1.99644,-0.499997
-1.99644,-0.499996
-1.99644,-0.499996
-1.99644,-0.499996
-1.99644,-0.499996
-1.99644,-0.499996
-1.99643,-0.499996
-1.99643,-0.499997
-1.99643,-0.499997
-1.99643,-0.499997
-1.99643,-0.499997
-1.99643,-0.499996
-1.99643,-0.499996
-1.99643,-0.499996
-1.99643,-0.499996
-1.99642,-0.499996
-1.99642,-0.499996
-1.99642,-0.499996
-1.99642,-0.499996
-1.99642,-0.499996
-1.99642,-0.499996
-1.99642,-0.499996
-1.99642,-0.499996
-1.99641,-0.499996
-1.99641,-0.499996
-1.99641,-0.499996
-1.99641,-0.499996
-1.99641,-0.499996
-1.99641,-0.499996
-1.99641,-0.499996
-1.99641,-0.499996
-1.9964,-0.499996
-1.9964,-0.499997
-1.9964,-0.499997
-1.9964,-0.499996
-1.9964,-0.499996
-1.9964,-0.499996
-1.9964,-0.499996
-1.9964,-0.499996
-1.99639,-0.499996
-1.99639,-0.499996
-1.99639,-0.499996
-1.99639,-0.499996
-1.99639,-0.499996
-1.99639,-0.499996
-1.99639,-0.499996
-1.99639,-0.499996
-1.99639,-0.499996
-1.99638,-0.499996
-1.99638,-0.499996
-1.99638,-0.499996
-1.99638,-0.499996
-1.99638,-0.499996
-1.99638,-0.499996
-1.99638,-0.499996
-1.99638,-0.499996
-1.99637,-0.499996
-1.99637,-0.499996
-1.99637,-0.499996
-1.99637,-0.499996
-1.99637,-0.499996
-1.99637,-0.499996
-1.99637,-0.499996
-1.99637,-0.499996
-1.99636,-0.499996
-1.99636,-0.499996
-1.99636,-0.499996
-1.99636,-0.499996
-1.99636,-0.499996
-1.99636,-0.499996
-1.99636,-0.499996
-1.99636,-0.499996
-1.99635,-0.499996
-1.99635,-0.499996
-1.99635,-0.499996
-1.99635,-0.499996
-1.99635,-0.499996
-1.99635,-0.499996
-1.99635,-0.499996
-1.99635,-0.499996
-1.99635,-0.499996
-1.99634,-0.499996
-1.99634,-0.499996
-1.99634,-0.499996
-1.99634,-0.499996
-1.99634,-0.499996
-1.99634,-0.499996
-1.99634,-0.499996
-1.99634,-0.499996
-1.99633,-0.499996
-1.99633,-0.499996
-1.99633,-0.499996
-1.99633,-0.499996
-1.99633,-0.499996
-1.99633,-0.499996
-1.99633,-0.499996
-1.99633,-0.499996
-1.99632,-0.499996
-1.99632,-0.499996
-1.99632,-0.499996
-1.99632,-0.499996
-1.99632,-0.499996
-1.99632,-0.499996
-1.99632,-0.499996
-1.99632,-0.499996
-1.99631,-0.499996
-1.99631,-0.499996
-1.99631,-0.499996
-1.99631,-0.499996
-1.99631,-0.499996
-1.99631,-0.499996
-1.99631,-0.499996
-1.99631,-0.499996
-1.99631,-0.499996
-1.9963,-0.499996
-1.9963,-0.499996
-1.9963,-0.499996
-1.9963,-0.499996
-1.9963,-0.499996
-1.9963,-0.499996
-1.9963,-0.499996
-1.9963,-0.499996
-1.99629,-0.499996
-1.99629,-0.499996
-1.99629,-0.499996
-1.99629,-0.499996
-1.99629,-0.499996
-1.99629,-0.499996
-1.99629,-0.499996
-1.99629,-0.499996
-1.99628,-0.499996
-1.99628,-0.499996
-1.99628,-0.499996
-1.99628,-0.499996
-1.99628,-0.499996
-1.99628,-0.499996
-1.99628,-0.499996
-1.99628,-0.499996
-1.99628,-0.499996
-1.99627,-0.499996
-1.99627,-0.499996
-1.99627,-0.499996
-1.99627,-0.499996
-1.99627,-0.499996
-1.99627,-0.499996
-1.99627,-0.499996
-1.99627,-0.499996
-1.99626,-0.499996
-1.99626,-0.499996
-1.99626,-0.499996
-1.99626,-0.499996
-1.99626,-0.499996
-1.99626,-0.499996
-1.99626,-0.499996
-1.99626,-0.499996
-1.99625,-0.499996
-1.99625,-0.499996
-1.99625,-0.499996
-1.99625,-0.499996
-1.99625,-0.499996
-1.99625,-0.499996
-1.99625,-0.499996
-1.99625,-0.499996
-1.99624,-0.499996
-1.99624,-0.499996
-1.99624,-0.499996
-1.99624,-0.499996
-1.99624,-0.499996
-1.99624,-0.499996
-1.99624,-0.499996
-1.99624,-0.499996
-1.99624,-0.499996
-1.99623,-0.499996
-1.99623,-0.499996
-1.99623,-0.499996
-1.99623,-0.499996
-1.99623,-0.499996
-1.99623,-0.499996
-1.99623,-0.499996
-1.99623,-0.499996
-1.99622,-0.499996
-1.99622,-0.499996
-1.99622,-0.499996
-1.99622,-0.499996
-1.99622,-0.499996
-1.99622,-0.499996
-1.99622,-0.499996
-1.99622,-0.499996
-1.99621,-0.499996
-1.99621,-0.499996
-1.99621,-0.499996
-1.99621,-0.499996
-1.99621,-0.499996
-1.99621,-0.499996
-1.99621,-0.499996
-1.99621,-0.499996
-1.9962,-0.499996
-1.9962,-0.499996
-1.9962,-0.499996
-1.9962,-0.499996
-1.9962,-0.499996
-1.9962,-0.499996
-1.9962,-0.499996
-1.9962,-0.499996
-1.9962,-0.499996
-1.99619,-0.499996
-1.99619,-0.499996
-1.99619,-0.499996
-1.99619,-0.499996
-1.99619,-0.499996
-1.99619,-0.499996
-1.99619,-0.499996
-1.99619,-0.499996
-1.99618,-0.499996
-1.99618,-0.499996
-1.99618,-0.499996
-1.99618,-0.499996
-1.99618,-0.499996
-1.99618,-0.499996
-1.99618,-0.499996
-1.99618,-0.499996
-1.99617,-0.499996
-1.99617,-0.499996
-1.99617,-0.499996
-1.99617,-0.499996
-1.99617,-0.499996
-1.99617,-0.499996
-1.99617,-0.499996
-1.99617,-0.499996
-1.99616,-0.499996
-1.99616,-0.499996
-1.99616,-0.499996
-1.99616,-0.499996
-1.99616,-0.499996
-1.99616,-0.499996
-1.99616,-0.499996
-1.99616,-0.499996
-1.99616,-0.499996
-1.99615,-0.499996
-1.99615,-0.499996
-1.99615,-0.499996
-1.99615,-0.499996
-1.99615,-0.499996
-1.99615,-0.499996
-1.99615,-0.499996
-1.99615,-0.499996
-1.99614,-0.499996
-1.99614,-0.499996
-1.99614,-0.499996
-1.99614,-0.499996
-1.99614,-0.499996
-1.99614,-0.499996
-1.99614,-0.499996
-1.99614,-0.499996
-1.99613,-0.499996
-1.99613,-0.499996
-1.99613,-0.499996
-1.99613,-0.499996
-1.99613,-0.499996
-1.99613,-0.499996
-1.99613,-0.499996
-1.99613,-0.499996
-1.99613,-0.499996
-1.99612,-0.499996
-1.99612,-0.499996
-1.99612,-0.499996
-1.99612,-0.499996
-1.99612,-0.499996
-1.99612,-0.499996
-1.99612,-0.499996
-1.99612,-0.499996
-1.99611,-0.499996
-1.99611,-0.499996
-1.99611,-0.499996
-1.99611,-0.499996
-1.99611,-0.499996
-1.99611,-0.499996
-1.99611,-0.499996
-1.99611,-0.499996
-1.9961,-0.499996
-1.9961,-0.499996
-1.9961,-0.499996
-1.9961,-0.499996
-1.9961,-0.499996
-1.9961,-0.499996
-1.9961,-0.499996
-1.9961,-0.499996
-1.99609,-0.499996
-1.99609,-0.499996
-1.99609,-0.499996
-1.99609,-0.499996
-1.99609,-0.499996
-1.99609,-0.499996
-1.99609,-0.499996
-1.99609,-0.499996
-1.99608,-0.499996
-1.99608,-0.499996
-1.99608,-0.499996
-1.99608,-0.499995
-1.99608,-0.499995
-1.99608,-0.499995
-1.99608,-0.499996
-1.99608,-0.499996
-1.99608,-0.499996
-1.99607,-0.499996
-1.99607,-0.499996
-1.99607,-0.499996
-1.99607,-0.499996
-1.99607,-0.499996
-1.99607,-0.499996
-1.99607,-0.499996
-1.99607,-0.499996
-1.99606,-0.499995
-1.99606,-0.499995
-1.99606,-0.499995
-1.99606,-0.499995
-1.99606,-0.499996
-1.99606,-0.499996
-1.99606,-0.499995
-1.99606,-0.499995
-1.99605,-0.499996
-1.99605,-0.499996
-1.99605,-0.499996
-1.99605,-0.499996
-1.99605,-0.499996
-1.99605,-0.499996
-1.99605,-0.499995
-1.99605,-0.499995
-1.99604,-0.499995
-1.99604,-0.499996
-1.99604,-0.499996
-1.99604,-0.499996
-1.99604,-0.499996
-1.99604,-0.499996
-1.99604,-0.499995
-1.99604,-0.499995
-1.99604,-0.499995
-1.99603,-0.499995
-1.99603,-0.499995
-1.99603,-0.499995
-1.99603,-0.499996
-1.99603,-0.499996
-1.99603,-0.499996
-1.99603,-0.499996
-1.99603,-0.499996
-1.99602,-0.499995
-1.99602,-0.499995
-1.99602,-0.499995
-1.99602,-0.499996
-1.99602,-0.499996
-1.99602,-0.499995
-1.99602,-0.499995
-1.99602,-0.499995
-1.99601,-0.499995
-1.99601,-0.499995
-1.99601,-0.499995
-1.99601,-0.499995
-1.99601,-0.499995
-1.99601,-0.499995
-1.99601,-0.499995
-1.99601,-0.499995
-1.99601,-0.499995
-1.996,-0.499996
-1.996,-0.499995
-1.996,-0.499995
-1.996,-0.499995
-1.996,-0.499995
-1.996,-0.499995
-1.996,-0.499995
-1.996,-0.499995
-1.99599,-0.499995
-1.99599,-0.499995
-1.99599,-0.499996
-1.99599,-0.499996
-1.99599,-0.499996
-1.99599,-0.499996
-1.99599,-0.499995
-1.99599,-0.499995
-1.99598,-0.499995
-1.99598,-0.499995
-1.99598,-0.499995
-1.99598,-0.499995
-1.99598,-0.499995
-1.99598,-0.499995
-1.99598,-0.499995
-1.99598,-0.499995
-1.99598,-0.499995
-1.99597,-0.499995
-1.99597,-0.499995
-1.99597,-0.499995
-1.99597,-0.499995
-1.99597,-0.499995
-1.99597,-0.499995
-1.99597,-0.499995
-1.99597,-0.499995
-1.99596,-0.499995
-1.99596,-0.499995
-1.99596,-0.499995
-1.99596,-0.499995
-1.99596,-0.499995
-1.99596,-0.499995
-1.99596,-0.499995
-1.99596,-0.499995
-1.99595,-0.499995
-1.99595,-0.499995
-1.99595,-0.499995
-1.99595,-0.499995
-1.99595,-0.499995
-1.99595,-0.499995
-1.99595,-0.499995
-1.99595,-0.499995
-1.99594,-0.499995
-1.99594,-0.499995
-1.99594,-0.499995
-1.99594,-0.499995
-1.99594,-0.499995
-1.99594,-0.499995
-1.99594,-0.499995
-1.99594,-0.499995
-1.99594,-0.499995
-1.99593,-0.499995
-1.99593,-0.499995
-1.99593,-0.499995
-1.99593,-0.499995
-1.99593,-0.499995
-1.99593,-0.499995
-1.99593,-0.499995
-1.99593,-0.499995
-1.99592,-0.499995
-1.99592,-0.499995
-1.99592,-0.499995
-1.99592,-0.499995
-1.99592,-0.499995
-1.99592,-0.499995
-1.99592,-0.499995
-1.99592,-0.499995
-1.99591,-0.499995
-1.99591,-0.499995
-1.99591,-0.499995
-1.99591,-0.499995
-1.99591,-0.499995
-1.99591,-0.499995
-1.99591,-0.499995
-1.99591,-0.499995
-1.9959,-0.499995
-1.9959,-0.499995
-1.9959,-0.499995
-1.9959,-0.499995
-1.9959,-0.499995
-1.9959,-0.499995
-1.9959,-0.499995
-1.9959,-0.499995
-1.9959,-0.499995
-1.99589,-0.499995
-1.99589,-0.499995
-1.99589,-0.499995
-1.99589,-0.499995
-1.99589,-0.499995
-1.99589,-0.499995
-1.99589,-0.499995
-1.99589,-0.499995
-1.99588,-0.499995
-1.99588,-0.499995
-1.99588,-0.499995
-1.99588,-0.499995
-1.99588,-0.499995
-1.99588,-0.499995
-1.99588,-0.499995
-1.99588,-0.499995
-1.99587,-0.499995
-1.99587,-0.499995
-1.99587,-0.499995
-1.99587,-0.499995
-1.99587,-0.499995
-1.99587,-0.499995
-1.99587,-0.499995
-1.99587,-0.499995
-1.99586,-0.499995
-1.99586,-0.499995
-1.99586,-0.499995
-1.99586,-0.499995
-1.99586,-0.499995
-1.99586,-0.499995
-1.99586,-0.499995
-1.99586,-0.499995
-1.99586,-0.499995
-1.99585,-0.499995
-1.99585,-0.499995
-1.99585,-0.499995
-1.99585,-0.499995
-1.99585,-0.499995
-1.99585,-0.499995
-1.99585,-0.499995
-1.99585,-0.499995
-1.99584,-0.499995
-1.99584,-0.499995
-1.99584,-0.499995
-1.99584,-0.499995
-1.99584,-0.499995
-1.99584,-0.499995
-1.99584,-0.499995
-1.99584,-0.499995
-1.99583,-0.499995
-1.99583,-0.499995
-1.99583,-0.499995
-1.99583,-0.499995
-1.99583,-0.499995
-1.99583,-0.499995
-1.99583,-0.499995
-1.99583,-0.499995
-1.99582,-0.499995
-1.99582,-0.499995
-1.99582,-0.499995
-1.99582,-0.499995
-1.99582,-0.499995
-1.99582,-0.499995
-1.99582,-0.499995
-1.99582,-0.499995
-1.99582,-0.499995
-1.99581,-0.499995
-1.99581,-0.499995
-1.99581,-0.499995
-1.99581,-0.499995
-1.99581,-0.499995
-1.99581,-0.499995
-1.99581,-0.499995
-1.99581,-0.499995
-1.9958,-0.499995
-1.9958,-0.499995
-1.9958,-0.499995
-1.9958,-0.499995
-1.9958,-0.499995
-1.9958,-0.499995
-1.9958,-0.499995
-1.9958,-0.499995
-1.99579,-0.499995
-1.99579,-0.499995
-1.99579,-0.499995
-1.99579,-0.499995
-1.99579,-0.499995
-1.99579,-0.499995
-1.99579,-0.499995
-1.99579,-0.499995
-1.99578,-0.499995
-1.99578,-0.499995
-1.99578,-0.499995
-1.99578,-0.499995
-1.99578,-0.499995
-1.99578,-0.499995
-1.99578,-0.499995
-1.99578,-0.499995
-1.99578,-0.499995
-1.99577,-0.499995
-1.99577,-0.499995
-1.99577,-0.499995
-1.99577,-0.499995
-1.99577,-0.499995
-1.99577,-0.499995
-1.99577,-0.499995
-1.99577,-0.499995
-1.99576,-0.499995
-1.99576,-0.499995
-1.99576,-0.499995
-1.99576,-0.499995
-1.99576,-0.499995
-1.99576,-0.499995
-1.99576,-0.499995
-1.99576,-0.499995
-1.99575,-0.499995
-1.99575,-0.499995
-1.99575,-0.499995
-1.99575,-0.499995
-1.99575,-0.499995
-1.99575,-0.499995
-1.99575,-0.499995
-1.99575,-0.499995
-1.99574,-0.499995
-1.99574,-0.499995
-1.99574,-0.499995
-1.99574,-0.499995
-1.99574,-0.499995
-1.99574,-0.499995
-1.99574,-0.499995
-1.99574,-0.499995
-1.99574,-0.499995
-1.99573,-0.499995
-1.99573,-0.499995
-1.99573,-0.499995
-1.99573,-0.499995
-1.99573,-0.499995
-1.99573,-0.499995
-1.99573,-0.499995
-1.99573,-0.499995
-1.99572,-0.499995
-1.99572,-0.499995
-1.99572,-0.499995
-1.99572,-0.499995
-1.99572,-0.499995
-1.99572,-0.499995
-1.99572,-0.499995
-1.99572,-0.499995
-1.99571,-0.499995
-1.99571,-0.499995
-1.99571,-0.499995
-1.99571,-0.499995
-1.99571,-0.499995
-1.99571,-0.499995
-1.99571,-0.499995
-1.99571,-0.499995
-1.99571,-0.499995
-1.9957,-0.499995
-1.9957,-0.499995
-1.9957,-0.499995
-1.9957,-0.499995
-1.9957,-0.499995
-1.9957,-0.499995
-1.9957,-0.499995
-1.9957,-0.499995
-1.99569,-0.499995
-1.99569,-0.499995
-1.99569,-0.499995
-1.99569,-0.499995
-1.99569,-0.499995
-1.99569,-0.499995
-1.99569,-0.499995
-1.99569,-0.499995
-1.99568,-0.499995
-1.99568,-0.499995
-1.99568,-0.499995
-1.99568,-0.499995
-1.99568,-0.499995
-1.99568,-0.499995
-1.99568,-0.499994
-1.99568,-0.499994
-1.99567,-0.499994
-1.99567,-0.499994
-1.99567,-0.499994
-1.99567,-0.499995
-1.99567,-0.499995
-1.99567,-0.499995
-1.99567,-0.499995
-1.99567,-0.499994
-1.99567,-0.499994
-1.99566,-0.499994
-1.99566,-0.499994
-1.99566,-0.499995
-1.99566,-0.499995
-1.99566,-0.499995
-1.99566,-0.499995
-1.99566,-0.499994
-1.99566,-0.499994
-1.99565,-0.499994
-1.99565,-0.499994
-1.99565,-0.499994
-1.99565,-0.499995
-1.99565,-0.499995
-1.99565,-0.499995
-1.99565,-0.499995
-1.99565,-0.499995
-1.99564,-0.499994
-1.99564,-0.499994
-1.99564,-0.499994
-1.99564,-0.499994
-1.99564,-0.499994
-1.99564,-0.499995
-1.99564,-0.499995
-1.99564,-0.499995
-1.99563,-0.499994
-1.99563,-0.499994
-1.99563,-0.499994
-1.99563,-0.499994
-1.99563,-0.499994
-1.99563,-0.499994
-1.99563,-0.499994
-1.99563,-0.499994
-1.99563,-0.499995
-1.99562,-0.499995
-1.99562,-0.499994
-1.99562,-0.499994
-1.99562,-0.499994
-1.99562,-0.499994
-1.99562,-0.499994
-1.99562,-0.499994
-1.99562,-0.499994
-1.99561,-0.499994
-1.99561,-0.499994
-1.99561,-0.499994
-1.99561,-0.499994
-1.99561,-0.499994
-1.99561,-0.499994
-1.99561,-0.499994
-1.99561,-0.499994
-1.9956,-0.499994
-1.9956,-0.499994
-1.9956,-0.499994
-1.9956,-0.499994
-1.9956,-0.499994
-1.9956,-0.499994
-1.9956,-0.499994
-1.9956,-0.499994
-1.99559,-0.499994
-1.99559,-0.499994
-1.99559,-0.499994
-1.99559,-0.499994
-1.99559,-0.499994
-1.99559,-0.499994
-1.99559,-0.499994
-1.99559,-0.499994
-1.99559,-0.499994
-1.99558,-0.499994
-1.99558,-0.499994
-1.99558,-0.499994
-1.99558,-0.499995
-1.99558,-0.499995
-1.99558,-0.499995
-1.99558,-0.499994
-1.99558,-0.499994
-1.99557,-0.499994
-1.99557,-0.499994
-1.99557,-0.499994
-1.99557,-0.499994
-1.99557,-0.499994
-1.99557,-0.499994
-1.99557,-0.499994
-1.99557,-0.499994
-1.99556,-0.499994
-1.99556,-0.499994
-1.99556,-0.499994
-1.99556,-0.499994
-1.99556,-0.499994
-1.99556,-0.499994
-1.99556,-0.499994
-1.99556,-0.499994
-1.99556,-0.499994
-1.99555,-0.499994
-1.99555,-0.499994
-1.99555,-0.499994
-1.99555,-0.499994
-1.99555,-0.499994
-1.99555,-0.499994
-1.99555,-0.499994
-1.99555,-0.499994
-1.99554,-0.499994
-1.99554,-0.499994
-1.99554,-0.499994
-1.99554,-0.499994
-1.99554,-0.499994
-1.99554,-0.499994
-1.99554,-0.499994
-1.99554,-0.499994
-1.99553,-0.499994
-1.99553,-0.499994
-1.99553,-0.499994
-1.99553,-0.499994
-1.99553,-0.499994
-1.99553,-0.499994
-1.99553,-0.499994
-1.99553,-0.499994
-1.99552,-0.499994
-1.99552,-0.499994
-1.99552,-0.499994
-1.99552,-0.499994
-1.99552,-0.499994
-1.99552,-0.499994
-1.99552,-0.499994
-1.99552,-0.499994
-1.99552,-0.499994
-1.99551,-0.499994
-1.99551,-0.499994
-1.99551,-0.499994
-1.99551,-0.499994
-1.99551,-0.499994
-1.99551,-0.499994
-1.99551,-0.499994
-1.99551,-0.499994
-1.9955,-0.499994
-1.9955,-0.499994
-1.9955,-0.499994
-1.9955,-0.499994
-1.9955,-0.499994
-1.9955,-0.499994
-1.9955,-0.499994
-1.9955,-0.499994
-1.99549,-0.499994
-1.99549,-0.499994
-1.99549,-0.499994
-1.99549,-0.499994
-1.99549,-0.499994
-1.99549,-0.499994
-1.99549,-0.499994
-1.99549,-0.499994
-1.99548,-0.499994
-1.99548,-0.499994
-1.99548,-0.499994
-1.99548,-0.499994
-1.99548,-0.499994
-1.99548,-0.499994
-1.99548,-0.499994
-1.99548,-0.499994
-1.99548,-0.499994
-1.99547,-0.499994
-1.99547,-0.499994
-1.99547,-0.499994
-1.99547,-0.499994
-1.99547,-0.499994
-1.99547,-0.499994
-1.99547,-0.499994
-1.99547,-0.499994
-1.99546,-0.499994
-1.99546,-0.499994
-1.99546,-0.499994
-1.99546,-0.499994
-1.99546,-0.499994
-1.99546,-0.499994
-1.99546,-0.499994
-1.99546,-0.499994
-1.99545,-0.499994
-1.99545,-0.499994
-1.99545,-0.499994
-1.99545,-0.499994
-1.99545,-0.499994
-1.99545,-0.499994
-1.99545,-0.499994
-1.99545,-0.499994
-1.99544,-0.499994
-1.99544,-0.499994
-1.99544,-0.499994
-1.99544,-0.499994
-1.99544,-0.499994
-1.99544,-0.499994
-1.99544,-0.499994
-1.99544,-0.499994
-1.99544,-0.499994
-1.99543,-0.499994
-1.99543,-0.499994
-1.99543,-0.499994
-1.99543,-0.499994
-1.99543,-0.499994
-1.99543,-0.499994
-1.99543,-0.499994
-1.99543,-0.499994
-1.99542,-0.499994
-1.99542,-0.499994
-1.99542,-0.499994
-1.99542,-0.499994
-1.99542,-0.499994
-1.99542,-0.499994
-1.99542,-0.499994
-1.99542,-0.499994
-1.99541,-0.499994
-1.99541,-0.499994
-1.99541,-0.499994
-1.99541,-0.499994
-1.99541,-0.499994
-1.99541,-0.499994
-1.99541,-0.499994
-1.99541,-0.499994
-1.99541,-0.499994
-1.9954,-0.499994
-1.9954,-0.499994
-1.9954,-0.499994
-1.9954,-0.499994
-1.9954,-0.499994
-1.9954,-0.499994
-1.9954,-0.499994
-1.9954,-0.499994
-1.99539,-0.499994
-1.99539,-0.499994
-1.99539,-0.499994
-1.99539,-0.499994
-1.99539,-0.499994
-1.99539,-0.499994
-1.99539,-0.499994
-1.99539,-0.499994
-1.99538,-0.499994
-1.99538,-0.499994
-1.99538,-0.499994
-1.99538,-0.499994
-1.99538,-0.499994
-1.99538,-0.499994
-1.99538,-0.499994
-1.99538,-0.499994
-1.99537,-0.499994
-1.99537,-0.499994
-1.99537,-0.499994
-1.99537,-0.499994
-1.99537,-0.499994
-1.99537,-0.499994
-1.99537,-0.499994
-1.99537,-0.499994
-1.99537,-0.499994
-1.99536,-0.499994
-1.99536,-0.499994
-1.99536,-0.499994
-1.99536,-0.499994
-1.99536,-0.499994
-1.99536,-0.499994
-1.99536,-0.499994
-1.99536,-0.499994
-1.99535,-0.499994
-1.99535,-0.499994
-1.99535,-0.499994
-1.99535,-0.499994
-1.99535,-0.499994
-1.99535,-0.499994
-1.99535,-0.499994
-1.99535,-0.499994
-1.99534,-0.499994
-1.99534,-0.499994
-1.99534,-0.499993
-1.99534,-0.499993
-1.99534,-0.499993
-1.99534,-0.499994
-1.99534,-0.499994
-1.99534,-0.499994
-1.99533,-0.499994
-1.99533,-0.499994
-1.99533,-0.499994
-1.99533,-0.499994
-1.99533,-0.499993
-1.99533,-0.499993
-1.99533,-0.499993
-1.99533,-0.499993
-1.99533,-0.499994
-1.99532,-0.499994
-1.99532,-0.499994
-1.99532,-0.499994
-1.99532,-0.499994
-1.99532,-0.499994
-1.99532,-0.499994
-1.99532,-0.499994
-1.99532,-0.499994
-1.99531,-0.499994
-1.99531,-0.499994
-1.99531,-0.499993
-1.99531,-0.499993
-1.99531,-0.499993
-1.99531,-0.499994
-1.99531,-0.499994
-1.99531,-0.499994
-1.9953,-0.499994
-1.9953,-0.499993
-1.9953,-0.499993
-1.9953,-0.499993
-1.9953,-0.499993
-1.9953,-0.499994
-1.9953,-0.499993
-1.9953,-0.499993
-1.99529,-0.499993
-1.99529,-0.499994
-1.99529,-0.499994
-1.99529,-0.499994
-1.99529,-0.499993
-1.99529,-0.499993
-1.99529,-0.499993
-1.99529,-0.499993
-1.99529,-0.499993
-1.99528,-0.499993
-1.99528,-0.499994
-1.99528,-0.499993
-1.99528,-0.499993
-1.99528,-0.499993
-1.99528,-0.499993
-1.99528,-0.499993
-1.99528,-0.499993
-1.99527,-0.499993
-1.99527,-0.499994
-1.99527,-0.499994
-1.99527,-0.499994
-1.99527,-0.499994
-1.99527,-0.499993
-1.99527,-0.499993
-1.99527,-0.499993
-1.99526,-0.499993
-1.99526,-0.499993
-1.99526,-0.499993
-1.99526,-0.499993
-1.99526,-0.499993
-1.99526,-0.499993
-1.99526,-0.499993
-1.99526,-0.499993
-1.99526,-0.499993
-1.99525,-0.499993
-1.99525,-0.499993
-1.99525,-0.499993
-1.99525,-0.499993
-1.99525,-0.499993
-1.99525,-0.499993
-1.99525,-0.499993
-1.99525,-0.499993
-1.99524,-0.499993
-1.99524,-0.499993
-1.99524,-0.499993
-1.99524,-0.499993
-1.99524,-0.499993
-1.99524,-0.499993
-1.99524,-0.499993
-1.99524,-0.499993
-1.99523,-0.499993
-1.99523,-0.499993
-1.99523,-0.499993
-1.99523,-0.499993
-1.99523,-0.499993
-1.99523,-0.499993
-1.99523,-0.499993
-1.99523,-0.499993
-1.99522,-0.499993
-1.99522,-0.499993
-1.99522,-0.499993
-1.99522,-0.499993
-1.99522,-0.499993
-1.99522,-0.499993
-1.99522,-0.499993
-1.99522,-0.499993
-1.99522,-0.499993
-1.99521,-0.499993
-1.99521,-0.499993
-1.99521,-0.499993
-1.99521,-0.499993
-1.99521,-0.499993
-1.99521,-0.499993
-1.99521,-0.499993
-1.99521,-0.499993
-1.9952,-0.499993
-1.9952,-0.499993
-1.9952,-0.499993
-1.9952,-0.499993
-1.9952,-0.499993
-1.9952,-0.499993
-1.9952,-0.499993
-1.9952,-0.499993
-1.99519,-0.499993
-1.99519,-0.499993
-1.99519,-0.499993
-1.99519,-0.499993
-1.99519,-0.499993
-1.99519,-0.499993
-1.99519,-0.499993
-1.99519,-0.499993
-1.99518,-0.499993
-1.99518,-0.499993
-1.99518,-0.499993
-1.99518,-0.499993
-1.99518,-0.499993
-1.99518,-0.499993
-1.99518,-0.499993
-1.99518,-0.499993
-1.99518,-0.499993
-1.99517,-0.499993
-1.99517,-0.499993
-1.99517,-0.499993
-1.99517,-0.499993
-1.99517,-0.499993
-1.99517,-0.499993
-1.99517,-0.499993
-1.99517,-0.499993
-1.99516,-0.499993
-1.99516,-0.499993
-1.99516,-0.499993
-1.99516,-0.499993
-1.99516,-0.499993
-1.99516,-0.499993
-1.99516,-0.499993
-1.99516,-0.499993
-1.99515,-0.499993
-1.99515,-0.499993
-1.99515,-0.499993
-1.99515,-0.499993
-1.99515,-0.499993
-1.99515,-0.499993
-1.99515,-0.499993
-1.99515,-0.499993
-1.99514,-0.499993
-1.99514,-0.499993
-1.99514,-0.499993
-1.99514,-0.499993
-1.99514,-0.499993
-1.99514,-0.499993
-1.99514,-0.499993
-1.99514,-0.499993
-1.99514,-0.499993
-1.99513,-0.499993
-1.99513,-0.499993
-1.99513,-0.499993
-1.99513,-0.499993
-1.99513,-0.499993
-1.99513,-0.499993
-1.99513,-0.499993
-1.99513,-0.499993
-1.99512,-0.499993
-1.99512,-0.499993
-1.99512,-0.499993
-1.99512,-0.499993
-1.99512,-0.499993
-1.99512,-0.499993
-1.99512,-0.499993
-1.99512,-0.499993
-1.99511,-0.499993
-1.99511,-0.499993
-1.99511,-0.499993
-1.99511,-0.499993
-1.99511,-0.499993
-1.99511,-0.499993
-1.99511,-0.499993
-1.99511,-0.499993
-1.9951,-0.499993
-1.9951,-0.499993
-1.9951,-0.499993
-1.9951,-0.499993
-1.9951,-0.499993
-1.9951,-0.499993
-1.9951,-0.499993
-1.9951,-0.499993
-1.9951,-0.499993
-1.99509,-0.499993
-1.99509,-0.499993
-1.99509,-0.499993
-1.99509,-0.499993
-1.99509,-0.499993
-1.99509,-0.499993
-1.99509,-0.499993
-1.99509,-0.499993
-1.99508,-0.499993
-1.99508,-0.499993
-1.99508,-0.499993
-1.99508,-0.499993
-1.99508,-0.499993
-1.99508,-0.499993
-1.99508,-0.499993
-1.99508,-0.499993
-1.99507,-0.499993
-1.99507,-0.499993
-1.99507,-0.499993
-1.99507,-0.499993
-1.99507,-0.499993
-1.99507,-0.499993
-1.99507,-0.499993
-1.99507,-0.499993
-1.99506,-0.499993
-1.99506,-0.499993
-1.99506,-0.499993
-1.99506,-0.499993
-1.99506,-0.499993
-1.99506,-0.499993
-1.99506,-0.499993
-1.99506,-0.499993
-1.99506,-0.499993
-1.99505,-0.499993
-1.99505,-0.499993
-1.99505,-0.499993
-1.99505,-0.499993
-1.99505,-0.499993
-1.99505,-0.499993
-1.99505,-0.499993
-1.99505,-0.499993
-1.99504,-0.499993
-1.99504,-0.499993
-1.99504,-0.499993
-1.99504,-0.499993
-1.99504,-0.499993
-1.99504,-0.499993
-1.99504,-0.499993
-1.99504,-0.499993
-1.99503,-0.499993
-1.99503,-0.499992
-1.99503,-0.499993
-1.99503,-0.499993
-1.99503,-0.499993
-1.99503,-0.499993
-1.99503,-0.499993
-1.99503,-0.499993
-1.99503,-0.499993
-1.99502,-0.499993
-1.99502,-0.499993
-1.99502,-0.499993
-1.99502,-0.499993
-1.99502,-0.499993
-1.99502,-0.499993
-1.99502,-0.499993
-1.99502,-0.499993
-1.99501,-0.499993
-1.99501,-0.499993
-1.99501,-0.499993
-1.99501,-0.499993
-1.99501,-0.499993
-1.99501,-0.499993
-1.99501,-0.499993
-1.99501,-0.499993
-1.995,-0.499993
-1.995,-0.499993
-1.995,-0.499993
-1.995,-0.499993
-1.995,-0.499993
-1.995,-0.499993
-1.995,-0.499993
-1.995,-0.499993
-1.99499,-0.499993
-1.99499,-0.499992
-1.99499,-0.499992
-1.99499,-0.499992
-1.99499,-0.499993
-1.99499,-0.499993
-1.99499,-0.499992
-1.99499,-0.499992
-1.99499,-0.499993
-1.99498,-0.499993
-1.99498,-0.499993
-1.99498,-0.499993
-1.99498,-0.499993
-1.99498,-0.499993
-1.99498,-0.499993
-1.99498,-0.499992
-1.99498,-0.499992
-1.99497,-0.499992
-1.99497,-0.499992
-1.99497,-0.499993
-1.99497,-0.499993
-1.99497,-0.499993
-1.99497,-0.499992
-1.99497,-0.499992
-1.99497,-0.499992
-1.99496,-0.499992
-1.99496,-0.499992
-1.99496,-0.499992
-1.99496,-0.499992
-1.99496,-0.499993
-1.99496,-0.499993
-1.99496,-0.499993
-1.99496,-0.499992
-1.99495,-0.499992
-1.99495,-0.499992
-1.99495,-0.499992
-1.99495,-0.499992
-1.99495,-0.499993
-1.99495,-0.499993
-1.99495,-0.499993
-1.99495,-0.499992
-1.99495,-0.499992
-1.99494,-0.499992
-1.99494,-0.499992
-1.99494,-0.499992
-1.99494,-0.499992
-1.99494,-0.499992
-1.99494,-0.499992
-1.99494,-0.499992
-1.99494,-0.499992
-1.99493,-0.499992
-1.99493,-0.499992
-1.99493,-0.499992
-1.99493,-0.499992
-1.99493,-0.499992
-1.99493,-0.499992
-1.99493,-0.499992
-1.99493,-0.499992
-1.99492,-0.499992
-1.99492,-0.499992
-1.99492,-0.499992
-1.99492,-0.499992
-1.99492,-0.499992
-1.99492,-0.499992
-1.99492,-0.499992
-1.99492,-0.499992
-1.99492,-0.499992
-1.99491,-0.499992
-1.99491,-0.499992
-1.99491,-0.499992
-1.99491,-0.499992
-1.99491,-0.499992
-1.99491,-0.499992
-1.99491,-0.499992
-1.99491,-0.499992
-1.9949,-0.499992
-1.9949,-0.499992
-1.9949,-0.499992
-1.9949,-0.499992
-1.9949,-0.499992
-1.9949,-0.499992
-1.9949,-0.499992
-1.9949,-0.499992
-1.99489,-0.499992
-1.99489,-0.499992
-1.99489,-0.499992
-1.99489,-0.499992
-1.99489,-0.499992
-1.99489,-0.499992
-1.99489,-0.499992
-1.99489,-0.499992
-1.99488,-0.499992
-1.99488,-0.499992
-1.99488,-0.499992
-1.99488,-0.499992
-1.99488,-0.499992
-1.99488,-0.499992
-1.99488,-0.499992
-1.99488,-0.499992
-1.99488,-0.499992
-1.99487,-0.499992
-1.99487,-0.499992
-1.99487,-0.499992
-1.99487,-0.499992
-1.99487,-0.499992
-1.99487,-0.499992
-1.99487,-0.499992
-1.99487,-0.499992
-1.99486,-0.499992
-1.99486,-0.499992
-1.99486,-0.499992
-1.99486,-0.499992
-1.99486,-0.499992
-1.99486,-0.499992
-1.99486,-0.499992
-1.99486,-0.499992
-1.99485,-0.499992
-1.99485,-0.499992
-1.99485,-0.499992
-1.99485,-0.499992
-1.99485,-0.499992
-1.99485,-0.499992
-1.99485,-0.499992
-1.99485,-0.499992
-1.99484,-0.499992
-1.99484,-0.499992
-1.99484,-0.499992
-1.99484,-0.499992
-1.99484,-0.499992
-1.99484,-0.499992
-1.99484,-0.499992
-1.99484,-0.499992
-1.99484,-0.499992
-1.99483,-0.499992
-1.99483,-0.499992
-1.99483,-0.499992
-1.99483,-0.499992
-1.99483,-0.499992
-1.99483,-0.499992
-1.99483,-0.499992
-1.99483,-0.499992
-1.99482,-0.499992
-1.99482,-0.499992
-1.99482,-0.499992
-1.99482,-0.499992
-1.99482,-0.499992
-1.99482,-0.499992
-1.99482,-0.499992
-1.99482,-0.499992
-1.99481,-0.499992
-1.99481,-0.499992
-1.99481,-0.499992
-1.99481,-0.499992
-1.99481,-0.499992
-1.99481,-0.499992
-1.99481,-0.499992
-1.99481,-0.499992
-1.9948,-0.499992
-1.9948,-0.499992
-1.9948,-0.499992
-1.9948,-0.499992
-1.9948,-0.499992
-1.9948,-0.499992
-1.9948,-0.499992
-1.9948,-0.499992
-1.9948,-0.499992
-1.99479,-0.499992
-1.99479,-0.499992
-1.99479,-0.499992
-1.99479,-0.499992
-1.99479,-0.499992
-1.99479,-0.499992
-1.99479,-0.499992
-1.99479,-0.499992
-1.99478,-0.499992
-1.99478,-0.499992
-1.99478,-0.499992
-1.99478,-0.499992
-1.99478,-0.499992
-1.99478,-0.499992
-1.99478,-0.499992
-1.99478,-0.499992
-1.99477,-0.499992
-1.99477,-0.499992
-1.99477,-0.499992
-1.99477,-0.499992
-1.99477,-0.499992
-1.99477,-0.499992
-1.99477,-0.499992
-1.99477,-0.499992
-1.99477,-0.499992
-1.99476,-0.499992
-1.99476,-0.499992
-1.99476,-0.499992
-1.99476,-0.499992
-1.99476,-0.499992
-1.99476,-0.499992
-1.99476,-0.499992
-1.99476,-0.499992
-1.99475,-0.499992
-1.99475,-0.499992
-1.99475,-0.499992
-1.99475,-0.499992
-1.99475,-0.499992
-1.99475,-0.499992
-1.99475,-0.499992
-1.99475,-0.499992
-1.99474,-0.499992
-1.99474,-0.499992
-1.99474,-0.499992
-1.99474,-0.499992
-1.99474,-0.499992
-1.99474,-0.499992
-1.99474,-0.499992
-1.99474,-0.499992
-1.99473,-0.499992
-1.99473,-0.499992
-1.99473,-0.499992
-1.99473,-0.499992
-1.99473,-0.499992
-1.99473,-0.499992
-1.99473,-0.499992
-1.99473,-0.499992
-1.99473,-0.499992
-1.99472,-0.499992
-1.99472,-0.499992
-1.99472,-0.499992
-1.99472,-0.499992
-1.99472,-0.499992
-1.99472,-0.499992
-1.99472,-0.499992
-1.99472,-0.499992
-1.99471,-0.499992
-1.99471,-0.499992
-1.99471,-0.499992
-1.99471,-0.499992
-1.99471,-0.499992
-1.99471,-0.499992
-1.99471,-0.499992
-1.99471,-0.499992
-1.9947,-0.499992
-1.9947,-0.499992
-1.9947,-0.499992
-1.9947,-0.499992
-1.9947,-0.499992
-1.9947,-0.499992
-1.9947,-0.499991
-1.9947,-0.499991
-1.99469,-0.499991
-1.99469,-0.499992
-1.99469,-0.499992
-1.99469,-0.499992
-1.99469,-0.499992
-1.99469,-0.499992
-1.99469,-0.499992
-1.99469,-0.499992
-1.99469,-0.499992
-1.99468,-0.499991
-1.99468,-0.499991
-1.99468,-0.499991
-1.99468,-0.499991
-1.99468,-0.499991
-1.99468,-0.499992
-1.99468,-0.499992
-1.99468,-0.499992
-1.99467,-0.499992
-1.99467,-0.499992
-1.99467,-0.499992
-1.99467,-0.499992
-1.99467,-0.499991
-1.99467,-0.499991
-1.99467,-0.499991
-1.99467,-0.499991
-1.99466,-0.499991
-1.99466,-0.499991
-1.99466,-0.499991
-1.99466,-0.499992
-1.99466,-0.499992
-1.99466,-0.499992
-1.99466,-0.499991
-1.99466,-0.499991
-1.99465,-0.499991
-1.99465,-0.499991
-1.99465,-0.499992
-1.99465,-0.499992
-1.99465,-0.499992
-1.99465,-0.499992
-1.99465,-0.499992
-1.99465,-0.499991
-1.99465,-0.499991
-1.99464,-0.499991
-1.99464,-0.499991
-1.99464,-0.499991
-1.99464,-0.499991
-1.99464,-0.499992
-1.99464,-0.499991
-1.99464,-0.499991
-1.99464,-0.499991
-1.99463,-0.499991
-1.99463,-0.499991
-1.99463,-0.499991
-1.99463,-0.499991
-1.99463,-0.499991
-1.99463,-0.499991
-1.99463,-0.499991
-1.99463,-0.499991
-1.99462,-0.499991
-1.99462,-0.499991
-1.99462,-0.499991
-1.99462,-0.499991
-1.99462,-0.499991
-1.99462,-0.499991
-1.99462,-0.499991
-1.99462,-0.499991
-1.99462,-0.499991
-1.99461,-0.499991
-1.99461,-0.499991
-1.99461,-0.499991
-1.99461,-0.499991
-1.99461,-0.499991
-1.99461,-0.499991
-1.99461,-0.499991
-1.99461,-0.499991
-1.9946,-0.499991
-1.9946,-0.499991
-1.9946,-0.499991
-1.9946,-0.499991
-1.9946,-0.499991
-1.9946,-0.499991
-1.9946,-0.499991
-1.9946,-0.499991
-1.99459,-0.499991
-1.99459,-0.499991
-1.99459,-0.499991
-1.99459,-0.499991
-1.99459,-0.499991
-1.99459,-0.499991
-1.99459,-0.499991
-1.99459,-0.499991
-1.99458,-0.499991
-1.99458,-0.499991
-1.99458,-0.499991
-1.99458,-0.499991
-1.99458,-0.499991
-1.99458,-0.499991
-1.99458,-0.499991
-1.99458,-0.499991
-1.99458,-0.499991
-1.99457,-0.499991
-1.99457,-0.499991
-1.99457,-0.499991
-1.99457,-0.499991
-1.99457,-0.499991
-1.99457,-0.499991
-1.99457,-0.499991
-1.99457,-0.499991
-1.99456,-0.499991
-1.99456,-0.499991
-1.99456,-0.499991
-1.99456,-0.499991
-1.99456,-0.499991
-1.99456,-0.499991
-1.99456,-0.499991
-1.99456,-0.499991
-1.99455,-0.499991
-1.99455,-0.499991
-1.99455,-0.499991
-1.99455,-0.499991
-1.99455,-0.499991
-1.99455,-0.499991
-1.99455,-0.499991
-1.99455,-0.499991
-1.99454,-0.499991
-1.99454,-0.499991
-1.99454,-0.499991
-1.99454,-0.499991
-1.99454,-0.499991
-1.99454,-0.499991
-1.99454,-0.499991
-1.99454,-0.499991
-1.99454,-0.499991
-1.99453,-0.499991
-1.99453,-0.499991
-1.99453,-0.499991
-1.99453,-0.499991
-1.99453,-0.499991
-1.99453,-0.499991
-1.99453,-0.499991
-1.99453,-0.499991
-1.99452,-0.499991
-1.99452,-0.499991
-1.99452,-0.499991
-1.99452,-0.499991
-1.99452,-0.499991
-1.99452,-0.499991
-1.99452,-0.499991
-1.99452,-0.499991
-1.99451,-0.499991
-1.99451,-0.499991
-1.99451,-0.499991
-1.99451,-0.499991
-1.99451,-0.499991
-1.99451,-0.499991
-1.99451,-0.499991
-1.99451,-0.499991
-1.99451,-0.499991
-1.9945,-0.499991
-1.9945,-0.499991
-1.9945,-0.499991
-1.9945,-0.499991
-1.9945,-0.499991
-1.9945,-0.499991
-1.9945,-0.499991
-1.9945,-0.499991
-1.99449,-0.499991
-1.99449,-0.499991
-1.99449,-0.499991
-1.99449,-0.499991
-1.99449,-0.499991
-1.99449,-0.499991
-1.99449,-0.499991
-1.99449,-0.499991
-1.99448,-0.499991
-1.99448,-0.499991
-1.99448,-0.499991
-1.99448,-0.499991
-1.99448,-0.499991
-1.99448,-0.499991
-1.99448,-0.499991
-1.99448,-0.499991
-1.99447,-0.499991
-1.99447,-0.499991
-1.99447,-0.499991
-1.99447,-0.499991
-1.99447,-0.499991
-1.99447,-0.499991
-1.99447,-0.499991
-1.99447,-0.499991
-1.99447,-0.499991
-1.99446,-0.499991
-1.99446,-0.499991
-1.99446,-0.499991
-1.99446,-0.499991
-1.99446,-0.499991
-1.99446,-0.499991
-1.99446,-0.499991
-1.99446,-0.499991
-1.99445,-0.499991
-1.99445,-0.499991
-1.99445,-0.499991
-1.99445,-0.499991
-1.99445,-0.499991
-1.99445,-0.499991
-1.99445,-0.499991
-1.99445,-0.499991
-1.99444,-0.499991
-1.99444,-0.499991
-1.99444,-0.499991
-1.99444,-0.499991
-1.99444,-0.499991
-1.99444,-0.499991
-1.99444,-0.499991
-1.99444,-0.499991
-1.99443,-0.499991
-1.99443,-0.499991
-1.99443,-0.499991
-1.99443,-0.499991
-1.99443,-0.499991
-1.99443,-0.499991
-1.99443,-0.499991
-1.99443,-0.499991
-1.99443,-0.499991
-1.99442,-0.499991
-1.99442,-0.499991
-1.99442,-0.499991
-1.99442,-0.499991
-1.99442,-0.499991
-1.99442,-0.499991
-1.99442,-0.499991
-1.99442,-0.499991
-1.99441,-0.499991
-1.99441,-0.499991
-1.99441,-0.499991
-1.99441,-0.499991
-1.99441,-0.49999
-1.99441,-0.49999
-1.99441,-0.49999
-1.99441,-0.499991
-1.9944,-0.499991
-1.9944,-0.499991
-1.9944,-0.499991
-1.9944,-0.499991
-1.9944,-0.499991
-1.9944,-0.499991
-1.9944,-0.499991
-1.9944,-0.499991
-1.99439,-0.499991
-1.99439,-0.499991
-1.99439,-0.499991
-1.99439,-0.499991
-1.99439,-0.499991
-1.99439,-0.499991
-1.99439,-0.499991
-1.99439,-0.499991
-1.99439,-0.499991
-1.99438,-0.499991
-1.99438,-0.499991
-1.99438,-0.499991
-1.99438,-0.499991
-1.99438,-0.499991
-1.99438,-0.499991
-1.99438,-0.49999
-1.99438,-0.49999
-1.99437,-0.49999
-1.99437,-0.49999
-1.99437,-0.49999
-1.99437,-0.499991
-1.99437,-0.499991
-1.99437,-0.499991
-1.99437,-0.499991
-1.99437,-0.499991
-1.99436,-0.49999
-1.99436,-0.49999
-1.99436,-0.49999
-1.99436,-0.49999
-1.99436,-0.49999
-1.99436,-0.49999
-1.99436,-0.49999
-1.99436,-0.49999
-1.99436,-0.49999
-1.99435,-0.49999
-1.99435,-0.49999
-1.99435,-0.499991
-1.99435,-0.499991
-1.99435,-0.49999
-1.99435,-0.49999
-1.99435,-0.49999
-1.99435,-0.49999
-1.99434,-0.49999
-1.99434,-0.49999
-1.99434,-0.49999
-1.99434,-0.49999
-1.99434,-0.499991
-1.99434,-0.499991
-1.99434,-0.49999
-1.99434,-0.49999
-1.99433,-0.49999
-1.99433,-0.49999
-1.99433,-0.49999
-1.99433,-0.49999
-1.99433,-0.49999
-1.99433,-0.49999
-1.99433,-0.49999
-1.99433,-0.49999
-1.99432,-0.49999
-1.99432,-0.49999
-1.99432,-0.49999
-1.99432,-0.49999
-1.99432,-0.49999
-1.99432,-0.49999
-1.99432,-0.49999
-1.99432,-0.49999
-1.99432,-0.499991
-1.99431,-0.49999
-1.99431,-0.49999
-1.99431,-0.49999
-1.99431,-0.49999
-1.99431,-0.49999
-1.99431,-0.49999
-1.99431,-0.49999
-1.99431,-0.49999
-1.9943,-0.49999
-1.9943,-0.49999
-1.9943,-0.49999
-1.9943,-0.49999
-1.9943,-0.49999
-1.9943,-0.49999
-1.9943,-0.49999
-1.9943,-0.49999
-1.99429,-0.49999
-1.99429,-0.49999
-1.99429,-0.49999
-1.99429,-0.49999
-1.99429,-0.49999
-1.99429,-0.49999
-1.99429,-0.49999
-1.99429,-0.49999
-1.99428,-0.49999
-1.99428,-0.49999
-1.99428,-0.49999
-1.99428,-0.49999
-1.99428,-0.49999
-1.99428,-0.49999
-1.99428,-0.49999
-1.99428,-0.49999
-1.99428,-0.49999
-1.99427,-0.49999
-1.99427,-0.49999
-1.99427,-0.49999
-1.99427,-0.49999
-1.99427,-0.49999
-1.99427,-0.49999
-1.99427,-0.49999
-1.99427,-0.49999
-1.99426,-0.49999
-1.99426,-0.49999
-1.99426,-0.49999
-1.99426,-0.49999
-1.99426,-0.49999
-1.99426,-0.49999
-1.99426,-0.49999
-1.99426,-0.49999
-1.99425,-0.49999
-1.99425,-0.49999
-1.99425,-0.49999
-1.99425,-0.49999
-1.99425,-0.49999
-1.99425,-0.49999
-1.99425,-0.49999
-1.99425,-0.49999
-1.99424,-0.49999
-1.99424,-0.49999
-1.99424,-0.49999
-1.99424,-0.49999
-1.99424,-0.49999
-1.99424,-0.49999
-1.99424,-0.49999
-1.99424,-0.49999
-1.99424,-0.49999
-1.99423,-0.49999
-1.99423,-0.49999
-1.99423,-0.49999
-1.99423,-0.49999
-1.99423,-0.49999
-1.99423,-0.49999
-1.99423,-0.49999
-1.99423,-0.49999
-1.99422,-0.49999
-1.99422,-0.49999
-1.99422,-0.49999
-1.99422,-0.49999
-1.99422,-0.49999
-1.99422,-0.49999
-1.99422,-0.49999
-1.99422,-0.49999
-1.99421,-0.49999
-1.99421,-0.49999
-1.99421,-0.49999
-1.99421,-0.49999
-1.99421,-0.49999
-1.99421,-0.49999
-1.99421,-0.49999
-1.99421,-0.49999
-1.99421,-0.49999
-1.9942,-0.49999
-1.9942,-0.49999
-1.9942,-0.49999
-1.9942,-0.49999
-1.9942,-0.49999
-1.9942,-0.49999
-1.9942,-0.49999
-1.9942,-0.49999
-1.99419,-0.49999
-1.99419,-0.49999
-1.99419,-0.49999
-1.99419,-0.49999
-1.99419,-0.49999
-1.99419,-0.49999
-1.99419,-0.49999
-1.99419,-0.49999
-1.99418,-0.49999
-1.99418,-0.49999
-1.99418,-0.49999
-1.99418,-0.49999
-1.99418,-0.49999
-1.99418,-0.49999
-1.99418,-0.49999
-1.99418,-0.49999
-1.99417,-0.49999
-1.99417,-0.49999
-1.99417,-0.49999
-1.99417,-0.49999
-1.99417,-0.49999
-1.99417,-0.49999
-1.99417,-0.49999
-1.99417,-0.49999
-1.99417,-0.49999
-1.99416,-0.49999
-1.99416,-0.49999
-1.99416,-0.49999
-1.99416,-0.49999
-1.99416,-0.49999
-1.99416,-0.49999
-1.99416,-0.49999
-1.99416,-0.49999
-1.99415,-0.49999
-1.99415,-0.49999
-1.99415,-0.49999
-1.99415,-0.49999
-1.99415,-0.49999
-1.99415,-0.49999
-1.99415,-0.49999
-1.99415,-0.49999
-1.99414,-0.49999
-1.99414,-0.49999
-1.99414,-0.49999
-1.99414,-0.49999
-1.99414,-0.49999
-1.99414,-0.49999
-1.99414,-0.49999
-1.99414,-0.49999
-1.99413,-0.49999
-1.99413,-0.49999
-1.99413,-0.49999
-1.99413,-0.49999
-1.99413,-0.49999
-1.99413,-0.49999
-1.99413,-0.49999
-1.99413,-0.49999
-1.99413,-0.49999
-1.99412,-0.49999
-1.99412,-0.49999
-1.99412,-0.49999
-1.99412,-0.49999
-1.99412,-0.49999
-1.99412,-0.49999
-1.99412,-0.49999
-1.99412,-0.499989
-1.99411,-0.499989
-1.99411,-0.499989
-1.99411,-0.499989
-1.99411,-0.49999
-1.99411,-0.49999
-1.99411,-0.49999
-1.99411,-0.49999
-1.99411,-0.49999
-1.9941,-0.49999
-1.9941,-0.49999
-1.9941,-0.499989
-1.9941,-0.499989
-1.9941,-0.499989
-1.9941,-0.499989
-1.9941,-0.499989
-1.9941,-0.499989
-1.99409,-0.499989
-1.99409,-0.499989
-1.99409,-0.499989
-1.99409,-0.499989
-1.99409,-0.499989
-1.99409,-0.499989
-1.99409,-0.499989
-1.99409,-0.499989
-1.99409,-0.499989
-1.99408,-0.499989
-1.99408,-0.499989
-1.99408,-0.499989
-1.99408,-0.49999
-1.99408,-0.49999
-1.99408,-0.499989
-1.99408,-0.499989
-1.99408,-0.499989
-1.99407,-0.499989
-1.99407,-0.499989
-1.99407,-0.49999
-1.99407,-0.49999
-1.99407,-0.49999
-1.99407,-0.49999
-1.99407,-0.499989
-1.99407,-0.499989
-1.99406,-0.499989
-1.99406,-0.499989
-1.99406,-0.499989
-1.99406,-0.499989
-1.99406,-0.499989
-1.99406,-0.499989
-1.99406,-0.499989
-1.99406,-0.499989
-1.99405,-0.499989
-1.99405,-0.499989
-1.99405,-0.499989
-1.99405,-0.499989
-1.99405,-0.499989
-1.99405,-0.499989
-1.99405,-0.499989
-1.99405,-0.499989
-1.99405,-0.499989
-1.99404,-0.499989
-1.99404,-0.499989
-1.99404,-0.499989
-1.99404,-0.499989
-1.99404,-0.499989
-1.99404,-0.499989
-1.99404,-0.499989
-1.99404,-0.499989
-1.99403,-0.499989
-1.99403,-0.499989
-1.99403,-0.499989
-1.99403,-0.499989
-1.99403,-0.499989
-1.99403,-0.499989
-1.99403,-0.499989
-1.99403,-0.499989
-1.99402,-0.499989
-1.99402,-0.499989
-1.99402,-0.499989
-1.99402,-0.499989
-1.99402,-0.499989
-1.99402,-0.499989
-1.99402,-0.499989
-1.99402,-0.499989
-1.99402,-0.499989
-1.99401,-0.499989
-1.99401,-0.499989
-1.99401,-0.499989
-1.99401,-0.499989
-1.99401,-0.499989
-1.99401,-0.499989
-1.99401,-0.499989
-1.99401,-0.499989
-1.994,-0.499989
-1.994,-0.499989
-1.994,-0.499989
-1.994,-0.499989
-1.994,-0.499989
-1.994,-0.499989
-1.994,-0.499989
-1.994,-0.499989
-1.99399,-0.499989
-1.99399,-0.499989
-1.99399,-0.499989
-1.99399,-0.499989
-1.99399,-0.499989
-1.99399,-0.499989
-1.99399,-0.499989
-1.99399,-0.499989
-1.99398,-0.499989
-1.99398,-0.499989
-1.99398,-0.499989
-1.99398,-0.499989
-1.99398,-0.499989
-1.99398,-0.499989
-1.99398,-0.499989
-1.99398,-0.499989
-1.99398,-0.499989
-1.99397,-0.499989
-1.99397,-0.499989
-1.99397,-0.499989
-1.99397,-0.499989
-1.99397,-0.499989
-1.99397,-0.499989
-1.99397,-0.499989
-1.99397,-0.499989
-1.99396,-0.499989
-1.99396,-0.499989
-1.99396,-0.499989
-1.99396,-0.499989
-1.99396,-0.499989
-1.99396,-0.499989
-1.99396,-0.499989
-1.99396,-0.499989
-1.99395,-0.499989
-1.99395,-0.499989
-1.99395,-0.499989
-1.99395,-0.499989
-1.99395,-0.499989
-1.99395,-0.499989
-1.99395,-0.499989
-1.99395,-0.499989
-1.99394,-0.499989
-1.99394,-0.499989
-1.99394,-0.499989
-1.99394,-0.499989
-1.99394,-0.499989
-1.99394,-0.499989
-1.99394,-0.499989
-1.99394,-0.499989
-1.99394,-0.499989
-1.99393,-0.499989
-1.99393,-0.499989
-1.99393,-0.499989
-1.99393,-0.499989
-1.99393,-0.499989
-1.99393,-0.499989
-1.99393,-0.499989
-1.99393,-0.499989
-1.99392,-0.499989
-1.99392,-0.499989
-1.99392,-0.499989
-1.99392,-0.499989
-1.99392,-0.499989
-1.99392,-0.499989
-1.99392,-0.499989
-1.99392,-0.499989
-1.99391,-0.499989
-1.99391,-0.499989
-1.99391,-0.499989
-1.99391,-0.499989
-1.99391,-0.499989
-1.99391,-0.499989
-1.99391,-0.499989
-1.99391,-0.499989
-1.9939,-0.499989
-1.9939,-0.499989
-1.9939,-0.499989
-1.9939,-0.499989
-1.9939,-0.499989
-1.9939,-0.499989
-1.9939,-0.499989
-1.9939,-0.499989
-1.9939,-0.499989
-1.99389,-0.499989
-1.99389,-0.499989
-1.99389,-0.499989
-1.99389,-0.499989
-1.99389,-0.499989
-1.99389,-0.499989
-1.99389,-0.499989
-1.99389,-0.499989
-1.99388,-0.499989
-1.99388,-0.499989
-1.99388,-0.499989
-1.99388,-0.499989
-1.99388,-0.499989
-1.99388,-0.499989
-1.99388,-0.499989
-1.99388,-0.499989
-1.99387,-0.499989
-1.99387,-0.499989
-1.99387,-0.499989
-1.99387,-0.499989
-1.99387,-0.499989
-1.99387,-0.499989
-1.99387,-0.499989
-1.99387,-0.499989
-1.99387,-0.499989
-1.99386,-0.499989
-1.99386,-0.499989
-1.99386,-0.499989
-1.99386,-0.499989
-1.99386,-0.499988
-1.99386,-0.499988
-1.99386,-0.499988
-1.99386,-0.499988
-1.99385,-0.499988
-1.99385,-0.499989
-1.99385,-0.499989
-1.99385,-0.499989
-1.99385,-0.499989
-1.99385,-0.499988
-1.99385,-0.499988
-1.99385,-0.499988
-1.99384,-0.499988
-1.99384,-0.499989
-1.99384,-0.499989
-1.99384,-0.499988
-1.99384,-0.499989
-1.99384,-0.499989
-1.99384,-0.499989
-1.99384,-0.499989
-1.99383,-0.499989
-1.99383,-0.499988
-1.99383,-0.499988
-1.99383,-0.499988
-1.99383,-0.499988
-1.99383,-0.499988
-1.99383,-0.499989
-1.99383,-0.499989
-1.99383,-0.499989
-1.99382,-0.499988
-1.99382,-0.499988
-1.99382,-0.499988
-1.99382,-0.499988
-1.99382,-0.499988
-1.99382,-0.499988
-1.99382,-0.499988
-1.99382,-0.499988
-1.99381,-0.499988
-1.99381,-0.499988
-1.99381,-0.499988
-1.99381,-0.499988
-1.99381,-0.499988
-1.99381,-0.499988
-1.99381,-0.499988
-1.99381,-0.499988
-1.9938,-0.499988
-1.9938,-0.499988
-1.9938,-0.499988
-1.9938,-0.499988
-1.9938,-0.499988
-1.9938,-0.499988
-1.9938,-0.499988
-1.9938,-0.499988
-1.99379,-0.499988
-1.99379,-0.499988
-1.99379,-0.499988
-1.99379,-0.499988
-1.99379,-0.499988
-1.99379,-0.499988
-1.99379,-0.499988
-1.99379,-0.499988
-1.99379,-0.499988
-1.99378,-0.499988
-1.99378,-0.499988
-1.99378,-0.499988
-1.99378,-0.499988
-1.99378,-0.499988
-1.99378,-0.499988
-1.99378,-0.499988
-1.99378,-0.499988
-1.99377,-0.499988
-1.99377,-0.499988
-1.99377,-0.499988
-1.99377,-0.499988
-1.99377,-0.499988
-1.99377,-0.499988
-1.99377,-0.499988
-1.99377,-0.499988
-1.99376,-0.499988
-1.99376,-0.499988
-1.99376,-0.499988
-1.99376,-0.499988
-1.99376,-0.499988
-1.99376,-0.499988
-1.99376,-0.499988
-1.99376,-0.499988
-1.99375,-0.499988
-1.99375,-0.499988
-1.99375,-0.499988
-1.99375,-0.499988
-1.99375,-0.499988
-1.99375,-0.499988
-1.99375,-0.499988
-1.99375,-0.499988
-1.99375,-0.499988
-1.99374,-0.499988
-1.99374,-0.499988
-1.99374,-0.499988
-1.99374,-0.499988
-1.99374,-0.499988
-1.99374,-0.499988
-1.99374,-0.499988
-1.99374,-0.499988
-1.99373,-0.499988
-1.99373,-0.499988
-1.99373,-0.499988
-1.99373,-0.499988
-1.99373,-0.499988
-1.99373,-0.499988
-1.99373,-0.499988
-1.99373,-0.499988
-1.99372,-0.499988
-1.99372,-0.499988
-1.99372,-0.499988
-1.99372,-0.499988
-1.99372,-0.499988
-1.99372,-0.499988
-1.99372,-0.499988
-1.99372,-0.499988
-1.99372,-0.499988
-1.99371,-0.499988
-1.99371,-0.499988
-1.99371,-0.499988
-1.99371,-0.499988
-1.99371,-0.499988
-1.99371,-0.499988
-1.99371,-0.499988
-1.99371,-0.499988
-1.9937,-0.499988
-1.9937,-0.499988
-1.9937,-0.499988
-1.9937,-0.499988
-1.9937,-0.499988
-1.9937,-0.499988
-1.9937,-0.499988
-1.9937,-0.499988
-1.99369,-0.499988
-1.99369,-0.499988
-1.99369,-0.499988
-1.99369,-0.499988
-1.99369,-0.499988
-1.99369,-0.499988
-1.99369,-0.499988
-1.99369,-0.499988
-1.99368,-0.499988
-1.99368,-0.499988
-1.99368,-0.499988
-1.99368,-0.499988
-1.99368,-0.499988
-1.99368,-0.499988
-1.99368,-0.499988
-1.99368,-0.499988
-1.99368,-0.499988
-1.99367,-0.499988
-1.99367,-0.499988
-1.99367,-0.499988
-1.99367,-0.499988
-1.99367,-0.499988
-1.99367,-0.499988
-1.99367,-0.499988
-1.99367,-0.499988
-1.99366,-0.499988
-1.99366,-0.499988
-1.99366,-0.499988
-1.99366,-0.499988
-1.99366,-0.499988
-1.99366,-0.499988
-1.99366,-0.499988
-1.99366,-0.499988
-1.99365,-0.499988
-1.99365,-0.499988
-1.99365,-0.499988
-1.99365,-0.499988
-1.99365,-0.499988
-1.99365,-0.499988
-1.99365,-0.499988
-1.99365,-0.499988
-1.99364,-0.499988
-1.99364,-0.499988
-1.99364,-0.499988
-1.99364,-0.499988
-1.99364,-0.499988
-1.99364,-0.499988
-1.99364,-0.499988
-1.99364,-0.499988
-1.99364,-0.499988
-1.99363,-0.499987
-1.99363,-0.499987
-1.99363,-0.499988
-1.99363,-0.499988
-1.99363,-0.499988
-1.99363,-0.499988
-1.99363,-0.499988
-1.99363,-0.499988
-1.99362,-0.499988
-1.99362,-0.499988
-1.99362,-0.499988
-1.99362,-0.499988
-1.99362,-0.499988
-1.99362,-0.499988
-1.99362,-0.499988
-1.99362,-0.499988
-1.99361,-0.499988
-1.99361,-0.499988
-1.99361,-0.499988
-1.99361,-0.499988
-1.99361,-0.499988
-1.99361,-0.499988
-1.99361,-0.499987
-1.99361,-0.499987
-1.9936,-0.499987
-1.9936,-0.499987
-1.9936,-0.499987
-1.9936,-0.499988
-1.9936,-0.499988
-1.9936,-0.499988
-1.9936,-0.499988
-1.9936,-0.499988
-1.9936,-0.499987
-1.99359,-0.499987
-1.99359,-0.499987
-1.99359,-0.499987
-1.99359,-0.499987
-1.99359,-0.499988
-1.99359,-0.499987
-1.99359,-0.499987
-1.99359,-0.499987
-1.99358,-0.499987
-1.99358,-0.499987
-1.99358,-0.499987
-1.99358,-0.499987
-1.99358,-0.499987
-1.99358,-0.499987
-1.99358,-0.499987
-1.99358,-0.499987
-1.99357,-0.499987
-1.99357,-0.499987
-1.99357,-0.499987
-1.99357,-0.499987
-1.99357,-0.499987
-1.99357,-0.499987
-1.99357,-0.499987
-1.99357,-0.499987
-1.99357,-0.499988
-1.99356,-0.499988
-1.99356,-0.499987
-1.99356,-0.499987
-1.99356,-0.499987
-1.99356,-0.499987
-1.99356,-0.499987
-1.99356,-0.499987
-1.99356,-0.499987
-1.99355,-0.499987
-1.99355,-0.499987
-1.99355,-0.499987
-1.99355,-0.499987
-1.99355,-0.499987
-1.99355,-0.499987
-1.99355,-0.499987
-1.99355,-0.499987
-1.99354,-0.499987
-1.99354,-0.499987
-1.99354,-0.499987
-1.99354,-0.499987
-1.99354,-0.499987
-1.99354,-0.499987
-1.99354,-0.499987
-1.99354,-0.499987
-1.99353,-0.499987
-1.99353,-0.499987
-1.99353,-0.499987
-1.99353,-0.499987
-1.99353,-0.499987
-1.99353,-0.499987
-1.99353,-0.499987
-1.99353,-0.499987
-1.99353,-0.499987
-1.99352,-0.499987
-1.99352,-0.499987
-1.99352,-0.499987
-1.99352,-0.499987
-1.99352,-0.499987
-1.99352,-0.499987
-1.99352,-0.499987
-1.99352,-0.499987
-1.99351,-0.499987
-1.99351,-0.499987
-1.99351,-0.499987
-1.99351,-0.499987
-1.99351,-0.499987
-1.99351,-0.499987
-1.99351,-0.499987
-1.99351,-0.499987
-1.9935,-0.499987
-1.9935,-0.499987
-1.9935,-0.499987
-1.9935,-0.499987
-1.9935,-0.499987
-1.9935,-0.499987
-1.9935,-0.499987
-1.9935,-0.499987
-1.9935,-0.499987
-1.99349,-0.499987
-1.99349,-0.499987
-1.99349,-0.499987
-1.99349,-0.499987
-1.99349,-0.499987
-1.99349,-0.499987
-1.99349,-0.499987
-1.99349,-0.499987
-1.99348,-0.499987
-1.99348,-0.499987
-1.99348,-0.499987
-1.99348,-0.499987
-1.99348,-0.499987
-1.99348,-0.499987
-1.99348,-0.499987
-1.99348,-0.499987
-1.99347,-0.499987
-1.99347,-0.499987
-1.99347,-0.499987
-1.99347,-0.499987
-1.99347,-0.499987
-1.99347,-0.499987
-1.99347,-0.499987
-1.99347,-0.499987
-1.99346,-0.499987
-1.99346,-0.499987
-1.99346,-0.499987
-1.99346,-0.499987
-1.99346,-0.499987
-1.99346,-0.499987
-1.99346,-0.499987
-1.99346,-0.499987
-1.99346,-0.499987
-1.99345,-0.499987
-1.99345,-0.499987
-1.99345,-0.499987
-1.99345,-0.499987
-1.99345,-0.499987
-1.99345,-0.499987
-1.99345,-0.499987
-1.99345,-0.499987
-1.99344,-0.499987
-1.99344,-0.499987
-1.99344,-0.499987
-1.99344,-0.499987
-1.99344,-0.499987
-1.99344,-0.499987
-1.99344,-0.499987
-1.99344,-0.499987
-1.99343,-0.499987
-1.99343,-0.499987
-1.99343,-0.499987
-1.99343,-0.499987
-1.99343,-0.499987
-1.99343,-0.499987
-1.99343,-0.499987
-1.99343,-0.499987
-1.99342,-0.499987
-1.99342,-0.499987
-1.99342,-0.499987
-1.99342,-0.499987
-1.99342,-0.499987
-1.99342,-0.499987
-1.99342,-0.499987
-1.99342,-0.499987
-1.99342,-0.499987
-1.99341,-0.499987
-1.99341,-0.499987
-1.99341,-0.499987
-1.99341,-0.499987
-1.99341,-0.499987
-1.99341,-0.499987
-1.99341,-0.499987
-1.99341,-0.499987
-1.9934,-0.499987
-1.9934,-0.499987
-1.9934,-0.499987
-1.9934,-0.499987
-1.9934,-0.499987
-1.9934,-0.499987
-1.9934,-0.499987
-1.9934,-0.499987
-1.99339,-0.499987
-1.99339,-0.499987
-1.99339,-0.499986
-1.99339,-0.499986
-1.99339,-0.499987
-1.99339,-0.499987
-1.99339,-0.499987
-1.99339,-0.499987
-1.99339,-0.499987
-1.99338,-0.499987
-1.99338,-0.499987
-1.99338,-0.499987
-1.99338,-0.499987
-1.99338,-0.499987
-1.99338,-0.499987
-1.99338,-0.499987
-1.99338,-0.499987
-1.99337,-0.499987
-1.99337,-0.499986
-1.99337,-0.499986
-1.99337,-0.499986
-1.99337,-0.499987
-1.99337,-0.499987
-1.99337,-0.499987
-1.99337,-0.499987
-1.99336,-0.499987
-1.99336,-0.499986
-1.99336,-0.499986
-1.99336,-0.499986
-1.99336,-0.499987
-1.99336,-0.499987
-1.99336,-0.499986
-1.99336,-0.499987
-1.99335,-0.499987
-1.99335,-0.499987
-1.99335,-0.499987
-1.99335,-0.499987
-1.99335,-0.499986
-1.99335,-0.499986
-1.99335,-0.499986
-1.99335,-0.499986
-1.99335,-0.499987
-1.99334,-0.499987
-1.99334,-0.499987
-1.99334,-0.499987
-1.99334,-0.499987
-1.99334,-0.499986
-1.99334,-0.499986
-1.99334,-0.499986
-1.99334,-0.499986
-1.99333,-0.499987
-1.99333,-0.499986
-1.99333,-0.499986
-1.99333,-0.499986
-1.99333,-0.499986
-1.99333,-0.499986
-1.99333,-0.499986
-1.99333,-0.499986
-1.99332,-0.499986
-1.99332,-0.499986
-1.99332,-0.499986
-1.99332,-0.499986
-1.99332,-0.499987
-1.99332,-0.499986
-1.99332,-0.499986
-1.99332,-0.499986
-1.99331,-0.499986
-1.99331,-0.499986
-1.99331,-0.499986
-1.99331,-0.499986
-1.99331,-0.499986
-1.99331,-0.499986
-1.99331,-0.499986
-1.99331,-0.499986
-1.99331,-0.499986
-1.9933,-0.499986
-1.9933,-0.499986
-1.9933,-0.499986
-1.9933,-0.499986
-1.9933,-0.499986
-1.9933,-0.499986
-1.9933,-0.499986
-1.9933,-0.499986
-1.99329,-0.499986
-1.99329,-0.499986
-1.99329,-0.499986
-1.99329,-0.499986
-1.99329,-0.499986
-1.99329,-0.499986
-1.99329,-0.499986
-1.99329,-0.499986
-1.99328,-0.499986
-1.99328,-0.499986
-1.99328,-0.499986
-1.99328,-0.499986
-1.99328,-0.499986
-1.99328,-0.499986
-1.99328,-0.499986
-1.99328,-0.499986
-1.99327,-0.499986
-1.99327,-0.499986
-1.99327,-0.499986
-1.99327,-0.499986
-1.99327,-0.499986
-1.99327,-0.499986
-1.99327,-0.499986
-1.99327,-0.499986
-1.99327,-0.499986
-1.99326,-0.499986
-1.99326,-0.499986
-1.99326,-0.499986
-1.99326,-0.499986
-1.99326,-0.499986
-1.99326,-0.499986
-1.99326,-0.499986
-1.99326,-0.499986
-1.99325,-0.499986
-1.99325,-0.499986
-1.99325,-0.499986
-1.99325,-0.499986
-1.99325,-0.499986
-1.99325,-0.499986
-1.99325,-0.499986
-1.99325,-0.499986
-1.99324,-0.499986
-1.99324,-0.499986
-1.99324,-0.499986
-1.99324,-0.499986
-1.99324,-0.499986
-1.99324,-0.499986
-1.99324,-0.499986
-1.99324,-0.499986
-1.99323,-0.499986
-1.99323,-0.499986
-1.99323,-0.499986
-1.99323,-0.499986
-1.99323,-0.499986
-1.99323,-0.499986
-1.99323,-0.499986
-1.99323,-0.499986
-1.99323,-0.499986
-1.99322,-0.499986
-1.99322,-0.499986
-1.99322,-0.499986
-1.99322,-0.499986
-1.99322,-0.499986
-1.99322,-0.499986
-1.99322,-0.499986
-1.99322,-0.499986
-1.99321,-0.499986
-1.99321,-0.499986
-1.99321,-0.499986
-1.99321,-0.499986
-1.99321,-0.499986
-1.99321,-0.499986
-1.99321,-0.499986
-1.99321,-0.499986
-1.9932,-0.499986
-1.9932,-0.499986
-1.9932,-0.499986
-1.9932,-0.499986
-1.9932,-0.499986
-1.9932,-0.499986
-1.9932,-0.499986
-1.9932,-0.499986
-1.9932,-0.499986
-1.99319,-0.499986
-1.99319,-0.499986
-1.99319,-0.499986
-1.99319,-0.499986
-1.99319,-0.499986
-1.99319,-0.499986
-1.99319,-0.499986
-1.99319,-0.499986
-1.99318,-0.499986
-1.99318,-0.499986
-1.99318,-0.499986
-1.99318,-0.499986
-1.99318,-0.499986
-1.99318,-0.499986
-1.99318,-0.499986
-1.99318,-0.499986
-1.99317,-0.499986
-1.99317,-0.499986
-1.99317,-0.499986
-1.99317,-0.499986
-1.99317,-0.499986
-1.99317,-0.499986
-1.99317,-0.499986
-1.99317,-0.499986
-1.99316,-0.499986
-1.99316,-0.499986
-1.99316,-0.499986
-1.99316,-0.499986
-1.99316,-0.499985
-1.99316,-0.499985
-1.99316,-0.499985
-1.99316,-0.499986
-1.99316,-0.499986
-1.99315,-0.499986
-1.99315,-0.499986
-1.99315,-0.499986
-1.99315,-0.499986
-1.99315,-0.499985
-1.99315,-0.499985
-1.99315,-0.499985
-1.99315,-0.499986
-1.99314,-0.499986
-1.99314,-0.499986
-1.99314,-0.499986
-1.99314,-0.499986
-1.99314,-0.499986
-1.99314,-0.499986
-1.99314,-0.499986
-1.99314,-0.499986
-1.99313,-0.499986
-1.99313,-0.499986
-1.99313,-0.499986
-1.99313,-0.499986
-1.99313,-0.499986
-1.99313,-0.499986
-1.99313,-0.499986
-1.99313,-0.499986
-1.99312,-0.499986
-1.99312,-0.499986
-1.99312,-0.499986
-1.99312,-0.499986
-1.99312,-0.499986
-1.99312,-0.499986
-1.99312,-0.499986
-1.99312,-0.499986
-1.99312,-0.499985
-1.99311,-0.499985
-1.99311,-0.499985
-1.99311,-0.499985
-1.99311,-0.499986
-1.99311,-0.499986
-1.99311,-0.499986
-1.99311,-0.499985
-1.99311,-0.499985
-1.9931,-0.499985
-1.9931,-0.499985
-1.9931,-0.499985
-1.9931,-0.499986
-1.9931,-0.499986
-1.9931,-0.499985
-1.9931,-0.499985
-1.9931,-0.499985
-1.99309,-0.499985
-1.99309,-0.499985
-1.99309,-0.499985
-1.99309,-0.499985
-1.99309,-0.499985
-1.99309,-0.499985
-1.99309,-0.499985
-1.99309,-0.499985
-1.99309,-0.499985
-1.99308,-0.499985
-1.99308,-0.499985
-1.99308,-0.499985
-1.99308,-0.499985
-1.99308,-0.499985
-1.99308,-0.499985
-1.99308,-0.499985
-1.99308,-0.499985
-1.99307,-0.499985
-1.99307,-0.499985
-1.99307,-0.499985
-1.99307,-0.499985
-1.99307,-0.499985
-1.99307,-0.499985
-1.99307,-0.499985
-1.99307,-0.499985
-1.99306,-0.499985
-1.99306,-0.499985
-1.99306,-0.499985
-1.99306,-0.499985
-1.99306,-0.499985
-1.99306,-0.499985
-1.99306,-0.499985
-1.99306,-0.499985
-1.99305,-0.499985
-1.99305,-0.499985
-1.99305,-0.499985
-1.99305,-0.499985
-1.99305,-0.499985
-1.99305,-0.499985
-1.99305,-0.499985
-1.99305,-0.499985
-1.99305,-0.499985
-1.99304,-0.499985
-1.99304,-0.499985
-1.99304,-0.499985
-1.99304,-0.499985
-1.99304,-0.499985
-1.99304,-0.499985
-1.99304,-0.499985
-1.99304,-0.499985
-1.99303,-0.499985
-1.99303,-0.499985
-1.99303,-0.499985
-1.99303,-0.499985
-1.99303,-0.499985
-1.99303,-0.499985
-1.99303,-0.499985
-1.99303,-0.499985
-1.99302,-0.499985
-1.99302,-0.499985
-1.99302,-0.499985
-1.99302,-0.499985
-1.99302,-0.499985
-1.99302,-0.499985
-1.99302,-0.499985
-1.99302,-0.499985
-1.99301,-0.499985
-1.99301,-0.499985
-1.99301,-0.499985
-1.99301,-0.499985
-1.99301,-0.499985
-1.99301,-0.499985
-1.99301,-0.499985
-1.99301,-0.499985
-1.99301,-0.499985
-1.993,-0.499985
-1.993,-0.499985
-1.993,-0.499985
-1.993,-0.499985
-1.993,-0.499985
-1.993,-0.499985
-1.993,-0.499985
-1.993,-0.499985
-1.99299,-0.499985
-1.99299,-0.499985
-1.99299,-0.499985
-1.99299,-0.499985
-1.99299,-0.499985
-1.99299,-0.499985
-1.99299,-0.499985
-1.99299,-0.499985
-1.99298,-0.499985
-1.99298,-0.499985
-1.99298,-0.499985
-1.99298,-0.499985
-1.99298,-0.499985
-1.99298,-0.499985
-1.99298,-0.499985
-1.99298,-0.499985
-1.99298,-0.499985
-1.99297,-0.499985
-1.99297,-0.499985
-1.99297,-0.499985
-1.99297,-0.499985
-1.99297,-0.499985
-1.99297,-0.499985
-1.99297,-0.499985
-1.99297,-0.499985
-1.99296,-0.499985
-1.99296,-0.499985
-1.99296,-0.499985
-1.99296,-0.499985
-1.99296,-0.499985
-1.99296,-0.499985
-1.99296,-0.499985
-1.99296,-0.499985
-1.99295,-0.499985
-1.99295,-0.499985
-1.99295,-0.499985
-1.99295,-0.499985
-1.99295,-0.499985
-1.99295,-0.499985
-1.99295,-0.499985
-1.99295,-0.499985
-1.99294,-0.499985
-1.99294,-0.499985
-1.99294,-0.499985
-1.99294,-0.499985
-1.99294,-0.499985
-1.99294,-0.499985
-1.99294,-0.499985
-1.99294,-0.499985
-1.99294,-0.499985
-1.99293,-0.499985
-1.99293,-0.499985
-1.99293,-0.499985
-1.99293,-0.499984
-1.99293,-0.499985
-1.99293,-0.499985
-1.99293,-0.499985
-1.99293,-0.499985
-1.99292,-0.499985
-1.99292,-0.499985
-1.99292,-0.499985
-1.99292,-0.499985
-1.99292,-0.499985
-1.99292,-0.499985
-1.99292,-0.499985
-1.99292,-0.499985
-1.99291,-0.499985
-1.99291,-0.499984
-1.99291,-0.499984
-1.99291,-0.499984
-1.99291,-0.499984
-1.99291,-0.499984
-1.99291,-0.499985
-1.99291,-0.499985
-1.9929,-0.499984
-1.9929,-0.499984
-1.9929,-0.499984
-1.9929,-0.499984
-1.9929,-0.499984
-1.9929,-0.499984
-1.9929,-0.499984
-1.9929,-0.499984
-1.9929,-0.499985
-1.99289,-0.499985
-1.99289,-0.499985
-1.99289,-0.499985
-1.99289,-0.499985
-1.99289,-0.499984
-1.99289,-0.499984
-1.99289,-0.499984
-1.99289,-0.499984
-1.99288,-0.499984
-1.99288,-0.499984
-1.99288,-0.499984
-1.99288,-0.499984
-1.99288,-0.499984
-1.99288,-0.499984
-1.99288,-0.499984
-1.99288,-0.499984
-1.99287,-0.499984
-1.99287,-0.499985
-1.99287,-0.499985
-1.99287,-0.499985
-1.99287,-0.499985
-1.99287,-0.499984
-1.99287,-0.499984
-1.99287,-0.499984
-1.99286,-0.499984
-1.99286,-0.499984
-1.99286,-0.499984
-1.99286,-0.499984
-1.99286,-0.499984
-1.99286,-0.499984
-1.99286,-0.499984
-1.99286,-0.499984
-1.99286,-0.499984
-1.99285,-0.499984
-1.99285,-0.499984
-1.99285,-0.499984
-1.99285,-0.499984
-1.99285,-0.499984
-1.99285,-0.499984
-1.99285,-0.499984
-1.99285,-0.499984
-1.99284,-0.499984
-1.99284,-0.499984
-1.99284,-0.499984
-1.99284,-0.499984
-1.99284,-0.499984
-1.99284,-0.499984
-1.99284,-0.499984
-1.99284,-0.499984
-1.99283,-0.499984
-1.99283,-0.499984
-1.99283,-0.499984
-1.99283,-0.499984
-1.99283,-0.499984
-1.99283,-0.499984
-1.99283,-0.499984
-1.99283,-0.499984
-1.99283,-0.499984
-1.99282,-0.499984
-1.99282,-0.499984
-1.99282,-0.499984
-1.99282,-0.499984
-1.99282,-0.499984
-1.99282,-0.499984
-1.99282,-0.499984
-1.99282,-0.499984
-1.99281,-0.499984
-1.99281,-0.499984
-1.99281,-0.499984
-1.99281,-0.499984
-1.99281,-0.499984
-1.99281,-0.499984
-1.99281,-0.499984
-1.99281,-0.499984
-1.9928,-0.499984
-1.9928,-0.499984
-1.9928,-0.499984
-1.9928,-0.499984
-1.9928,-0.499984
-1.9928,-0.499984
-1.9928,-0.499984
-1.9928,-0.499984
-1.99279,-0.499984
-1.99279,-0.499984
-1.99279,-0.499984
-1.99279,-0.499984
-1.99279,-0.499984
-1.99279,-0.499984
-1.99279,-0.499984
-1.99279,-0.499984
-1.99279,-0.499984
-1.99278,-0.499984
-1.99278,-0.499984
-1.99278,-0.499984
-1.99278,-0.499984
-1.99278,-0.499984
-1.99278,-0.499984
-1.99278,-0.499984
-1.99278,-0.499984
-1.99277,-0.499984
-1.99277,-0.499984
-1.99277,-0.499984
-1.99277,-0.499984
-1.99277,-0.499984
-1.99277,-0.499984
-1.99277,-0.499984
-1.99277,-0.499984
-1.99276,-0.499984
-1.99276,-0.499984
-1.99276,-0.499984
-1.99276,-0.499984
-1.99276,-0.499984
-1.99276,-0.499984
-1.99276,-0.499984
-1.99276,-0.499984
-1.99275,-0.499984
-1.99275,-0.499984
-1.99275,-0.499984
-1.99275,-0.499984
-1.99275,-0.499984
-1.99275,-0.499984
-1.99275,-0.499984
-1.99275,-0.499984
-1.99275,-0.499984
-1.99274,-0.499984
-1.99274,-0.499984
-1.99274,-0.499984
-1.99274,-0.499984
-1.99274,-0.499984
-1.99274,-0.499984
-1.99274,-0.499984
-1.99274,-0.499984
-1.99273,-0.499984
-1.99273,-0.499984
-1.99273,-0.499984
-1.99273,-0.499984
-1.99273,-0.499984
-1.99273,-0.499984
-1.99273,-0.499984
-1.99273,-0.499984
-1.99272,-0.499984
-1.99272,-0.499984
-1.99272,-0.499984
-1.99272,-0.499984
-1.99272,-0.499984
-1.99272,-0.499984
-1.99272,-0.499984
-1.99272,-0.499984
-1.99271,-0.499984
-1.99271,-0.499984
-1.99271,-0.499983
-1.99271,-0.499983
-1.99271,-0.499984
-1.99271,-0.499984
-1.99271,-0.499984
-1.99271,-0.499984
-1.99271,-0.499984
-1.9927,-0.499984
-1.9927,-0.499984
-1.9927,-0.499984
-1.9927,-0.499984
-1.9927,-0.499984
-1.9927,-0.499983
-1.9927,-0.499983
-1.9927,-0.499983
-1.99269,-0.499983
-1.99269,-0.499983
-1.99269,-0.499984
-1.99269,-0.499984
-1.99269,-0.499984
-1.99269,-0.499984
-1.99269,-0.499984
-1.99269,-0.499983
-1.99268,-0.499983
-1.99268,-0.499983
-1.99268,-0.499983
-1.99268,-0.499983
-1.99268,-0.499983
-1.99268,-0.499983
-1.99268,-0.499983
-1.99268,-0.499983
-1.99268,-0.499983
-1.99267,-0.499983
-1.99267,-0.499983
-1.99267,-0.499983
-1.99267,-0.499983
-1.99267,-0.499984
-1.99267,-0.499984
-1.99267,-0.499983
-1.99267,-0.499983
-1.99266,-0.499983
-1.99266,-0.499983
-1.99266,-0.499983
-1.99266,-0.499984
-1.99266,-0.499983
-1.99266,-0.499983
-1.99266,-0.499983
-1.99266,-0.499983
-1.99265,-0.499983
-1.99265,-0.499983
-1.99265,-0.499983
-1.99265,-0.499983
-1.99265,-0.499983
-1.99265,-0.499983
-1.99265,-0.499983
-1.99265,-0.499983
-1.99264,-0.499983
-1.99264,-0.499983
-1.99264,-0.499983
-1.99264,-0.499983
-1.99264,-0.499983
-1.99264,-0.499983
-1.99264,-0.499983
-1.99264,-0.499983
-1.99264,-0.499983
-1.99263,-0.499983
-1.99263,-0.499983
-1.99263,-0.499983
-1.99263,-0.499983
-1.99263,-0.499983
-1.99263,-0.499983
-1.99263,-0.499983
-1.99263,-0.499983
-1.99262,-0.499983
-1.99262,-0.499983
-1.99262,-0.499983
-1.99262,-0.499983
-1.99262,-0.499983
-1.99262,-0.499983
-1.99262,-0.499983
-1.99262,-0.499983
-1.99261,-0.499983
-1.99261,-0.499983
-1.99261,-0.499983
-1.99261,-0.499983
-1.99261,-0.499983
-1.99261,-0.499983
-1.99261,-0.499983
-1.99261,-0.499983
-1.9926,-0.499983
-1.9926,-0.499983
-1.9926,-0.499983
-1.9926,-0.499983
-1.9926,-0.499983
-1.9926,-0.499983
-1.9926,-0.499983
-1.9926,-0.499983
-1.9926,-0.499983
-1.99259,-0.499983
-1.99259,-0.499983
-1.99259,-0.499983
-1.99259,-0.499983
-1.99259,-0.499983
-1.99259,-0.499983
-1.99259,-0.499983
-1.99259,-0.499983
-1.99258,-0.499983
-1.99258,-0.499983
-1.99258,-0.499983
-1.99258,-0.499983
-1.99258,-0.499983
-1.99258,-0.499983
-1.99258,-0.499983
-1.99258,-0.499983
-1.99257,-0.499983
-1.99257,-0.499983
-1.99257,-0.499983
-1.99257,-0.499983
-1.99257,-0.499983
-1.99257,-0.499983
-1.99257,-0.499983
-1.99257,-0.499983
-1.99257,-0.499983
-1.99256,-0.499983
-1.99256,-0.499983
-1.99256,-0.499983
-1.99256,-0.499983
-1.99256,-0.499983
-1.99256,-0.499983
-1.99256,-0.499983
-1.99256,-0.499983
-1.99255,-0.499983
-1.99255,-0.499983
-1.99255,-0.499983
-1.99255,-0.499983
-1.99255,-0.499983
-1.99255,-0.499983
-1.99255,-0.499983
-1.99255,-0.499983
-1.99254,-0.499983
-1.99254,-0.499983
-1.99254,-0.499983
-1.99254,-0.499983
-1.99254,-0.499983
-1.99254,-0.499983
-1.99254,-0.499983
-1.99254,-0.499983
-1.99253,-0.499983
-1.99253,-0.499983
-1.99253,-0.499983
-1.99253,-0.499983
-1.99253,-0.499983
-1.99253,-0.499983
-1.99253,-0.499983
-1.99253,-0.499983
-1.99253,-0.499983
-1.99252,-0.499983
-1.99252,-0.499983
-1.99252,-0.499983
-1.99252,-0.499983
-1.99252,-0.499983
-1.99252,-0.499983
-1.99252,-0.499983
-1.99252,-0.499983
-1.99251,-0.499983
-1.99251,-0.499983
-1.99251,-0.499983
-1.99251,-0.499983
-1.99251,-0.499983
-1.99251,-0.499983
-1.99251,-0.499983
-1.99251,-0.499983
-1.9925,-0.499983
-1.9925,-0.499983
-1.9925,-0.499983
-1.9925,-0.499983
-1.9925,-0.499983
-1.9925,-0.499983
-1.9925,-0.499983
-1.9925,-0.499983
-1.9925,-0.499983
-1.99249,-0.499983
-1.99249,-0.499983
-1.99249,-0.499983
-1.99249,-0.499983
-1.99249,-0.499983
-1.99249,-0.499983
-1.99249,-0.499983
-1.99249,-0.499983
-1.99248,-0.499983
-1.99248,-0.499983
-1.99248,-0.499983
-1.99248,-0.499983
-1.99248,-0.499983
-1.99248,-0.499983
-1.99248,-0.499982
-1.99248,-0.499982
-1.99247,-0.499982
-1.99247,-0.499982
-1.99247,-0.499983
-1.99247,-0.499983
-1.99247,-0.499983
-1.99247,-0.499982
-1.99247,-0.499982
-1.99247,-0.499982
-1.99246,-0.499982
-1.99246,-0.499982
-1.99246,-0.499983
-1.99246,-0.499983
-1.99246,-0.499983
-1.99246,-0.499982
-1.99246,-0.499982
-1.99246,-0.499982
-1.99246,-0.499982
-1.99245,-0.499982
-1.99245,-0.499983
-1.99245,-0.499983
-1.99245,-0.499983
-1.99245,-0.499982
-1.99245,-0.499982
-1.99245,-0.499982
-1.99245,-0.499982
-1.99244,-0.499982
-1.99244,-0.499982
-1.99244,-0.499982
-1.99244,-0.499982
-1.99244,-0.499982
-1.99244,-0.499982
-1.99244,-0.499982
-1.99244,-0.499982
-1.99243,-0.499983
-1.99243,-0.499983
-1.99243,-0.499982
-1.99243,-0.499982
-1.99243,-0.499982
-1.99243,-0.499982
-1.99243,-0.499982
-1.99243,-0.499982
-1.99242,-0.499982
-1.99242,-0.499982
-1.99242,-0.499982
-1.99242,-0.499982
-1.99242,-0.499982
-1.99242,-0.499982
-1.99242,-0.499982
-1.99242,-0.499982
-1.99242,-0.499982
-1.99241,-0.499982
-1.99241,-0.499982
-1.99241,-0.499982
-1.99241,-0.499982
-1.99241,-0.499982
-1.99241,-0.499982
-1.99241,-0.499982
-1.99241,-0.499982
-1.9924,-0.499982
-1.9924,-0.499982
-1.9924,-0.499982
-1.9924,-0.499982
-1.9924,-0.499982
-1.9924,-0.499982
-1.9924,-0.499982
-1.9924,-0.499982
-1.99239,-0.499982
-1.99239,-0.499982
-1.99239,-0.499982
-1.99239,-0.499982
-1.99239,-0.499982
-1.99239,-0.499982
-1.99239,-0.499982
-1.99239,-0.499982
-1.99238,-0.499982
-1.99238,-0.499982
-1.99238,-0.499982
-1.99238,-0.499982
-1.99238,-0.499982
-1.99238,-0.499982
-1.99238,-0.499982
-1.99238,-0.499982
-1.99238,-0.499982
-1.99237,-0.499982
-1.99237,-0.499982
-1.99237,-0.499982
-1.99237,-0.499982
-1.99237,-0.499982
-1.99237,-0.499982
-1.99237,-0.499982
-1.99237,-0.499982
-1.99236,-0.499982
-1.99236,-0.499982
-1.99236,-0.499982
-1.99236,-0.499982
-1.99236,-0.499982
-1.99236,-0.499982
-1.99236,-0.499982
-1.99236,-0.499982
-1.99235,-0.499982
-1.99235,-0.499982
-1.99235,-0.499982
-1.99235,-0.499982
-1.99235,-0.499982
-1.99235,-0.499982
-1.99235,-0.499982
-1.99235,-0.499982
-1.99235,-0.499982
-1.99234,-0.499982
-1.99234,-0.499982
-1.99234,-0.499982
-1.99234,-0.499982
-1.99234,-0.499982
-1.99234,-0.499982
-1.99234,-0.499982
-1.99234,-0.499982
-1.99233,-0.499982
-1.99233,-0.499982
-1.99233,-0.499982
-1.99233,-0.499982
-1.99233,-0.499982
-1.99233,-0.499982
-1.99233,-0.499982
-1.99233,-0.499982
-1.99232,-0.499982
-1.99232,-0.499982
-1.99232,-0.499982
-1.99232,-0.499982
-1.99232,-0.499982
-1.99232,-0.499982
-1.99232,-0.499982
-1.99232,-0.499982
-1.99231,-0.499982
-1.99231,-0.499982
-1.99231,-0.499982
-1.99231,-0.499982
-1.99231,-0.499982
-1.99231,-0.499982
-1.99231,-0.499982
-1.99231,-0.499982
-1.99231,-0.499982
-1.9923,-0.499982
-1.9923,-0.499982
-1.9923,-0.499982
-1.9923,-0.499982
-1.9923,-0.499982
-1.9923,-0.499982
-1.9923,-0.499982
-1.9923,-0.499982
-1.99229,-0.499982
-1.99229,-0.499982
-1.99229,-0.499982
-1.99229,-0.499982
-1.99229,-0.499982
-1.99229,-0.499982
-1.99229,-0.499982
-1.99229,-0.499982
-1.99228,-0.499982
-1.99228,-0.499981
-1.99228,-0.499981
-1.99228,-0.499981
-1.99228,-0.499981
-1.99228,-0.499981
-1.99228,-0.499982
-1.99228,-0.499982
-1.99227,-0.499982
-1.99227,-0.499982
-1.99227,-0.499981
-1.99227,-0.499981
-1.99227,-0.499981
-1.99227,-0.499981
-1.99227,-0.499981
-1.99227,-0.499982
-1.99227,-0.499982
-1.99226,-0.499982
-1.99226,-0.499981
-1.99226,-0.499981
-1.99226,-0.499981
-1.99226,-0.499981
-1.99226,-0.499981
-1.99226,-0.499981
-1.99226,-0.499981
-1.99225,-0.499981
-1.99225,-0.499981
-1.99225,-0.499981
-1.99225,-0.499981
-1.99225,-0.499981
-1.99225,-0.499981
-1.99225,-0.499981
-1.99225,-0.499981
-1.99224,-0.499981
-1.99224,-0.499981
-1.99224,-0.499981
-1.99224,-0.499981
-1.99224,-0.499981
-1.99224,-0.499981
-1.99224,-0.499981
-1.99224,-0.499981
-1.99223,-0.499982
-1.99223,-0.499981
-1.99223,-0.499981
-1.99223,-0.499981
-1.99223,-0.499981
-1.99223,-0.499981
-1.99223,-0.499981
-1.99223,-0.499981
-1.99223,-0.499981
-1.99222,-0.499981
-1.99222,-0.499981
-1.99222,-0.499981
-1.99222,-0.499981
-1.99222,-0.499981
-1.99222,-0.499981
-1.99222,-0.499981
-1.99222,-0.499981
-1.99221,-0.499981
-1.99221,-0.499981
-1.99221,-0.499981
-1.99221,-0.499981
-1.99221,-0.499981
-1.99221,-0.499981
-1.99221,-0.499981
-1.99221,-0.499981
-1.9922,-0.499981
-1.9922,-0.499981
-1.9922,-0.499981
-1.9922,-0.499981
-1.9922,-0.499981
-1.9922,-0.499981
-1.9922,-0.499981
-1.9922,-0.499981
-1.99219,-0.499981
-1.99219,-0.499981
-1.99219,-0.499981
-1.99219,-0.499981
-1.99219,-0.499981
-1.99219,-0.499981
-1.99219,-0.499981
-1.99219,-0.499981
-1.99219,-0.499981
-1.99218,-0.499981
-1.99218,-0.499981
-1.99218,-0.499981
-1.99218,-0.499981
-1.99218,-0.499981
-1.99218,-0.499981
-1.99218,-0.499981
-1.99218,-0.499981
-1.99217,-0.499981
-1.99217,-0.499981
-1.99217,-0.499981
-1.99217,-0.499981
-1.99217,-0.499981
-1.99217,-0.499981
-1.99217,-0.499981
-1.99217,-0.499981
-1.99216,-0.499981
-1.99216,-0.499981
-1.99216,-0.499981
-1.99216,-0.499981
-1.99216,-0.499981
-1.99216,-0.499981
-1.99216,-0.499981
-1.99216,-0.499981
-1.99216,-0.499981
-1.99215,-0.499981
-1.99215,-0.499981
-1.99215,-0.499981
-1.99215,-0.499981
-1.99215,-0.499981
-1.99215,-0.499981
-1.99215,-0.499981
-1.99215,-0.499981
-1.99214,-0.499981
-1.99214,-0.499981
-1.99214,-0.499981
-1.99214,-0.499981
-1.99214,-0.499981
-1.99214,-0.499981
-1.99214,-0.499981
-1.99214,-0.499981
-1.99213,-0.499981
-1.99213,-0.499981
-1.99213,-0.499981
-1.99213,-0.499981
-1.99213,-0.499981
-1.99213,-0.499981
-1.99213,-0.499981
-1.99213,-0.499981
-1.99212,-0.499981
-1.99212,-0.499981
-1.99212,-0.499981
-1.99212,-0.499981
-1.99212,-0.499981
-1.99212,-0.499981
-1.99212,-0.499981
-1.99212,-0.499981
-1.99212,-0.499981
-1.99211,-0.499981
-1.99211,-0.499981
-1.99211,-0.499981
-1.99211,-0.499981
-1.99211,-0.499981
-1.99211,-0.499981
-1.99211,-0.499981
-1.99211,-0.499981
-1.9921,-0.499981
-1.9921,-0.49998
-1.9921,-0.499981
-1.9921,-0.499981
-1.9921,-0.499981
-1.9921,-0.499981
-1.9921,-0.499981
-1.9921,-0.499981
-1.99209,-0.499981
-1.99209,-0.499981
-1.99209,-0.499981
-1.99209,-0.499981
-1.99209,-0.49998
-1.99209,-0.49998
-1.99209,-0.499981
-1.99209,-0.499981
-1.99209,-0.499981
-1.99208,-0.499981
-1.99208,-0.499981
-1.99208,-0.499981
-1.99208,-0.499981
-1.99208,-0.499981
-1.99208,-0.499981
-1.99208,-0.49998
-1.99208,-0.49998
-1.99207,-0.49998
-1.99207,-0.49998
-1.99207,-0.499981
-1.99207,-0.499981
-1.99207,-0.499981
-1.99207,-0.499981
-1.99207,-0.49998
-1.99207,-0.49998
-1.99206,-0.49998
-1.99206,-0.49998
-1.99206,-0.49998
-1.99206,-0.49998
-1.99206,-0.49998
-1.99206,-0.49998
-1.99206,-0.49998
-1.99206,-0.49998
-1.99205,-0.49998
-1.99205,-0.49998
-1.99205,-0.499981
-1.99205,-0.499981
-1.99205,-0.49998
-1.99205,-0.49998
-1.99205,-0.49998
-1.99205,-0.49998
-1.99205,-0.49998
-1.99204,-0.49998
-1.99204,-0.49998
-1.99204,-0.49998
-1.99204,-0.49998
-1.99204,-0.49998
-1.99204,-0.49998
-1.99204,-0.49998
-1.99204,-0.49998
-1.99203,-0.49998
-1.99203,-0.49998
-1.99203,-0.49998
-1.99203,-0.49998
-1.99203,-0.49998
-1.99203,-0.49998
-1.99203,-0.49998
-1.99203,-0.49998
-1.99202,-0.49998
-1.99202,-0.49998
-1.99202,-0.49998
-1.99202,-0.499981
-1.99202,-0.49998
-1.99202,-0.49998
-1.99202,-0.49998
-1.99202,-0.49998
-1.99201,-0.49998
-1.99201,-0.49998
-1.99201,-0.49998
-1.99201,-0.49998
-1.99201,-0.49998
-1.99201,-0.49998
-1.99201,-0.49998
-1.99201,-0.49998
-1.99201,-0.49998
-1.992,-0.49998
-1.992,-0.49998
-1.992,-0.49998
-1.992,-0.49998
-1.992,-0.49998
-1.992,-0.49998
-1.992,-0.49998
-1.992,-0.49998
-1.99199,-0.49998
-1.99199,-0.49998
-1.99199,-0.49998
-1.99199,-0.49998
-1.99199,-0.49998
-1.99199,-0.49998
-1.99199,-0.49998
-1.99199,-0.49998
-1.99198,-0.49998
-1.99198,-0.49998
-1.99198,-0.49998
-1.99198,-0.49998
-1.99198,-0.49998
-1.99198,-0.49998
-1.99198,-0.49998
-1.99198,-0.49998
-1.99197,-0.49998
-1.99197,-0.49998
-1.99197,-0.49998
-1.99197,-0.49998
-1.99197,-0.49998
-1.99197,-0.49998
-1.99197,-0.49998
-1.99197,-0.49998
-1.99197,-0.49998
-1.99196,-0.49998
-1.99196,-0.49998
-1.99196,-0.49998
-1.99196,-0.49998
-1.99196,-0.49998
-1.99196,-0.49998
-1.99196,-0.49998
-1.99196,-0.49998
-1.99195,-0.49998
-1.99195,-0.49998
-1.99195,-0.49998
-1.99195,-0.49998
-1.99195,-0.49998
-1.99195,-0.49998
-1.99195,-0.49998
-1.99195,-0.49998
-1.99194,-0.49998
-1.99194,-0.49998
-1.99194,-0.49998
-1.99194,-0.49998
-1.99194,-0.49998
-1.99194,-0.49998
-1.99194,-0.49998
-1.99194,-0.49998
-1.99194,-0.49998
-1.99193,-0.49998
-1.99193,-0.49998
-1.99193,-0.49998
-1.99193,-0.49998
-1.99193,-0.49998
-1.99193,-0.49998
-1.99193,-0.49998
-1.99193,-0.49998
-1.99192,-0.49998
-1.99192,-0.49998
-1.99192,-0.49998
-1.99192,-0.49998
-1.99192,-0.49998
-1.99192,-0.49998
-1.99192,-0.49998
-1.99192,-0.49998
-1.99191,-0.49998
-1.99191,-0.49998
-1.99191,-0.49998
-1.99191,-0.49998
-1.99191,-0.49998
-1.99191,-0.49998
-1.99191,-0.49998
-1.99191,-0.49998
-1.9919,-0.49998
-1.9919,-0.49998
-1.9919,-0.49998
-1.9919,-0.49998
-1.9919,-0.49998
-1.9919,-0.49998
-1.9919,-0.49998
-1.9919,-0.49998
-1.9919,-0.49998
-1.99189,-0.49998
-1.99189,-0.49998
-1.99189,-0.49998
-1.99189,-0.49998
-1.99189,-0.49998
-1.99189,-0.49998
-1.99189,-0.49998
-1.99189,-0.49998
-1.99188,-0.49998
-1.99188,-0.49998
-1.99188,-0.49998
-1.99188,-0.499979
-1.99188,-0.499979
-1.99188,-0.499979
-1.99188,-0.499979
-1.99188,-0.499979
-1.99187,-0.499979
-1.99187,-0.499979
-1.99187,-0.499979
-1.99187,-0.499979
-1.99187,-0.499979
-1.99187,-0.499979
-1.99187,-0.499979
-1.99187,-0.499979
-1.99186,-0.49998
-1.99186,-0.49998
-1.99186,-0.49998
-1.99186,-0.499979
-1.99186,-0.499979
-1.99186,-0.499979
-1.99186,-0.499979
-1.99186,-0.499979
-1.99186,-0.499979
-1.99185,-0.499979
-1.99185,-0.499979
-1.99185,-0.499979
-1.99185,-0.49998
-1.99185,-0.49998
-1.99185,-0.499979
-1.99185,-0.499979
-1.99185,-0.499979
-1.99184,-0.499979
-1.99184,-0.499979
-1.99184,-0.499979
-1.99184,-0.499979
-1.99184,-0.499979
-1.99184,-0.499979
-1.99184,-0.499979
-1.99184,-0.499979
-1.99183,-0.499979
-1.99183,-0.499979
-1.99183,-0.499979
-1.99183,-0.499979
-1.99183,-0.499979
-1.99183,-0.499979
-1.99183,-0.499979
-1.99183,-0.499979
-1.99183,-0.499979
-1.99182,-0.499979
-1.99182,-0.499979
-1.99182,-0.499979
-1.99182,-0.499979
-1.99182,-0.499979
-1.99182,-0.499979
-1.99182,-0.499979
-1.99182,-0.499979
-1.99181,-0.499979
-1.99181,-0.499979
-1.99181,-0.499979
-1.99181,-0.499979
-1.99181,-0.499979
-1.99181,-0.499979
-1.99181,-0.499979
-1.99181,-0.499979
-1.9918,-0.499979
-1.9918,-0.499979
-1.9918,-0.499979
-1.9918,-0.499979
-1.9918,-0.499979
-1.9918,-0.499979
-1.9918,-0.499979
-1.9918,-0.499979
-1.99179,-0.499979
-1.99179,-0.499979
-1.99179,-0.499979
-1.99179,-0.499979
-1.99179,-0.499979
-1.99179,-0.499979
-1.99179,-0.499979
-1.99179,-0.499979
-1.99179,-0.499979
-1.99178,-0.499979
-1.99178,-0.499979
-1.99178,-0.499979
-1.99178,-0.499979
-1.99178,-0.499979
-1.99178,-0.499979
-1.99178,-0.499979
-1.99178,-0.499979
-1.99177,-0.499979
-1.99177,-0.499979
-1.99177,-0.499979
-1.99177,-0.499979
-1.99177,-0.499979
-1.99177,-0.499979
-1.99177,-0.499979
-1.99177,-0.499979
-1.99176,-0.499979
-1.99176,-0.499979
-1.99176,-0.499979
-1.99176,-0.499979
-1.99176,-0.499979
-1.99176,-0.499979
-1.99176,-0.499979
-1.99176,-0.499979
-1.99175,-0.499979
-1.99175,-0.499979
-1.99175,-0.499979
-1.99175,-0.499979
-1.99175,-0.499979
-1.99175,-0.499979
-1.99175,-0.499979
-1.99175,-0.499979
-1.99175,-0.499979
-1.99174,-0.499979
-1.99174,-0.499979
-1.99174,-0.499979
-1.99174,-0.499979
-1.99174,-0.499979
-1.99174,-0.499979
-1.99174,-0.499979
-1.99174,-0.499979
-1.99173,-0.499979
-1.99173,-0.499979
