x,y,p_xx,p_xy,p_yy
0,0,0.510203,2.05752e-08,0.510203
0,0,0.520809,1.6248e-07,0.520809
0,0,0.53183,5.48549e-07,0.531829
0,0,0.543271,1.30206e-06,0.543269
0,0,0.555145,2.55257e-06,0.555141
0,0,0.567468,4.4355e-06,0.56746
0,0,0.580234,7.06626e-06,0.580222
0,0,0.593467,1.05904e-05,0.593449
0,0,0.607176,1.51425e-05,0.607149
0,0,0.621476,2.10611e-05,0.621438
0,0,0.636082,2.79169e-05,0.636032
0,0,0.651302,3.64156e-05,0.651235
0,0,0.667033,4.64736e-05,0.666948
0,0,0.683318,5.83017e-05,0.68321
0,0,0.700187,7.20959e-05,0.700052
0,0,0.717588,8.78281e-05,0.717424
0,0,0.735631,0.000105919,0.735432
0,0,0.754221,0.000126185,0.753983
0,0,0.773456,0.000149034,0.773174
0,0,0.793536,0.00017528,0.793203
0,0,0.813906,0.000203068,0.81352
0,0,0.83514,0.000234509,0.834693
0,0,0.857093,0.000269204,0.856578
0,0,0.879755,0.000307207,0.879167
0,0,0.903169,0.000348768,0.902501
0,0,0.927354,0.000394053,0.926597
0,0,0.952343,0.000443292,0.95149
0,0,0.978158,0.000496662,0.977202
0,0,1.0048,0.000554211,1.00373
0,0,1.0323,0.000616226,1.03111
0,0,1.06072,0.000682975,1.0594
0,0,1.09005,0.000754537,1.08859
0,0,1.12031,0.000831027,1.1187
0,0,1.1515,0.000912509,1.14973
0,0,1.18376,0.00099973,1.18182
0,0,1.2171,0.00109285,1.21498
0,0,1.25142,0.00119131,1.2491
0,0,1.28686,0.00129597,1.28434
0,0,1.32346,0.00140698,1.32072
0,0,1.36119,0.00152428,1.35822
0,0,1.40021,0.00164879,1.397
0,0,1.4403,0.00177924,1.43683
0,0,1.48174,0.00191724,1.478
0,0,1.5245,0.00206269,1.52048
0,0,1.5686,0.00221565,1.56428
0,0,1.61406,0.00237619,1.60941
0,0,1.66101,0.00254521,1.65603
0,0,1.70936,0.00272205,1.70404
0,0,1.75954,0.00290939,1.75385
0,0,1.81065,0.00310163,1.80458
0,0,1.86371,0.00330499,1.85724
0,0,1.91837,0.00351737,1.91148
0,0,1.97461,0.00373852,1.96729
0,0,2.03276,0.00397051,2.02498
0,0,2.09251,0.0042113,2.08426
0,0,2.15424,0.00446327,2.14549
0,0,2.21764,0.00472439,2.20837
0,0,2.28304,0.00499668,2.27324
0,0,2.35049,0.0052804,2.34013
0,0,2.42047,0.00557866,2.40951
0,0,2.49149,0.00588148,2.47993
0,0,2.56499,0.00619838,2.55281
0,0,2.64092,0.00652885,2.62809
0,0,2.7191,0.0068716,2.70559
0,0,2.79945,0.00722599,2.78524
0,0,2.88209,0.00759276,2.86716
0,0,2.96715,0.00797254,2.95146
0,0,3.05485,0.00836674,3.03838
0,0,3.14526,0.00877575,3.12799
0,0,3.2388,0.00920224,3.22068
0,0,3.33329,0.00963123,3.31432
0,0,3.43102,0.0100782,3.41117
0,0,3.53253,0.0105465,3.51175
0,0,3.63628,0.0110257,3.61456
0,0,3.74307,0.0115208,3.72036
0,0,3.85299,0.0120325,3.82927
0,0,3.96665,0.0125647,3.94187
0,0,4.0819,0.0131024,4.05606
0,0,4.20113,0.0136619,4.17418
0,0,4.32363,0.0142381,4.29555
0,0,4.44966,0.0148325,4.4204
0,0,4.5789,0.0154427,4.54842
0,0,4.71205,0.0160733,4.68033
0,0,4.84838,0.0167191,4.81537
0,0,4.98888,0.0173866,4.95456
0,0,5.13257,0.0180689,5.09689
0,0,5.2819,0.0187824,5.24481
0,0,5.43391,0.0195067,5.39539
0,0,5.58858,0.0202414,5.5486
0,0,5.75003,0.0210144,5.70852
0,0,5.91269,0.0217873,5.86964
0,0,6.08098,0.0225901,6.03634
0,0,6.25363,0.0234137,6.20736
0,0,6.43396,0.0242804,6.38597
0,0,6.61321,0.0251308,6.56354
0,0,6.79966,0.0260202,6.74822
0,0,6.99081,0.0269316,6.93756
0,0,7.18696,0.0278667,7.13186
0,0,7.38804,0.0288248,7.33104
0,0,7.59396,0.0298048,7.53501
0.0158323,-0.0148266,6.01719,0.0095211,5.99832
0.0020528,0.00019542,0.0489728,-3.33449e-07,0.0489736
0.00213675,0.000158994,0.0590413,-2.88498e-07,0.0590419
0.0021776,6.84251e-05,0.0290015,-6.29813e-08,0.0290016
0.00220378,3.5173e-05,0.039037,-5.3634e-08,0.0390371
0.00224441,1.22066e-05,0.024763,-1.54676e-08,0.0247631
0.0022795,6.296e-06,0.0347929,-7.63385e-09,0.0347929
0.00221992,3.23956e-06,0.0236333,-2.2328e-09,0.0236333
0.00221604,2.4144e-06,0.0336614,5.47489e-09,0.0336614
0.00221893,-7.99164e-07,0.0233147,1.87177e-09,0.0233147
0.00221157,-1.95107e-06,0.0333425,9.6549e-09,0.0333425
0.00217998,-3.96948e-06,0.0232236,3.20691e-09,0.0232236
0.00214221,-5.78875e-06,0.0332511,1.09862e-08,0.0332511
0.00221978,-6.12955e-06,0.0231973,3.63756e-09,0.0231973
0.00221528,-7.4169e-06,0.0199572,2.36714e-09,0.0199572
0.00216805,-6.85363e-06,0.0299785,8.85322e-09,0.0299785
0.00217766,-4.66523e-06,0.0222222,3.61618e-09,0.0222222
0.00221861,-5.42065e-06,0.0196007,2.53314e-09,0.0196007
0.00216517,-1.20072e-05,0.0296211,9.10395e-09,0.0296211
0.00223054,-1.23082e-05,0.0221114,3.79337e-09,0.0221114
0.00215675,-1.6646e-05,0.0321365,1.14076e-08,0.0321365
0.00218939,-1.18542e-05,0.022873,4.08393e-09,0.022873
0.00207771,-1.74476e-05,0.0328998,1.16053e-08,0.0328998
0.0021339,-1.00856e-05,0.0230959,3.95109e-09,0.0230959
0.00201047,-1.29145e-05,0.0331232,1.11571e-08,0.0331232
0.00208998,-7.83094e-06,0.0231605,3.77095e-09,0.0231605
0.00214752,-7.86999e-06,0.0199439,2.37466e-09,0.0199439
0.00205454,-9.80803e-06,0.0299651,7.98965e-09,0.0299651
0.00209289,-5.21664e-06,0.0222181,3.37022e-09,0.0222181
0.00211208,-2.42184e-06,0.0195991,2.3575e-09,0.0195991
0.00201805,1.72e-06,0.0296196,8.31081e-09,0.0296196
0.00207318,1.33256e-06,0.0221109,3.5572e-09,0.0221109
0.00197695,5.40233e-06,0.032136,1.11312e-08,0.032136
0.00202773,4.488e-06,0.0228729,3.98129e-09,0.0228729
0.00192825,9.10029e-06,0.0328999,1.24495e-08,0.0328999
0.00196134,7.24018e-06,0.0230959,4.10772e-09,0.0230959
0.001954,9.42287e-06,0.0199205,2.68574e-09,0.0199205
0.00187128,1.54095e-05,0.0299417,9.96465e-09,0.0299417
0.00188036,1.31802e-05,0.022211,4.02585e-09,0.022211
0.00179922,2.25998e-05,0.032236,1.25799e-08,0.032236
0.00187402,1.35625e-05,0.0229023,4.4527e-09,0.0229023
0.00193877,1.09182e-05,0.0198502,2.89051e-09,0.0198502
0.00190732,2.13529e-05,0.0298713,1.07449e-08,0.0298713
0.00191813,1.53994e-05,0.0221891,4.34292e-09,0.0221891
0.00186374,1.9612e-05,0.0322141,1.37796e-08,0.0322141
0.0019399,1.11677e-05,0.0228959,4.66988e-09,0.0228959
0.00193517,7.84442e-06,0.0198479,2.95074e-09,0.0198479
0.00188056,9.41311e-06,0.029869,1.03759e-08,0.029869
0.00179829,1.39589e-05,0.0399102,2.51523e-08,0.0399102
0.00186158,7.48911e-06,0.0249834,5.80742e-09,0.0249834
0.00177075,9.19746e-06,0.0350146,1.59053e-08,0.0350146
0.00186062,9.13188e-06,0.023696,4.88612e-09,0.023696
0.00191485,7.72935e-06,0.0201355,2.57325e-09,0.0201355
0.00186008,8.08134e-06,0.0301569,9.4228e-09,0.0301569
0.00188416,6.15514e-06,0.0222772,3.74156e-09,0.0222772
0.00191244,4.90063e-06,0.019621,2.57226e-09,0.019621
0.00184067,1.32177e-06,0.0296415,9.30688e-09,0.0296415
0.00185569,3.38882e-06,0.0221178,3.90404e-09,0.0221178
0.00175858,8.27661e-06,0.032143,1.21757e-08,0.032143
0.00188208,5.82808e-06,0.022876,4.60243e-09,0.022876
0.00181518,6.21163e-06,0.0328999,1.18088e-08,0.0328999
0.00188577,7.87354e-06,0.0230967,4.22216e-09,0.0230967
0.00192127,7.51953e-06,0.0199203,2.48867e-09,0.0199203
0.00186307,8.65119e-06,0.029941,8.93622e-09,0.029941
0.00195413,7.22298e-06,0.0222106,3.63696e-09,0.0222106
0.001911,7.68774e-06,0.032236,1.16788e-08,0.032236
0.00204948,4.81422e-06,0.0229022,4.05004e-09,0.0229022
0.00202259,1.33836e-06,0.0329289,1.21807e-08,0.0329289
0.00208089,1.09163e-06,0.0231044,4.09506e-09,0.0231044
0.0020818,-4.63657e-07,0.0199236,2.59036e-09,0.0199236
0.00203186,-4.68473e-06,0.0299448,8.96247e-09,0.0299448
0.00205243,-3.34209e-06,0.0222118,3.62353e-09,0.0222118
0.00198388,-1.69461e-05,0.0322371,1.04788e-08,0.0322371
0.00201963,-1.02174e-05,0.0229026,3.7565e-09,0.0229026
0.00194005,-2.02117e-05,0.0329294,1.01537e-08,0.0329294
0.00198272,-9.81985e-06,0.0231045,3.5605e-09,0.0231045
0.0018955,-1.52097e-05,0.0331318,9.57212e-09,0.0331318
0.0017828,-1.76893e-05,0.0431813,1.89454e-08,0.0431814
0.00193389,-7.05468e-06,0.0257761,4.27063e-09,0.0257761
0.00193325,-4.96776e-07,0.020861,2.21692e-09,0.020861
0.0018442,-7.20779e-06,0.030884,7.41138e-09,0.0308841
0.00180365,-2.24156e-07,0.0224991,2.92759e-09,0.0224991
0.0016798,-6.26591e-06,0.0325252,8.96371e-09,0.0325253
0.00152346,-1.88166e-05,0.0425734,1.81414e-08,0.0425734
0.00165857,3.04666e-07,0.0256326,4.12505e-09,0.0256326
0.00153751,-2.35509e-06,0.0356653,9.99138e-09,0.0356654
0.00158873,4.11578e-06,0.0238738,3.11497e-09,0.0238738
0.00153767,1.0985e-05,0.0201997,1.94264e-09,0.0201997
0.00152859,1.39904e-05,0.0188336,1.77282e-09,0.0188336
0.00143058,1.90807e-05,0.0288528,7.73544e-09,0.0288528
0.00130651,2.37095e-05,0.0388911,2.03243e-08,0.0388912
0.00137696,2.08163e-05,0.0247257,4.92682e-09,0.0247257
0.00125025,2.31546e-05,0.0347564,1.59889e-08,0.0347564
0.00109342,1.98994e-05,0.0448108,3.46932e-08,0.0448108
0.00123416,2.28351e-05,0.0261524,6.05469e-09,0.0261524
0.00110167,2.48602e-05,0.0361866,1.61028e-08,0.0361867
0.0012114,2.42732e-05,0.0240153,4.43427e-09,0.0240153
0.00109298,2.20324e-05,0.0340447,1.28428e-08,0.0340447
0.00128458,2.10017e-05,0.0234235,4.00609e-09,0.0234235
0.00136995,2.17127e-05,0.0200388,2.49682e-09,0.0200388
0.00131859,2.36262e-05,0.0300603,9.19916e-09,0.0300603
0.00144152,2.07409e-05,0.0222475,3.74992e-09,0.0222475
0.00147428,1.75943e-05,0.01961,2.61011e-09,0.01961
0.00153566,1.71349e-05,0.0186025,2.31313e-09,0.0186025
0.00150216,1.22122e-05,0.0286212,8.57955e-09,0.0286212
0.00143847,7.31723e-07,0.0386587,2.01085e-08,0.0386587
0.00149626,1.0524e-05,0.0246663,5.13267e-09,0.0246663
0.00151188,1.22238e-05,0.0204787,2.80152e-09,0.0204787
0.00144564,5.48673e-06,0.0305012,8.64715e-09,0.0305013
0.00153271,4.82717e-06,0.0223838,3.66171e-09,0.0223838
0.00148116,1.40527e-06,0.0324067,8.58735e-09,0.0324067
0.0016361,4.69989e-06,0.0229523,3.25987e-09,0.0229523
0.00159455,2.35858e-06,0.0329789,9.2429e-09,0.0329789
0.00173523,6.29541e-06,0.0231188,3.2741e-09,0.0231188
0.00173854,7.53566e-06,0.0199289,2.16037e-09,0.0199289
0.00168905,7.52852e-06,0.02995,7.76776e-09,0.02995
0.00184054,3.80507e-06,0.0222134,3.24359e-09,0.0222134
0.00181753,1.64997e-06,0.0322388,1.0108e-08,0.0322388
0.00177225,-6.37392e-06,0.0422857,2.19221e-08,0.0422857
0.00183392,2.1941e-06,0.0255642,4.71557e-09,0.0255642
0.00179879,4.16394e-06,0.0207892,2.5513e-09,0.0207892
0.0017925,5.60255e-06,0.0190608,1.86245e-09,0.0190608
0.0017219,-1.91958e-06,0.0290803,6.82774e-09,0.0290803
0.00176586,1.67382e-06,0.021942,3.04256e-09,0.021942
0.00180416,1.0113e-06,0.0194967,2.20581e-09,0.0194967
0.00174687,-5.95106e-06,0.0295168,7.08343e-09,0.0295168
0.00164916,-1.80562e-05,0.0395566,1.51964e-08,0.0395566
0.00161637,3.27511e-06,0.0248947,4.08405e-09,0.0248947
0.00159395,8.05575e-06,0.0205582,2.27706e-09,0.0205582
0.00149017,9.48698e-07,0.0305807,6.81462e-09,0.0305807
0.00155393,8.89443e-06,0.022407,2.84265e-09,0.022407
0.0014667,3.58291e-06,0.0324326,8.00112e-09,0.0324326
0.00149758,9.96728e-06,0.0229599,3.00341e-09,0.0229599
0.00140101,4.12899e-06,0.0329869,8.34381e-09,0.0329869
0.00159663,6.18307e-06,0.0231212,2.99947e-09,0.0231212
0.00155911,-2.60027e-06,0.0331485,8.21258e-09,0.0331485
0.00156383,4.38148e-06,0.0231678,2.92754e-09,0.0231678
0.00161543,5.48039e-06,0.0199466,1.92544e-09,0.0199466
0.00156101,1.45391e-06,0.0299678,6.34758e-09,0.0299678
0.00159536,7.32419e-06,0.0222189,2.79136e-09,0.0222189
0.00151979,2.05696e-06,0.032245,8.27723e-09,0.032245
0.0015139,1.04916e-05,0.0229047,3.05521e-09,0.0229047
0.00141162,2.46368e-06,0.0329314,8.38486e-09,0.0329314
0.00128633,-1.51774e-06,0.0429803,1.62982e-08,0.0429803
0.00144599,9.31837e-06,0.025729,3.84864e-09,0.025729
0.00146784,1.25488e-05,0.0208449,2.02758e-09,0.0208449
0.00138825,1.20931e-05,0.0308678,6.7656e-09,0.0308678
0.00150199,1.2946e-05,0.0224942,2.78511e-09,0.0224942
0.00144675,1.48315e-05,0.0325202,9.12488e-09,0.0325202
0.00163358,1.02479e-05,0.0229856,3.2704e-09,0.0229856
0.00160205,5.49055e-06,0.0330125,1.00923e-08,0.0330126
0.00166998,7.99836e-06,0.0231286,3.44948e-09,0.0231286
0.00161703,1.16646e-05,0.0331558,1.05372e-08,0.0331558
0.00174086,9.38107e-06,0.0231699,3.61304e-09,0.0231699
0.00170242,1.1433e-05,0.0331973,1.12844e-08,0.0331973
0.00178053,8.6693e-06,0.0231819,3.76304e-09,0.0231819
0.00179074,9.19722e-06,0.0199517,2.42504e-09,0.0199517
0.00173912,5.12674e-06,0.0299727,8.63138e-09,0.0299727
0.00181307,3.5178e-06,0.0222205,3.46404e-09,0.0222205
0.0017617,-1.00208e-05,0.0322458,9.94592e-09,0.0322458
0.00190325,-6.05795e-06,0.0229053,3.57114e-09,0.0229053
0.00186678,-2.42844e-05,0.0329319,8.63139e-09,0.0329319
0.00192198,-1.19456e-05,0.0231052,3.12215e-09,0.0231052
0.00185561,-2.99419e-05,0.0331325,7.02295e-09,0.0331325
0.00188303,-1.23897e-05,0.0231633,2.70022e-09,0.0231633
0.00187934,-6.65858e-06,0.0199448,1.73186e-09,0.0199448
0.00180877,-1.63547e-05,0.0299661,4.75646e-09,0.0299661
0.00188147,-1.07227e-05,0.0222186,2.23161e-09,0.0222186
0.0018169,-3.01848e-05,0.0322433,4.55489e-09,0.0322433
0.00196532,-1.49513e-05,0.0229045,2.04552e-09,0.0229045
0.00199789,-1.08594e-05,0.019851,1.4345e-09,0.019851
0.00198163,-8.90791e-06,0.0186974,1.3258e-09,0.0186974
0.0019217,-1.99282e-05,0.0287163,4.03014e-09,0.0287163
0.0019222,-1.15586e-05,0.0218268,2.12815e-09,0.0218268
0.0018434,-1.78879e-05,0.0318512,5.29126e-09,0.0318512
0.00172723,-2.67664e-05,0.041897,8.56323e-09,0.041897
0.00160432,-2.88936e-05,0.0519723,9.01263e-09,0.0519724
0.00181995,-7.02476e-06,0.0276757,2.90385e-09,0.0276757
0.00190603,-4.27996e-06,0.0214939,1.65528e-09,0.0214939
0.00186086,-4.73212e-06,0.0315153,4.58834e-09,0.0315153
0.00184593,2.28319e-06,0.0226888,1.95391e-09,0.0226888
0.00183497,3.53866e-06,0.0197723,1.53723e-09,0.0197723
0.00175283,-4.94395e-06,0.0297932,6.01924e-09,0.0297932
0.00178569,1.58328e-06,0.0221648,2.65834e-09,0.0221648
0.00182626,1.96864e-06,0.0195794,1.99699e-09,0.0195794
0.00176203,-6.01313e-06,0.0295998,6.92787e-09,0.0295998
0.00179022,1.49772e-06,0.0221048,3.02006e-09,0.0221048
0.00171206,-2.81195e-06,0.0321298,8.39788e-09,0.0321299
0.00171432,5.30541e-06,0.0228734,3.79575e-09,0.0228734
0.00163819,9.16848e-08,0.0328946,7.46827e-09,0.0328947
0.00151887,-4.58877e-06,0.0429414,1.43923e-08,0.0429415
0.00168239,3.30117e-06,0.0257198,3.58001e-09,0.0257198
0.00170917,5.39538e-06,0.0208417,1.90678e-09,0.0208417
0.001729,5.29784e-06,0.0190813,1.60903e-09,0.0190813
0.0016677,6.31285e-06,0.0291008,6.49582e-09,0.0291008
0.00171081,8.5813e-06,0.0219485,2.94628e-09,0.0219485
0.00163951,1.91375e-06,0.0319731,9.16354e-09,0.0319731
0.0016714,5.01686e-06,0.0228248,3.33833e-09,0.0228248
0.00159069,-5.36319e-09,0.0328515,8.96693e-09,0.0328515
0.00148358,-7.50504e-06,0.0429001,1.69814e-08,0.0429002
0.00179004,-8.69804e-07,0.02571,4.1045e-09,0.02571
0.00185421,-3.75446e-07,0.0208384,2.12121e-09,0.0208384
0.0018176,-5.36886e-06,0.0308616,6.5961e-09,0.0308616
0.00178581,3.63844e-06,0.0224923,2.70284e-09,0.0224923
0.00170683,-4.65091e-07,0.0325183,8.06391e-09,0.0325183
0.00160942,-5.33392e-06,0.0425663,1.98734e-08,0.0425663
0.00172131,2.18547e-06,0.025631,4.28996e-09,0.025631
0.00163451,-6.6485e-06,0.035664,1.1786e-08,0.035664
0.00172277,1.81437e-06,0.0238733,3.46016e-09,0.0238733
0.00164184,-4.90901e-06,0.0339026,9.81946e-09,0.0339026
0.00170331,2.70441e-06,0.0233832,3.2673e-09,0.0233832
0.00173623,6.50139e-06,0.0200244,2.12902e-09,0.0200244
0.00167545,-2.29938e-06,0.0300455,6.6637e-09,0.0300455
0.0017098,3.64092e-06,0.022243,2.86767e-09,0.022243
0.00174916,2.95728e-06,0.0196083,2.01479e-09,0.0196083
0.00168919,-1.20655e-05,0.0296289,6.0038e-09,0.0296289
0.0017862,-3.91969e-06,0.0221138,2.73737e-09,0.0221138
0.00173703,-1.41354e-05,0.0321388,6.70615e-09,0.0321388
0.00165107,-3.42662e-05,0.0421855,1.00556e-08,0.0421855
0.00171232,-4.57752e-06,0.0255402,3.09424e-09,0.0255402
0.00172835,-6.82719e-07,0.0207806,1.70025e-09,0.0207806
0.00166079,-6.43588e-06,0.0308036,4.57027e-09,0.0308036
0.0017866,-2.02865e-06,0.0224747,2.09705e-09,0.0224747
0.00172579,-1.68007e-05,0.0325116,9.16396e-09,0.0325116
0.00166542,-2.28714e-05,0.0425465,1.09908e-08,0.0425465
0.00168594,-3.79625e-06,0.0256264,3.23969e-09,0.0256264
0.00158825,-4.3085e-06,0.0356586,7.37515e-09,0.0356586
0.00162007,7.07656e-06,0.0238719,2.47279e-09,0.0238719
0.00163842,9.307e-06,0.020199,1.61967e-09,0.020199
0.00157165,1.19842e-05,0.0302207,6.20808e-09,0.0302207
0.00159802,1.31817e-05,0.0222969,2.74419e-09,0.0222969
0.00151426,1.26508e-05,0.0323223,9.29399e-09,0.0323223
0.00159866,1.17108e-05,0.0229277,3.35337e-09,0.0229277
0.00152013,1.15971e-05,0.0329545,1.04665e-08,0.0329546
0.00151368,1.53384e-05,0.0231118,3.61334e-09,0.0231118
0.0015236,1.65783e-05,0.0199263,2.35161e-09,0.0199263
0.0014403,1.50277e-05,0.0299474,8.36492e-09,0.0299474
0.00152471,1.69672e-05,0.0222126,3.45197e-09,0.0222127
0.0015671,1.46822e-05,0.0195971,2.4026e-09,0.0195971
0.00150828,5.45614e-06,0.0296176,7.9393e-09,0.0296177
0.0015718,1.03183e-05,0.0221104,3.30131e-09,0.0221104
0.00151382,5.39755e-06,0.0321353,8.74366e-09,0.0321353
0.00142338,-6.49199e-06,0.0421865,1.7035e-08,0.0421866
0.00160908,3.79687e-06,0.0255395,4.08225e-09,0.0255395
0.00154687,-5.22911e-06,0.0355718,8.66426e-09,0.0355718
0.00167674,1.68766e-06,0.0238482,2.81067e-09,0.0238482
0.00176394,2.33977e-06,0.0201906,1.73688e-09,0.0201906
0.0017248,-6.69586e-06,0.0302138,6.19975e-09,0.0302138
0.00179564,-1.37719e-06,0.0222943,2.51321e-09,0.0222943
0.00173928,-9.69448e-06,0.0323199,6.81318e-09,0.0323199
0.00170076,2.22078e-06,0.0229269,2.65814e-09,0.0229269
0.00160081,-4.83893e-06,0.0329536,6.5507e-09,0.0329537
0.00157362,5.2533e-06,0.0231116,2.56128e-09,0.0231116
0.00146364,-1.1654e-06,0.0331387,6.02511e-09,0.0331387
0.00157978,5.18609e-06,0.0231649,2.32418e-09,0.0231649
0.00150995,-1.0936e-05,0.0331923,4.75577e-09,0.0331924
0.00157534,1.98546e-06,0.0231804,2.01783e-09,0.0231805
0.00153032,5.81982e-06,0.0199511,1.36561e-09,0.0199511
0.00144545,-8.8504e-07,0.0299724,3.51271e-09,0.0299724
0.00132959,-1.3969e-05,0.0400137,4.58724e-09,0.0400138
0.00139083,7.01554e-06,0.0250094,2.10581e-09,0.0250094
0.00129154,1.81692e-06,0.0350408,3.86854e-09,0.0350408
0.00116596,-7.36365e-06,0.0450962,5.01311e-09,0.0450962
0.0014842,4.70186e-06,0.026217,1.87288e-09,0.026217
0.00153358,7.0907e-06,0.02101,1.12398e-09,0.02101
0.0014746,5.40363e-06,0.0310337,4.45297e-09,0.0310337
0.00159157,9.95339e-06,0.0225444,1.97276e-09,0.0225444
0.00167549,9.11748e-06,0.0197193,1.55343e-09,0.0197193
0.00165307,6.42175e-06,0.0297402,6.23629e-09,0.0297402
0.00174201,5.08882e-06,0.0221484,2.79555e-09,0.0221484
0.00170664,2.67552e-06,0.0321735,8.93014e-09,0.0321736
0.00174023,6.4683e-06,0.022884,3.31046e-09,0.022884
0.00167227,7.54889e-06,0.0329125,1.08654e-08,0.0329125
0.0017588,9.77641e-06,0.0230991,3.58002e-09,0.0230991
0.00170555,8.12059e-06,0.0331262,1.05626e-08,0.0331262
0.00163083,2.19894e-06,0.0431765,2.28424e-08,0.0431766
0.00178994,5.70722e-06,0.0257749,4.65866e-09,0.0257749
0.00179479,5.29758e-06,0.0208605,2.36857e-09,0.0208605
0.00172658,-2.40879e-06,0.0308835,7.46312e-09,0.0308835
0.00183285,8.72214e-07,0.022499,3.02482e-09,0.022499
0.0017797,-7.67758e-06,0.0325273,9.60574e-09,0.0325274
0.0019113,-3.69404e-06,0.0229869,3.18332e-09,0.0229869
0.00187509,-1.40534e-05,0.0330137,8.32553e-09,0.0330137
0.00185449,-3.28577e-06,0.0231289,2.9675e-09,0.0231289
0.00185739,-3.89667e-06,0.0199325,1.91321e-09,0.0199325
0.0017956,-6.02747e-06,0.0299538,5.95532e-09,0.0299538
0.00171199,-6.23733e-06,0.0399948,1.17451e-08,0.0399948
0.00181733,-1.80947e-07,0.0250046,3.45849e-09,0.0250046
0.00181449,3.81093e-06,0.0205963,1.96294e-09,0.0205963
0.00183769,3.25642e-06,0.018987,1.65454e-09,0.018987
0.00179318,-2.60889e-06,0.0290066,6.34072e-09,0.0290066
0.00185681,-1.46204e-06,0.0219188,2.89586e-09,0.0219188
0.00181601,-9.10062e-06,0.0319433,8.30878e-09,0.0319434
0.00191179,-4.21665e-06,0.022816,3.17076e-09,0.022816
0.00187518,-1.77643e-05,0.0328425,8.23394e-09,0.0328425
0.00187614,-8.75272e-06,0.0230793,3.02525e-09,0.0230793
0.00180857,-1.96745e-05,0.0331066,7.56582e-09,0.0331066
0.00171602,-3.47066e-05,0.0431567,1.23752e-08,0.0431568
0.00190526,-1.39465e-05,0.0257703,3.37057e-09,0.0257703
0.00198947,-1.22004e-05,0.0208589,1.78595e-09,0.0208589
0.0019552,-2.49546e-05,0.0308821,4.76486e-09,0.0308821
0.00197799,-1.44161e-05,0.0224986,2.15748e-09,0.0224986
0.001922,-9.00125e-06,0.0197025,1.5655e-09,0.0197025
0.00182507,-1.68747e-05,0.0297234,4.63524e-09,0.0297234
0.00184866,-6.43033e-06,0.0221432,2.25366e-09,0.0221432
0.00175786,-7.13615e-06,0.0321683,5.71073e-09,0.0321683
0.00179553,-7.38093e-08,0.0228824,2.45929e-09,0.0228824
0.00169769,-7.9307e-06,0.0329091,6.28364e-09,0.0329091
0.0017818,-5.80793e-07,0.0230987,2.46088e-09,0.0230987
0.00179519,2.6628e-06,0.0199215,1.71464e-09,0.0199215
0.00171867,-4.73201e-07,0.0299426,5.99661e-09,0.0299426
0.0017648,4.56236e-06,0.0222111,2.65381e-09,0.0222112
0.00168202,6.11301e-06,0.0322367,8.3304e-09,0.0322367
0.0017555,7.16298e-06,0.0229026,3.23043e-09,0.0229026
0.00163018,1.38785e-05,0.0198502,2.16396e-09,0.0198502
0.00150859,1.1678e-05,0.0298712,7.72874e-09,0.0298712
0.00136477,1.27859e-05,0.039912,1.73377e-08,0.0399121
0.00155803,1.30018e-05,0.0249839,4.40656e-09,0.024984
0.00160952,1.23392e-05,0.0205892,2.42426e-09,0.0205892
0.00153045,1.14292e-05,0.0306192,1.14335e-08,0.0306192
0.00154165,1.48091e-05,0.0224164,3.47885e-09,0.0224164
0.00144826,1.11268e-05,0.0324417,9.73577e-09,0.0324417
0.00159142,1.16361e-05,0.0229625,3.50958e-09,0.0229625
0.00153176,2.45605e-06,0.0329894,9.33031e-09,0.0329894
0.00168977,3.99548e-06,0.0231218,3.23259e-09,0.0231218
0.00165253,-4.57301e-06,0.0331491,8.05265e-09,0.0331491
0.00172937,9.4616e-08,0.023168,2.92658e-09,0.023168
0.00167211,-9.48374e-06,0.0331954,8.79486e-09,0.0331955
0.00159384,-2.92272e-05,0.0432453,1.53523e-08,0.0432454
0.00191081,-1.23694e-05,0.0257911,3.59367e-09,0.0257911
0.00198692,-9.60652e-06,0.0208661,1.95385e-09,0.0208661
0.00195173,-2.04041e-05,0.0308892,4.84323e-09,0.0308893
0.001892,-2.74513e-05,0.0409329,6.74071e-09,0.040933
0.00200654,-1.46253e-05,0.0252369,2.70274e-09,0.0252369
0.00204518,-9.30506e-06,0.0206765,1.59293e-09,0.0206765
0.0020129,-6.93135e-06,0.0190179,1.37937e-09,0.0190179
0.00193371,-1.56065e-05,0.0290375,4.81306e-09,0.0290375
0.00199438,-1.06313e-05,0.0219285,2.30928e-09,0.0219285
0.00205651,-1.13493e-05,0.0194916,1.73736e-09,0.0194916
0.00200665,-2.27826e-05,0.029512,4.81514e-09,0.029512
0.00209031,-1.46504e-05,0.0220773,2.32018e-09,0.0220773
0.0020347,-2.42888e-05,0.0321023,4.79274e-09,0.0321023
0.00213744,-1.76893e-05,0.022863,2.23986e-09,0.022863
0.00216103,-1.41926e-05,0.0198368,1.80426e-09,0.0198368
0.00210758,-2.09858e-05,0.0298556,4.29775e-09,0.0298556
0.00211274,-1.29442e-05,0.0221842,2.08362e-09,0.0221842
0.00202461,-1.50124e-05,0.0322092,5.62932e-09,0.0322092
0.00215563,-1.22355e-05,0.0228944,2.40286e-09,0.0228944
0.00209506,-1.37148e-05,0.032921,8.27473e-09,0.032921
0.00214237,-9.91381e-06,0.0231021,3.05843e-09,0.0231021
0.00219995,-1.06335e-05,0.0199227,2.133e-09,0.0199227
0.00215095,-1.54064e-05,0.0299442,7.66186e-09,0.0299442
0.00219302,-1.0579e-05,0.0222116,3.1735e-09,0.0222116
0.00212787,-2.20045e-05,0.0322368,8.06464e-09,0.0322368
0.00225832,-1.68121e-05,0.0229027,3.08438e-09,0.0229027
0.00231205,-1.6705e-05,0.0198502,1.95123e-09,0.0198503
0.00227839,-2.3514e-05,0.0298712,5.28347e-09,0.0298712
0.00222582,-3.34589e-05,0.0399122,1.02268e-08,0.0399123
0.00233055,-2.26204e-05,0.0249852,3.24374e-09,0.0249852
0.00228405,-3.11375e-05,0.0350133,7.59411e-09,0.0350133
0.00220203,-5.16769e-05,0.0450674,1.20066e-08,0.0450675
0.00234799,-3.05235e-05,0.0262106,2.93228e-09,0.0262106
0.00227088,-4.95607e-05,0.0362449,5.54443e-09,0.0362449
0.00217056,-6.68825e-05,0.0463037,3.79493e-09,0.0463038
0.00225033,-3.11946e-05,0.026487,2.33635e-09,0.026487
0.00226631,-2.1852e-05,0.0211006,1.28052e-09,0.0211006
0.00218181,-3.45213e-05,0.0311242,2.19973e-09,0.0311243
0.00207631,-4.49706e-05,0.0411688,-4.20285e-10,0.0411689
0.00194365,-6.36484e-05,0.0512422,-1.23105e-08,0.0512424
0.00213736,-2.63894e-05,0.0275295,8.73916e-10,0.0275295
0.00217759,-1.87429e-05,0.021445,6.42148e-10,0.021445
0.00210259,-2.43638e-05,0.0314691,1.56441e-09,0.0314691
0.00224685,-2.07221e-05,0.0226751,1.06108e-09,0.0226751
0.00219553,-2.31924e-05,0.0327015,4.84572e-09,0.0327015
0.00216194,-1.3545e-05,0.0230384,2.07943e-09,0.0230384
0.00206229,-1.57063e-05,0.0330654,6.72197e-09,0.0330655
0.00213926,-9.12979e-06,0.0231441,2.69913e-09,0.0231441
0.00214441,-7.8606e-06,0.0199379,1.91146e-09,0.0199379
0.0020695,-1.31138e-05,0.0299589,6.77531e-09,0.0299589
0.00211208,-9.13741e-06,0.0222162,2.95195e-09,0.0222162
0.00203093,-8.6667e-06,0.0322415,9.19962e-09,0.0322415
0.00219943,-8.64459e-06,0.0229039,3.40953e-09,0.0229039
0.00215135,-1.77353e-05,0.0329308,9.94969e-09,0.0329308
0.00208784,-2.20877e-05,0.0429798,1.95159e-08,0.0429799
0.00234983,-1.99226e-05,0.0257288,4.32494e-09,0.0257288
0.0024451,-2.18509e-05,0.0208449,2.20507e-09,0.0208449
0.00241909,-2.99215e-05,0.0308678,6.33595e-09,0.0308678
0.00245047,-2.45288e-05,0.0224942,2.63856e-09,0.0224942
0.00249704,-2.44458e-05,0.019701,1.86844e-09,0.019701
0.0025168,-2.45857e-05,0.0186384,1.7177e-09,0.0186384
0.00247191,-3.0573e-05,0.0286572,6.15729e-09,0.0286572
0.002512,-2.65875e-05,0.0218081,2.83535e-09,0.0218081
0.00245225,-4.15337e-05,0.0318324,7.2049e-09,0.0318324
0.00252793,-3.10337e-05,0.0227831,2.76295e-09,0.0227831
0.00250449,-2.89013e-05,0.0198068,1.79608e-09,0.0198068
0.00242809,-4.07017e-05,0.0298291,4.66795e-09,0.0298291
0.00243973,-3.05787e-05,0.0221755,2.15444e-09,0.0221755
0.00235786,-3.796e-05,0.0322006,4.49481e-09,0.0322007
0.0023707,-2.61531e-05,0.0228919,2.03492e-09,0.0228919
0.00228097,-3.40422e-05,0.0329187,3.99216e-09,0.0329187
0.00237472,-2.58834e-05,0.0231015,1.8932e-09,0.0231015
0.00230508,-3.05746e-05,0.0331285,4.60194e-09,0.0331286
0.00240926,-2.58711e-05,0.0231621,1.97239e-09,0.0231621
0.00240402,-2.07445e-05,0.0199444,1.45547e-09,0.0199444
0.0023363,-2.08199e-05,0.0299657,5.38498e-09,0.0299657
0.00235263,-1.88061e-05,0.0222183,2.48868e-09,0.0222183
0.0022717,-2.1137e-05,0.0322437,7.62473e-09,0.0322437
0.00232534,-1.64186e-05,0.0229046,2.94073e-09,0.0229046
0.00224538,-2.1203e-05,0.0329311,8.56475e-09,0.0329312
0.0021402,-2.6682e-05,0.0429802,1.71802e-08,0.0429802
0.00230043,-1.73766e-05,0.0257288,3.90105e-09,0.0257289
0.00233526,-1.56906e-05,0.0208449,2.06794e-09,0.0208449
0.00227246,-2.18559e-05,0.0308681,6.53219e-09,0.0308681
0.00231219,-1.91509e-05,0.0224943,2.66155e-09,0.0224943
0.00235112,-1.99485e-05,0.019701,1.85689e-09,0.019701
0.00229091,-2.71876e-05,0.0297217,6.10065e-09,0.0297217
0.00234379,-2.15819e-05,0.0221427,2.75289e-09,0.0221427
0.00231916,-1.76902e-05,0.0195723,2.33826e-09,0.0195723
0.0022472,-1.64016e-05,0.0295903,6.61087e-09,0.0295904
0.0023806,-1.61509e-05,0.0221017,2.94751e-09,0.0221017
0.00233008,-1.73093e-05,0.0321264,9.09139e-09,0.0321264
0.00224539,-1.6032e-05,0.0421789,2.31945e-08,0.042179
0.00236894,-1.67845e-05,0.0255372,4.64051e-09,0.0255373
0.00228483,-1.88201e-05,0.0355693,1.22125e-08,0.0355694
0.00235354,-1.61812e-05,0.0238475,3.60268e-09,0.0238475
0.00233089,-1.32662e-05,0.0201903,2.19447e-09,0.0201904
0.00223819,-1.42537e-05,0.0302121,7.91036e-09,0.0302122
0.00212454,-1.32802e-05,0.0402544,1.77585e-08,0.0402545
0.00225583,-1.21225e-05,0.0250693,4.36217e-09,0.0250693
0.0021589,-1.4718e-05,0.0351008,1.15144e-08,0.0351008
0.0022461,-1.22712e-05,0.0237186,3.47628e-09,0.0237186
0.00215051,-1.86748e-05,0.0337473,9.55906e-09,0.0337473
0.00221761,-1.37277e-05,0.0233394,3.18225e-09,0.0233394
0.00225053,-1.2308e-05,0.0200083,1.99474e-09,0.0200084
0.00217509,-1.33759e-05,0.0300296,7.12111e-09,0.0300297
0.0022345,-1.13419e-05,0.022238,3.00997e-09,0.022238
0.00215263,-1.167e-05,0.0322637,9.42309e-09,0.0322637
0.00222249,-9.42285e-06,0.0229103,3.43871e-09,0.0229103
0.00225724,-9.45776e-06,0.0198531,2.27338e-09,0.0198531
0.0021945,-1.04651e-05,0.0298741,8.10921e-09,0.0298742
0.00227678,-1.17397e-05,0.02219,3.46284e-09,0.02219
0.00221748,-1.50028e-05,0.0322152,1.05978e-08,0.0322153
0.00220928,-1.20188e-05,0.0228962,3.71755e-09,0.0228962
0.0021104,-1.76108e-05,0.0329231,1.06162e-08,0.0329232
0.00215059,-1.29726e-05,0.0231026,3.6311e-09,0.0231026
0.00204505,-1.61883e-05,0.0331299,1.01034e-08,0.0331299
0.00208649,-8.78206e-06,0.0231624,3.40164e-09,0.0231624
0.00197997,-1.25525e-05,0.0331899,8.92532e-09,0.03319
0.0020636,-8.35823e-06,0.0231797,3.07314e-09,0.0231797
0.00196882,-2.22696e-05,0.0332072,6.92846e-09,0.0332072
0.00210136,-1.55898e-05,0.0231847,2.49715e-09,0.0231847
0.00203031,-3.18524e-05,0.0332123,3.91711e-09,0.0332123
0.00192902,-5.49037e-05,0.0432622,-1.3318e-09,0.0432623
0.00222949,-3.03534e-05,0.0257951,1.60615e-09,0.0257951
0.0021859,-4.63449e-05,0.0358283,-1.1961e-09,0.0358283
0.00237521,-3.25446e-05,0.0239182,6.96951e-10,0.0239182
0.00242853,-2.94592e-05,0.0202155,5.89728e-10,0.0202155
0.00238512,-4.6243e-05,0.0302378,9.79997e-10,0.0302378
0.00238422,-3.21392e-05,0.022302,8.74353e-10,0.022302
0.00239261,-2.9125e-05,0.0196301,8.32435e-10,0.0196301
0.00231725,-4.24895e-05,0.0296506,1.58942e-09,0.0296506
0.00238484,-3.06012e-05,0.0221206,1.12887e-09,0.0221206
0.00230888,-4.63203e-05,0.0321458,3.80454e-10,0.0321458
0.00238207,-3.22778e-05,0.0228769,1.15772e-09,0.022877
0.0023144,-4.0405e-05,0.0329008,-2.61898e-10,0.0329009
0.00238556,-2.97525e-05,0.0230962,7.83318e-10,0.0230962
0.00228288,-3.77428e-05,0.0331344,2.98056e-09,0.0331344
0.00240649,-2.59147e-05,0.0231604,1.17349e-09,0.0231604
0.00233824,-3.2075e-05,0.0331873,2.42546e-09,0.0331873
0.00236866,-2.44966e-05,0.0231789,1.35992e-09,0.0231789
0.00226604,-3.13047e-05,0.0332095,4.28349e-09,0.0332095
0.00214892,-4.06644e-05,0.043255,5.09785e-09,0.0432551
0.00245492,-2.86715e-05,0.0257937,1.97056e-09,0.0257937
0.00239653,-3.47154e-05,0.0358262,3.84084e-09,0.0358262
0.00248251,-2.62409e-05,0.0239176,1.67718e-09,0.0239176
0.00256149,-2.90852e-05,0.0202152,1.16427e-09,0.0202152
0.00251129,-3.93771e-05,0.0302371,3.71243e-09,0.0302371
0.00258664,-3.41773e-05,0.0223019,1.88862e-09,0.0223019
0.00259177,-3.05184e-05,0.0196301,1.4886e-09,0.0196301
0.00251937,-3.20316e-05,0.029651,5.08615e-09,0.029651
0.00262957,-3.20043e-05,0.0221206,2.42572e-09,0.0221206
0.00256424,-4.02504e-05,0.0321456,6.78075e-09,0.0321457
0.00246677,-5.10861e-05,0.0421956,1.16549e-08,0.0421957
0.00256467,-3.29728e-05,0.0255448,3.51774e-09,0.0255448
0.00258099,-2.85498e-05,0.0207802,1.51567e-09,0.0207802
0.00249028,-3.87975e-05,0.030802,3.39294e-09,0.0308021
0.00249399,-2.76447e-05,0.0224742,1.63156e-09,0.0224742
0.00239144,-3.80875e-05,0.0324997,2.44458e-09,0.0324998
0.00249099,-3.11792e-05,0.0229797,1.41802e-09,0.0229797
0.00241116,-4.00196e-05,0.0330067,1.47657e-09,0.0330068
0.00231243,-4.53756e-05,0.0430555,-3.20842e-09,0.0430556
0.00250435,-3.28379e-05,0.0257465,1.05102e-09,0.0257466
0.00256416,-2.90577e-05,0.0208509,8.36674e-10,0.0208509
0.00250916,-2.78092e-05,0.0308741,3.47987e-09,0.0308741
0.00253875,-2.54438e-05,0.0224961,1.71952e-09,0.0224961
0.0024582,-2.32429e-05,0.0325222,6.7539e-09,0.0325222
0.00253762,-2.11217e-05,0.0229861,2.60148e-09,0.0229861
0.0024658,-1.4922e-05,0.0330131,9.8681e-09,0.0330132
0.00254169,-1.85376e-05,0.0231287,3.40509e-09,0.0231287
0.00246865,-8.15532e-06,0.033156,1.27337e-08,0.0331561
0.00250296,-1.33376e-05,0.02317,4.2282e-09,0.02317
0.00241048,2.63977e-06,0.0331978,1.63222e-08,0.0331978
0.00255635,-1.04137e-05,0.0231819,5.1266e-09,0.0231819
0.00263789,-1.45137e-05,0.0199516,3.41476e-09,0.0199516
0.00259164,1.09405e-05,0.02998,2.17489e-08,0.02998
0.00269596,-8.19602e-06,0.0222205,6.56992e-09,0.0222205
0.00265073,1.05881e-05,0.0322464,2.52038e-08,0.0322464
0.00257977,2.87247e-05,0.0422914,6.46863e-08,0.0422915
0.00266605,-1.61641e-06,0.0255655,1.15857e-08,0.0255655
0.0025834,1.48321e-05,0.0355979,3.57386e-08,0.035598
0.00247074,3.56281e-05,0.0456547,8.62869e-08,0.0456548
0.00273034,-3.12709e-06,0.0263429,1.2803e-08,0.0263429
0.00266088,1.46971e-06,0.0363774,3.65036e-08,0.0363775
0.00264514,-8.75494e-06,0.0240667,8.57123e-09,0.0240667
0.00253014,-1.56601e-06,0.0340962,2.60325e-08,0.0340962
0.00262372,-1.21706e-05,0.0234381,7.30917e-09,0.0234381
0.00262808,-1.62511e-05,0.020044,4.1235e-09,0.020044
0.00253923,-1.31231e-05,0.0300655,1.48187e-08,0.0300656
0.00257975,-1.77416e-05,0.0222495,5.69179e-09,0.0222495
0.00248928,-1.81383e-05,0.032274,1.64156e-08,0.032274
0.00256429,-1.99665e-05,0.0229134,5.3217e-09,0.0229134
0.00247533,-2.77812e-05,0.0329402,1.42069e-08,0.0329402
0.00248881,-2.1528e-05,0.0231076,4.56417e-09,0.0231076
0.00238352,-2.72876e-05,0.0331349,1.13789e-08,0.0331349
0.00240369,-2.04107e-05,0.0231639,3.80392e-09,0.0231639
0.00229406,-3.16871e-05,0.0331913,8.84041e-09,0.0331913
0.0024037,-1.9318e-05,0.0231801,2.96668e-09,0.0231801
0.00256118,-2.50987e-05,0.019951,1.8316e-09,0.019951
0.00255368,-3.99271e-05,0.0299724,5.17425e-09,0.0299724
0.00281684,-4.35992e-05,0.0222205,2.30517e-09,0.0222205
0.00284248,-5.72926e-05,0.0322454,5.18408e-09,0.0322454
0.00285432,-6.78927e-05,0.0422922,7.38933e-09,0.0422923
0.00315751,-5.56713e-05,0.0255658,2.61287e-09,0.0255658
0.00327541,-3.91825e-05,0.0355988,5.81656e-09,0.0355989
0.0036076,-6.45234e-05,0.0238554,2.62717e-09,0.0238554
0.0039207,-8.18694e-05,0.0201931,1.68678e-09,0.0201931
0.00412398,-9.90495e-05,0.030215,7.16213e-09,0.030215
0.00444287,-0.000107801,0.0222951,2.94433e-09,0.0222951
0.00463491,-0.00012891,0.0323205,9.88265e-09,0.0323205
0.00522556,-0.000134082,0.0229271,3.53082e-09,0.0229271
0.00549326,-0.000152836,0.032954,1.08465e-08,0.032954
0.00594995,-0.000166349,0.0231116,3.70378e-09,0.0231116
0.00623572,-0.000184975,0.0331389,1.11221e-08,0.0331389
0.00673136,-0.000199967,0.0231651,3.73844e-09,0.0231651
0.00704047,-0.000219285,0.0331925,1.09693e-08,0.0331924
0.00747869,-0.000230626,0.0231805,3.6962e-09,0.0231805
0.00807774,-0.000252602,0.0199511,2.35287e-09,0.0199511
0.00844817,-0.000278697,0.0299724,8.03389e-09,0.0299724
0.00879341,-0.000307383,0.0400135,1.75463e-08,0.0400134
0.00930102,-0.000308618,0.0250093,4.48094e-09,0.0250093
0.0097453,-0.000323723,0.0205979,2.43303e-09,0.0205979
0.010071,-0.000349945,0.0306206,7.31112e-09,0.0306206
0.0105429,-0.00036003,0.0224191,2.99536e-09,0.0224191
0.0108824,-0.000386813,0.0324449,7.89398e-09,0.0324449
0.0111986,-0.000417743,0.0424926,1.40207e-08,0.0424926
0.0117019,-0.000433051,0.0256135,3.6723e-09,0.0256135
0.0117961,-0.000416332,0.0208056,2.07741e-09,0.0208056
0.0119353,-0.000430086,0.0308287,5.80683e-09,0.0308287
0.0123548,-0.000438041,0.0224823,2.53058e-09,0.0224823
0.0125463,-0.000461905,0.0325083,5.79574e-09,0.0325083
0.012706,-0.000494515,0.0425562,7.99057e-09,0.0425563
0.0133276,-0.000490467,0.0256287,2.76709e-09,0.0256287
0.0135674,-0.000527437,0.0356615,4.30037e-09,0.0356616
0.0139851,-0.000526567,0.0238726,1.78617e-09,0.0238727
0.0144738,-0.000548367,0.0201992,1.17426e-09,0.0201993
0.0147569,-0.000574845,0.0302211,3.21682e-09,0.0302211
0.0152769,-0.00059344,0.0222969,1.73363e-09,0.0222969
0.0155974,-0.000628708,0.0323225,5.19426e-09,0.0323225
0.0160907,-0.000654619,0.0229277,2.0941e-09,0.0229277
0.0163933,-0.000699249,0.0329545,5.35961e-09,0.0329546
0.0166665,-0.000751744,0.0430037,1.21063e-08,0.0430038
0.0169211,-0.000802571,0.0530835,1.04605e-08,0.0530836
0.0174577,-0.000771985,0.0278946,3.21779e-09,0.0278946
0.0177366,-0.000839236,0.0379327,4.04906e-09,0.0379327
0.0182845,-0.000841126,0.0244786,1.81072e-09,0.0244786
0.0185799,-0.000907142,0.034509,1.71797e-09,0.0345091
0.01893,-0.00101206,0.0445873,-6.45371e-09,0.0445873
0.0192456,-0.000952922,0.0260963,1.28301e-09,0.0260963
0.0197328,-0.000992596,0.0209693,8.68957e-10,0.0209693
0.0200438,-0.00106223,0.0309926,2.60153e-10,0.0309926
0.0204577,-0.00108696,0.0225319,7.9683e-10,0.0225319
0.0209142,-0.00113854,0.0197148,7.79244e-10,0.0197148
0.0212474,-0.00121627,0.0297356,1.08386e-09,0.0297356
0.0216067,-0.00124627,0.022147,1.04856e-09,0.022147
0.0219112,-0.00132656,0.0321721,2.26307e-10,0.0321721
0.0222946,-0.00135377,0.0228835,9.62281e-10,0.0228835
0.0227603,-0.00141833,0.0198434,8.93183e-10,0.0198434
0.0230559,-0.00149846,0.0298644,7.88563e-10,0.0298644
0.023515,-0.00155066,0.0221869,1.03301e-09,0.0221869
0.0238349,-0.00163779,0.0322122,3.79341e-10,0.0322122
0.0242262,-0.00168229,0.0228953,9.61062e-10,0.0228953
0.024751,-0.00177298,0.0198477,8.83926e-10,0.0198477
0.0251048,-0.00187166,0.0298687,1.72934e-09,0.0298687
0.0255111,-0.00193301,0.0221884,1.30328e-09,0.0221884
0.0258313,-0.00202496,0.0322134,2.1363e-09,0.0322134
0.0263582,-0.00210906,0.0228956,1.49065e-09,0.0228956
0.0266822,-0.00219694,0.0329223,3.0828e-09,0.0329223
0.0270989,-0.00226732,0.0231025,1.6776e-09,0.0231025
0.0274259,-0.00235612,0.0331298,4.55914e-09,0.0331298
0.0278235,-0.00243088,0.0231624,1.98731e-09,0.0231624
0.0282788,-0.00253483,0.0199446,1.51402e-09,0.0199446
0.0286139,-0.00263093,0.0299658,6.20311e-09,0.0299658
0.0289202,-0.00272071,0.0400071,1.61838e-08,0.0400071
0.0293861,-0.0028214,0.0250078,4.02327e-09,0.0250078
0.029794,-0.00292519,0.0205974,2.31897e-09,0.0205974
0.0300908,-0.00301621,0.0306199,9.01678e-09,0.0306199
0.0304869,-0.00312033,0.0224189,3.59344e-09,0.0224189
0.0308073,-0.00321996,0.0324449,1.26545e-08,0.0324449
0.0311978,-0.00332802,0.0229635,4.3477e-09,0.0229635
0.0317859,-0.0035048,0.0198725,2.83823e-09,0.0198725
0.0321271,-0.00362537,0.0298935,1.10071e-08,0.0298935
0.0324505,-0.00374715,0.0399353,2.80468e-08,0.0399353
0.0330693,-0.00392041,0.0249896,6.13433e-09,0.0249896
0.0333922,-0.00405661,0.0350207,1.65606e-08,0.0350208
0.0338325,-0.00417718,0.0236965,4.70436e-09,0.0236965
0.0341438,-0.00431833,0.0337251,1.25645e-08,0.0337251
0.034469,-0.00440492,0.0233329,3.99808e-09,0.0233329
0.0347609,-0.00453885,0.0333606,1.07377e-08,0.0333607
0.0351352,-0.00464812,0.0232289,3.56263e-09,0.0232289
0.0355524,-0.00479566,0.0199686,2.22504e-09,0.0199686
0.0358427,-0.00492946,0.0299897,7.42322e-09,0.0299897
0.0361527,-0.00503173,0.0222257,3.1517e-09,0.0222257
0.0364091,-0.00515322,0.0322514,1.0118e-08,0.0322514
0.0368467,-0.00530384,0.0229067,3.63312e-09,0.0229067
0.0371011,-0.00542546,0.0329335,1.14966e-08,0.0329335
0.0373301,-0.00554628,0.0429826,2.65298e-08,0.0429827
0.0378898,-0.00573448,0.0257294,5.24745e-09,0.0257294
0.0381558,-0.00587419,0.0357626,1.49042e-08,0.0357626
0.0386491,-0.00605688,0.0239002,4.15807e-09,0.0239002
0.0389351,-0.0062105,0.0339294,1.36003e-08,0.0339294
0.0393941,-0.00638443,0.0233909,4.09319e-09,0.0233909
0.0397939,-0.00655938,0.0200271,2.5955e-09,0.0200271
0.0400867,-0.00671089,0.0300484,1.04231e-08,0.0300484
0.0405479,-0.00691218,0.0222438,4.17545e-09,0.0222438
0.0408432,-0.00706674,0.0322692,1.46234e-08,0.0322692
0.0411424,-0.00719248,0.0229121,5.0847e-09,0.0229121
0.0416007,-0.00741315,0.0198551,3.9084e-09,0.0198551
0.0418578,-0.00755377,0.0298732,1.27336e-08,0.0298732
0.0422051,-0.00771523,0.0221896,5.14041e-09,0.0221896
0.0424775,-0.00787218,0.0322143,1.80087e-08,0.0322143
0.0427274,-0.00802366,0.0422609,4.57739e-08,0.0422609
0.0432542,-0.00826461,0.0255583,8.6177e-09,0.0255583
0.043524,-0.00842841,0.0355908,2.5664e-08,0.0355909
0.0439439,-0.0086319,0.0238549,7.26488e-09,0.023855
0.0444133,-0.00888335,0.0201919,3.63064e-09,0.0201919
0.0447322,-0.00907775,0.0302131,1.41484e-08,0.0302132
0.0450248,-0.00927411,0.0402548,3.73068e-08,0.0402548
0.0455851,-0.00956043,0.0250694,7.82999e-09,0.0250694
0.0460558,-0.00982597,0.0206187,4.07969e-09,0.0206187
0.0463712,-0.0100315,0.0306412,1.48658e-08,0.0306413
0.0467206,-0.0102255,0.0224254,5.53699e-09,0.0224254
0.047093,-0.0104454,0.0196757,3.74239e-09,0.0196757
0.0473719,-0.0106337,0.0296964,1.48523e-08,0.0296964
0.047627,-0.0108172,0.0397369,4.00771e-08,0.0397369
0.0480642,-0.0110629,0.02494,8.59477e-09,0.02494
0.0485269,-0.0113528,0.0205739,4.48347e-09,0.0205739
0.0488131,-0.0115663,0.0305964,1.6331e-08,0.0305964
0.0491768,-0.0117817,0.0224127,6.34727e-09,0.0224127
0.0496101,-0.0120695,0.0196704,3.73655e-09,0.0196704
0.0499237,-0.0123085,0.0296906,1.42233e-08,0.0296906
0.0503702,-0.0125965,0.022133,5.70042e-09,0.022133
0.0506997,-0.0128441,0.032158,1.96137e-08,0.032158
0.0512904,-0.0131983,0.0228794,6.64411e-09,0.0228794
0.0517045,-0.0135321,0.0329067,1.60587e-08,0.0329067
0.0521059,-0.0138634,0.0429549,2.95846e-08,0.0429549
0.0528408,-0.0143454,0.0257229,6.15775e-09,0.0257229
0.0534935,-0.0148331,0.0208428,2.89917e-09,0.0208428
0.054007,-0.0152447,0.0308661,8.58369e-09,0.0308661
0.0545265,-0.0156229,0.0224936,3.27551e-09,0.0224936
0.0552023,-0.0161408,0.0197008,2.28275e-09,0.0197008
0.0557302,-0.0165762,0.0297215,8.89304e-09,0.0297215
0.0562393,-0.0170041,0.0397619,2.17336e-08,0.0397619
0.0567284,-0.0174425,0.0498319,4.11613e-08,0.0498319
0.0573742,-0.017888,0.0272416,6.59269e-09,0.0272416
0.0578422,-0.0183051,0.0372768,1.44843e-08,0.0372768
0.0583081,-0.0185814,0.0243064,3.94018e-09,0.0243064
0.0591697,-0.0193279,0.0203527,2.23054e-09,0.0203527
0.059967,-0.0200202,0.018893,1.87886e-09,0.018893
0.0606067,-0.0205786,0.0289123,7.89622e-09,0.0289122
0.06122,-0.0211163,0.021889,3.49966e-09,0.021889
0.0618735,-0.0216976,0.0319135,1.13923e-08,0.0319135
0.0625313,-0.0222791,0.0419597,2.97051e-08,0.0419596
0.0632267,-0.0229237,0.0254861,6.03806e-09,0.0254861
0.0640268,-0.0236734,0.020762,3.17524e-09,0.020762
0.0648984,-0.0245057,0.0190507,2.53233e-09,0.0190507
0.0656028,-0.0251981,0.0290703,9.45965e-09,0.0290703
0.0662784,-0.0258854,0.0391092,2.25132e-08,0.0391092
0.0669415,-0.0265686,0.0491754,4.21506e-08,0.0491754
0.0681618,-0.0276786,0.0271048,6.84377e-09,0.0271048
0.0692035,-0.028742,0.0213056,3.05775e-09,0.0213056
0.0700382,-0.0296157,0.0313296,9.49534e-09,0.0313295
0.0708591,-0.0304998,0.0413747,2.16928e-08,0.0413747
0.0721266,-0.0317959,0.0253447,4.77883e-09,0.0253447
0.07296,-0.0327283,0.035377,1.28336e-08,0.035377
0.0740129,-0.033792,0.0237947,3.74525e-09,0.0237947
0.0748871,-0.0347486,0.0338236,1.09835e-08,0.0338236
0.075965,-0.0359517,0.0233609,3.53341e-09,0.0233609
0.0768653,-0.0369724,0.0333888,1.08761e-08,0.0333888
0.0778396,-0.0380837,0.0232369,3.57601e-09,0.0232368
0.0788987,-0.0393063,0.0199715,2.32521e-09,0.0199715
0.0798512,-0.0404376,0.0299928,8.77179e-09,0.0299928
0.0809427,-0.041757,0.0400436,2.55521e-08,0.0400435
0.0815894,-0.0424933,0.0250149,5.29245e-09,0.0250149
0.0825059,-0.0435976,0.0205997,2.80097e-09,0.0205997
0.0834266,-0.0447553,0.0306218,8.92047e-09,0.0306218
0.0846679,-0.0462499,0.0224195,3.54344e-09,0.0224195
0.085782,-0.0476707,0.0196735,2.45265e-09,0.0196735
0.0867357,-0.0489321,0.029694,8.51457e-09,0.029694
0.0876112,-0.0500427,0.0221341,3.61648e-09,0.0221341
0.0888779,-0.0517018,0.019568,2.53224e-09,0.019568
0.0898731,-0.0530301,0.0295884,8.5585e-09,0.0295884
0.0911457,-0.0547362,0.0221012,3.67954e-09,0.0221012
0.0921515,-0.0561482,0.0321264,1.07227e-08,0.0321264
0.0931898,-0.0575497,0.02287,3.89119e-09,0.02287
0.0941702,-0.0589718,0.0328966,1.08112e-08,0.0328966
0.0951525,-0.0603081,0.023095,3.7679e-09,0.023095
0.0961206,-0.0617449,0.0331223,1.07663e-08,0.0331223
0.0969856,-0.0629384,0.0231604,3.7243e-09,0.0231604
0.0981413,-0.0646224,0.0199438,2.36524e-09,0.0199438
0.0991017,-0.0661038,0.0299649,8.66692e-09,0.0299649
0.0999718,-0.0675793,0.0222181,3.57231e-09,0.0222181
0.100725,-0.0689034,0.0322433,1.36411e-08,0.0322433
0.101706,-0.0698751,0.0229044,4.76665e-09,0.0229044
0.102574,-0.0712057,0.0329313,1.42319e-08,0.0329313
0.103462,-0.0725945,0.0429806,3.02272e-08,0.0429806
0.104485,-0.0743164,0.0257289,5.91554e-09,0.0257289
0.105416,-0.0757756,0.0357619,1.49267e-08,0.0357619
0.106131,-0.0769503,0.0239002,4.24892e-09,0.0239002
0.107087,-0.0784717,0.0339293,1.35271e-08,0.0339293
0.108244,-0.080403,0.0233908,4.1188e-09,0.0233908
0.109164,-0.0819475,0.0334188,1.33687e-08,0.0334188
0.109929,-0.0832377,0.0232455,4.31057e-09,0.0232455
0.110936,-0.0849594,0.0332781,1.5755e-08,0.033278
0.111696,-0.0863001,0.0433226,2.94484e-08,0.0433226
0.112578,-0.087769,0.0258093,5.95514e-09,0.0258093
0.11358,-0.0895033,0.0208721,2.94598e-09,0.0208721
0.114447,-0.0910711,0.0308952,1.09253e-08,0.0308952
0.115293,-0.0926362,0.0409389,2.56757e-08,0.0409389
0.116227,-0.0942002,0.0252384,5.62755e-09,0.0252384
0.117219,-0.0959476,0.020677,3.01463e-09,0.020677
0.118061,-0.0975361,0.0306996,1.02196e-08,0.0306996
0.118771,-0.0987636,0.0224432,3.94399e-09,0.0224432
0.119585,-0.100336,0.032469,1.20827e-08,0.032469
0.120375,-0.101901,0.0425168,2.68877e-08,0.0425167
0.121267,-0.103335,0.0256193,5.56265e-09,0.0256193
0.122069,-0.10491,0.0356519,1.46587e-08,0.0356519
0.123019,-0.106544,0.0238701,4.1372e-09,0.0238701
0.124115,-0.108547,0.0201984,2.44968e-09,0.0201984
0.125101,-0.110492,0.0302267,1.238e-08,0.0302267
0.126058,-0.112198,0.0222966,3.85847e-09,0.0222966
0.126856,-0.113811,0.0323216,1.19453e-08,0.0323216
0.127633,-0.115418,0.0423683,2.68871e-08,0.0423683
0.128318,-0.116506,0.0255839,5.59021e-09,0.0255839
0.129171,-0.11808,0.0207955,2.84565e-09,0.0207955
0.130161,-0.119967,0.0190636,2.23231e-09,0.0190636
0.130936,-0.121563,0.0290831,8.64073e-09,0.0290831
0.131692,-0.123173,0.0391219,2.15751e-08,0.0391219
0.132586,-0.124719,0.024786,5.60028e-09,0.024786
0.133252,-0.12614,0.0348131,1.33244e-08,0.0348131
0.134121,-0.127698,0.0236407,4.51888e-09,0.0236407
0.134763,-0.129068,0.0336644,1.10308e-08,0.0336644
0.135943,-0.131265,0.0233155,3.63015e-09,0.0233155
0.136699,-0.132875,0.0333427,1.14964e-08,0.0333427
0.137734,-0.134811,0.0232236,3.78057e-09,0.0232236
0.13848,-0.136412,0.033251,1.22477e-08,0.033251
0.139133,-0.137606,0.0231973,3.98677e-09,0.0231973
0.139866,-0.139201,0.0332247,1.27729e-08,0.0332247
0.140584,-0.140789,0.0432747,2.98185e-08,0.0432747
0.14141,-0.142225,0.0257981,5.69457e-09,0.0257981
0.142374,-0.14414,0.0208684,2.85402e-09,0.0208684
0.143124,-0.14577,0.0308916,1.04062e-08,0.0308916
0.143871,-0.147223,0.0225014,3.87696e-09,0.0225014
0.14461,-0.148853,0.0325274,1.26314e-08,0.0325274
0.145378,-0.150349,0.0229876,4.26773e-09,0.0229876
0.146203,-0.152038,0.0198813,2.7431e-09,0.0198813
0.146917,-0.153646,0.0299027,1.02472e-08,0.0299027
0.147682,-0.155161,0.0221987,4.10652e-09,0.0221987
0.148372,-0.156745,0.0322239,1.30883e-08,0.0322239
0.14914,-0.158259,0.0228988,4.55889e-09,0.0228988
0.150065,-0.160191,0.0198489,2.92868e-09,0.0198489
0.150756,-0.161788,0.0298699,1.08051e-08,0.0298699
0.151581,-0.163457,0.0221886,4.36852e-09,0.0221886
0.152521,-0.165452,0.0195882,3.05016e-09,0.0195882
0.153213,-0.167045,0.0296087,1.16468e-08,0.0296087
0.153947,-0.168562,0.0221076,4.78092e-09,0.0221076
0.154627,-0.170158,0.0321326,1.55664e-08,0.0321326
0.155261,-0.17144,0.0228719,5.3184e-09,0.0228719
0.155934,-0.173034,0.0328985,1.65297e-08,0.0328985
0.156584,-0.174621,0.0429475,3.8633e-08,0.0429475
0.157623,-0.176678,0.0257212,7.34959e-09,0.0257212
0.158282,-0.17829,0.0357542,2.03728e-08,0.0357542
0.15909,-0.179918,0.023898,5.44625e-09,0.023898
0.159743,-0.181512,0.0339273,1.69145e-08,0.0339273
0.160391,-0.182834,0.0233903,5.10542e-09,0.0233903
0.161193,-0.18461,0.0200268,3.14733e-09,0.0200268
0.161845,-0.186209,0.0300481,1.21468e-08,0.0300481
0.162482,-0.187809,0.0400896,3.18318e-08,0.0400896
0.163382,-0.189645,0.0250283,6.86904e-09,0.0250283
0.164038,-0.19128,0.0350597,2.00896e-08,0.0350597
0.164882,-0.193083,0.0237076,5.71269e-09,0.0237076
0.165518,-0.194684,0.0337358,1.73286e-08,0.0337358
0.166362,-0.196517,0.0233379,5.91983e-09,0.0233379
0.166899,-0.197877,0.0333608,1.52727e-08,0.0333608
0.167513,-0.199497,0.0434094,3.74155e-08,0.0434094
0.168207,-0.200866,0.0258296,6.89493e-09,0.0258296
0.16889,-0.202436,0.0208791,3.43255e-09,0.0208791
0.169631,-0.20419,0.0190955,2.70226e-09,0.0190955
0.170423,-0.206088,0.0183981,2.64878e-09,0.0183981
0.171054,-0.207725,0.0284164,1.15536e-08,0.0284164
0.171727,-0.209282,0.0217313,5.1501e-09,0.0217313
0.172343,-0.210913,0.0317555,1.73593e-08,0.0317555
0.173269,-0.213074,0.0227603,6.01549e-09,0.0227603
0.173887,-0.214719,0.0327866,1.91078e-08,0.0327866
0.174594,-0.21635,0.0230632,6.15829e-09,0.0230632
0.175213,-0.218025,0.0330903,1.89345e-08,0.0330903
0.17592,-0.219661,0.0231511,5.98899e-09,0.0231511
0.176532,-0.221327,0.0331785,1.84977e-08,0.0331785
0.17732,-0.223182,0.0231764,5.80713e-09,0.0231764
0.177938,-0.224872,0.0332038,1.96654e-08,0.0332038
0.178529,-0.22656,0.0432538,4.66736e-08,0.0432538
0.17933,-0.228314,0.0257931,8.44512e-09,0.0257931
0.179923,-0.229969,0.0358264,2.42543e-08,0.0358264
0.180591,-0.231529,0.0239176,6.41775e-09,0.0239176
0.181339,-0.233428,0.0202153,3.66462e-09,0.0202153
0.181932,-0.235093,0.0302371,1.31551e-08,0.0302371
0.182579,-0.236692,0.0223019,5.04858e-09,0.0223019
0.183162,-0.238355,0.0323274,1.63737e-08,0.0323274
0.183963,-0.240351,0.0229291,5.50554e-09,0.0229291
0.184541,-0.242017,0.032956,1.75598e-08,0.032956
0.185106,-0.24339,0.0231122,5.60321e-09,0.0231122
0.185805,-0.24523,0.0199265,3.48887e-09,0.0199265
0.186372,-0.24687,0.0299475,1.29107e-08,0.0299475
0.186922,-0.248513,0.0399887,3.64997e-08,0.0399887
0.187617,-0.250194,0.0250031,7.83597e-09,0.0250031
0.188305,-0.25203,0.0205958,4.17909e-09,0.0205958
0.188869,-0.253703,0.0306183,1.48321e-08,0.0306183
0.189406,-0.255382,0.0406615,3.69232e-08,0.0406615
0.189915,-0.256555,0.0251701,7.78896e-09,0.0251701
0.190458,-0.258245,0.0352021,2.20035e-08,0.0352021
0.191084,-0.259816,0.0237466,6.05844e-09,0.0237466
0.1919,-0.262074,0.0201543,3.46696e-09,0.0201543
0.192452,-0.26378,0.030176,1.3018e-08,0.030176
0.193174,-0.265721,0.0222831,5.06346e-09,0.0222831
0.193711,-0.267412,0.0323086,1.74777e-08,0.0323086
0.194175,-0.268596,0.0229236,5.83773e-09,0.0229236
0.194841,-0.270474,0.019858,3.73273e-09,0.019858
0.195359,-0.272114,0.0298789,1.43011e-08,0.0298789
0.195852,-0.273752,0.0399199,3.83361e-08,0.0399199
0.196383,-0.27503,0.024986,8.35128e-09,0.024986
0.197047,-0.276868,0.0205898,4.43247e-09,0.0205898
0.19761,-0.278532,0.0306123,1.43132e-08,0.0306123
0.198175,-0.280213,0.0406554,3.18674e-08,0.0406554
0.198834,-0.282152,0.0251686,6.9746e-09,0.0251686
0.199393,-0.283876,0.0352004,1.73806e-08,0.0352004
0.199995,-0.285608,0.0237462,5.125e-09,0.0237462
0.200559,-0.28736,0.0337749,1.37365e-08,0.0337749
0.201118,-0.289112,0.0438266,3.24665e-08,0.0438266
0.201667,-0.290866,0.0539094,6.77342e-08,0.0539093
0.202504,-0.293255,0.0280544,7.73716e-09,0.0280544
0.203278,-0.295641,0.0216153,3.24263e-09,0.0216153
0.203882,-0.297566,0.0316403,1.14973e-08,0.0316403
0.204585,-0.299746,0.0227261,4.09321e-09,0.0227261
0.20518,-0.30169,0.0327526,1.27824e-08,0.0327526
0.205872,-0.303732,0.0230533,4.34683e-09,0.0230533
0.206506,-0.305741,0.0330804,1.25257e-08,0.0330803
0.207037,-0.3075,0.0231483,4.18904e-09,0.0231483
0.207671,-0.309558,0.0331754,1.2183e-08,0.0331754
0.208246,-0.31142,0.0231755,4.01841e-09,0.0231755
0.209056,-0.314089,0.0199493,2.5574e-09,0.0199493
0.209706,-0.316265,0.029971,9.46183e-09,0.029971
0.210353,-0.318414,0.0222198,3.8002e-09,0.0222198
0.210976,-0.320572,0.0322451,1.15663e-08,0.0322451
0.211709,-0.322918,0.0229049,4.08343e-09,0.0229049
0.212376,-0.325113,0.0329317,1.19218e-08,0.0329317
0.213207,-0.327992,0.0231052,4.04948e-09,0.0231052
0.213882,-0.330269,0.0331328,1.21463e-08,0.0331328
0.2146,-0.33278,0.0231632,4.00017e-09,0.0231632
0.215269,-0.33511,0.0331905,1.19461e-08,0.0331905
0.215856,-0.337168,0.0231799,3.93502e-09,0.0231799
0.21652,-0.339548,0.0332073,1.17565e-08,0.0332073
0.217261,-0.341949,0.0432582,2.6074e-08,0.0432582
0.217759,-0.343846,0.0257939,5.1797e-09,0.0257939
0.218448,-0.346332,0.020867,2.6025e-09,0.020867
0.219247,-0.349218,0.019091,2.04281e-09,0.019091
0.219922,-0.351685,0.0291107,8.22288e-09,0.0291107
0.220577,-0.354128,0.0391496,2.04021e-08,0.0391495
0.221209,-0.356402,0.0247917,5.00289e-09,0.0247917
0.221856,-0.358893,0.0348224,1.36915e-08,0.0348224
0.222709,-0.361978,0.0236415,4.10749e-09,0.0236415
0.22351,-0.364964,0.0201169,2.48519e-09,0.0201169
0.224134,-0.367464,0.0301385,9.02414e-09,0.0301385
0.224795,-0.369871,0.0222716,3.63293e-09,0.0222716
0.225402,-0.372371,0.032297,1.17506e-08,0.032297
0.225993,-0.374487,0.0229208,4.30291e-09,0.0229208
0.22657,-0.376924,0.032947,1.31857e-08,0.032947
0.22735,-0.379774,0.0231093,4.28156e-09,0.0231093
0.227937,-0.382292,0.0331363,1.41064e-08,0.0331363
0.228552,-0.384497,0.0231643,4.57919e-09,0.0231643
0.229136,-0.387016,0.0331917,1.55693e-08,0.0331917
0.229687,-0.389521,0.0432417,3.8913e-08,0.0432417
0.230473,-0.392211,0.0257903,7.08026e-09,0.0257903
0.231025,-0.394696,0.0358234,2.14493e-08,0.0358234
0.231608,-0.39678,0.0239168,5.64141e-09,0.0239168
0.232225,-0.39925,0.020215,3.33459e-09,0.020215
0.232909,-0.402058,0.0188395,2.8705e-09,0.0188395
0.233653,-0.405162,0.0182955,2.91137e-09,0.0182955
0.234192,-0.407676,0.0283136,1.27561e-08,0.0283136
0.234711,-0.410166,0.0383503,3.56446e-08,0.0383503
0.235462,-0.412973,0.0245868,8.40298e-09,0.0245868
0.23598,-0.415483,0.0346169,2.47926e-08,0.0346169
0.236487,-0.417357,0.0235843,7.10836e-09,0.0235843
0.23712,-0.420031,0.0200964,4.19115e-09,0.0200964
0.237641,-0.422552,0.030118,1.57216e-08,0.030118
0.238234,-0.424977,0.0222653,6.01886e-09,0.0222653
0.238786,-0.427728,0.0322939,2.27675e-08,0.0322939
0.239492,-0.43062,0.0229183,6.85635e-09,0.0229183
0.239996,-0.433139,0.032945,2.19019e-08,0.032945
0.240532,-0.435322,0.023109,6.88834e-09,0.023109
0.241023,-0.437822,0.0331362,2.1648e-08,0.0331362
0.24178,-0.44106,0.0231642,6.76948e-09,0.0231642
0.242269,-0.443587,0.0331917,2.14729e-08,0.0331917
0.242875,-0.446166,0.0231803,6.72034e-09,0.0231803
0.243343,-0.448653,0.0332076,2.12814e-08,0.0332076
0.243835,-0.450726,0.0231848,6.64898e-09,0.0231848
0.244474,-0.453722,0.0199527,4.10027e-09,0.0199527
0.244948,-0.456239,0.0299741,1.60474e-08,0.0299741
0.245571,-0.459116,0.0222208,6.25569e-09,0.0222208
0.246023,-0.461638,0.0322462,2.14216e-08,0.0322462
0.246453,-0.464137,0.0422932,5.33894e-08,0.0422932
0.246984,-0.466254,0.025566,9.97354e-09,0.025566
0.247532,-0.468888,0.0207894,4.90447e-09,0.0207894
0.247973,-0.471423,0.0308125,1.7846e-08,0.0308125
0.248454,-0.473644,0.0224774,6.42647e-09,0.0224774
0.24889,-0.47618,0.0325032,2.14553e-08,0.0325032
0.249385,-0.478474,0.0229806,6.97325e-09,0.0229806
0.249958,-0.481381,0.0198787,4.39433e-09,0.0198787
0.250385,-0.4839,0.0298997,1.70608e-08,0.0298997
0.250874,-0.486269,0.0221979,6.67563e-09,0.0221979
0.251297,-0.48879,0.0322232,2.28112e-08,0.0322232
0.251755,-0.490999,0.0228985,7.54436e-09,0.0228985
0.252162,-0.493504,0.0329253,2.50672e-08,0.0329253
0.25263,-0.495776,0.0231033,7.94086e-09,0.0231033
0.253216,-0.498931,0.0199232,4.92121e-09,0.0199232
0.253618,-0.501456,0.0299444,1.89029e-08,0.0299444
0.254217,-0.504619,0.0222117,7.27501e-09,0.0222117
0.254607,-0.507144,0.032237,2.53738e-08,0.032237
0.255037,-0.509319,0.0229026,8.4058e-09,0.0229026
0.255416,-0.511858,0.0329295,2.77453e-08,0.0329295
0.255865,-0.51416,0.0231045,8.6645e-09,0.0231045
0.256243,-0.516722,0.0331317,2.83418e-08,0.0331317
0.256735,-0.51933,0.023163,8.73791e-09,0.023163
0.257251,-0.522351,0.0199448,5.35813e-09,0.0199448
0.257626,-0.524905,0.0299661,2.07241e-08,0.0299661
0.258035,-0.527207,0.0222184,8.00587e-09,0.0222184
0.2584,-0.52974,0.0322437,2.71614e-08,0.0322437
0.258946,-0.5329,0.0229046,8.87529e-09,0.0229046
0.259306,-0.535445,0.0329313,2.80583e-08,0.0329313
0.259727,-0.537875,0.023105,8.79855e-09,0.023105
0.260187,-0.540753,0.0199238,5.2957e-09,0.0199238
0.260542,-0.543346,0.0299455,1.95624e-08,0.0299455
0.260983,-0.546026,0.0222153,9.29506e-09,0.0222153
0.261347,-0.548289,0.0195958,4.35125e-09,0.0195958
0.26173,-0.55109,0.029618,1.86671e-08,0.029618
0.262192,-0.553899,0.0221094,6.73962e-09,0.0221094
0.262535,-0.55644,0.0321338,2.17986e-08,0.0321338
0.262999,-0.559232,0.0228722,7.3956e-09,0.0228722
0.263337,-0.561794,0.0328987,2.34867e-08,0.0328987
0.263735,-0.564073,0.0230956,7.48332e-09,0.0230956
0.264072,-0.566634,0.0331229,2.40565e-08,0.0331229
0.264428,-0.568606,0.0231605,7.46734e-09,0.0231605
0.26476,-0.571138,0.0331878,2.42588e-08,0.0331878
0.265204,-0.573666,0.0231791,7.50472e-09,0.0231791
0.265536,-0.576173,0.0332065,2.45465e-08,0.0332065
0.265849,-0.578669,0.0432564,6.06716e-08,0.0432564
0.266307,-0.580914,0.0257938,1.07266e-08,0.0257938
0.266777,-0.583799,0.0208669,5.24594e-09,0.0208669
0.267275,-0.58697,0.0190909,3.93756e-09,0.0190909
0.267619,-0.589533,0.0291106,1.62607e-08,0.0291106
0.268033,-0.591977,0.0219516,6.72043e-09,0.0219516
0.268366,-0.59452,0.0319763,2.35204e-08,0.0319763
0.268776,-0.596817,0.0228258,8.08823e-09,0.0228258
0.269279,-0.599973,0.0198223,5.23733e-09,0.0198223
0.269622,-0.60249,0.0298431,2.11194e-08,0.0298431
0.270012,-0.604761,0.0221804,8.29482e-09,0.0221804
0.270477,-0.607678,0.0195852,5.81189e-09,0.0195852
0.270819,-0.610203,0.0296056,2.34626e-08,0.0296056
0.271248,-0.612723,0.0221078,1.02567e-08,0.0221078
0.271586,-0.615301,0.032134,3.60315e-08,0.032134
0.271852,-0.617537,0.0421746,8.27966e-08,0.0421746
0.272363,-0.620005,0.0255388,1.63746e-08,0.0255388
0.272655,-0.622304,0.0355679,4.52907e-08,0.0355679
0.273095,-0.624598,0.0238471,1.19659e-08,0.0238471
0.273542,-0.627318,0.0201901,6.86454e-09,0.0201901
0.274037,-0.630426,0.0188299,5.57484e-09,0.0188299
0.274378,-0.632955,0.028849,2.3429e-08,0.028849
0.274908,-0.636053,0.0218689,9.61296e-09,0.0218689
0.27525,-0.638594,0.0318935,3.52568e-08,0.0318935
0.27557,-0.641113,0.0419395,9.64798e-08,0.0419395
0.276189,-0.644278,0.0254831,1.86798e-08,0.0254831
0.276491,-0.64647,0.0355108,4.62765e-08,0.0355108
0.276821,-0.649041,0.0455669,1.056e-07,0.0455669
0.27724,-0.650829,0.0263229,1.67632e-08,0.0263229
0.277688,-0.653432,0.0210456,7.6176e-09,0.0210456
0.278053,-0.655986,0.0310691,2.44112e-08,0.0310691
0.278502,-0.6585,0.022555,8.64101e-09,0.022555
0.278951,-0.661201,0.0197233,5.38232e-09,0.0197233
0.279327,-0.663837,0.0297452,2.02805e-08,0.0297452
0.279734,-0.66611,0.0221496,7.69993e-09,0.0221496
0.280083,-0.668631,0.0321747,2.57355e-08,0.0321747
0.28053,-0.671035,0.0228843,8.58603e-09,0.0228843
0.281079,-0.674309,0.0198436,5.40854e-09,0.0198436
0.28143,-0.676817,0.0298646,2.13954e-08,0.0298646
0.281936,-0.679663,0.0221893,9.77375e-09,0.0221893
0.282214,-0.681671,0.0322092,2.68901e-08,0.0322092
0.282693,-0.684267,0.0228943,9.28181e-09,0.0228943
0.283049,-0.686792,0.0329204,3.29239e-08,0.0329204
0.283527,-0.68938,0.0231049,1.23396e-08,0.0231049
0.283998,-0.692081,0.0199218,5.88858e-09,0.0199218
0.284367,-0.694607,0.0299418,2.3922e-08,0.0299418
0.284871,-0.697412,0.0222108,9.46055e-09,0.0222108
0.285235,-0.699939,0.0322357,3.38421e-08,0.0322357
0.285656,-0.70217,0.0229022,1.11837e-08,0.0229022
0.286013,-0.704693,0.032929,3.78278e-08,0.032929
0.286457,-0.706995,0.0231044,1.18224e-08,0.0231044
0.286811,-0.709497,0.0331315,3.94044e-08,0.0331315
0.287395,-0.712598,0.0231629,1.20422e-08,0.0231629
0.287748,-0.715114,0.0331903,4.07996e-08,0.0331903
0.288203,-0.71743,0.0231798,1.23942e-08,0.0231798
0.288679,-0.720145,0.0199509,7.60417e-09,0.0199509
0.289046,-0.722689,0.0299722,3.01524e-08,0.0299722
0.289388,-0.725204,0.0400131,8.38073e-08,0.0400131
0.289887,-0.727449,0.0250093,1.72646e-08,0.0250093
0.29026,-0.729977,0.0350406,5.38167e-08,0.0350406
0.290777,-0.732611,0.023702,1.44097e-08,0.023702
0.291335,-0.735751,0.0201385,8.28047e-09,0.0201385
0.291727,-0.7383,0.0301601,3.03148e-08,0.0301601
0.292301,-0.741412,0.0222782,1.13097e-08,0.0222782
0.292686,-0.743946,0.0323037,3.72424e-08,0.0323037
0.293093,-0.74603,0.0229222,1.22665e-08,0.0229222
0.293607,-0.748912,0.0198574,7.55623e-09,0.0198574
0.293993,-0.75143,0.0298785,2.8463e-08,0.0298785
0.294457,-0.753884,0.0221913,1.10563e-08,0.0221913
0.294848,-0.75642,0.0322166,3.72802e-08,0.0322166
0.295308,-0.758788,0.0228966,1.21365e-08,0.0228966
0.295873,-0.76195,0.0198482,7.49887e-09,0.0198482
0.29627,-0.764471,0.0298692,2.73288e-08,0.0298692
0.296847,-0.767557,0.0221894,1.12616e-08,0.0221894
0.297206,-0.769863,0.0322122,3.29282e-08,0.0322122
0.297588,-0.772377,0.0422581,8.34186e-08,0.0422581
0.298213,-0.775382,0.0255576,1.57831e-08,0.0255576
0.29861,-0.777906,0.0355901,4.62415e-08,0.03559
0.298981,-0.779681,0.0238532,1.22866e-08,0.0238532
0.299498,-0.782504,0.0201924,6.95666e-09,0.0201924
0.299905,-0.785036,0.0302142,2.58803e-08,0.0302142
0.300422,-0.787742,0.0222949,9.71627e-09,0.0222948
0.30082,-0.790254,0.0323203,3.31622e-08,0.0323203
0.301227,-0.792276,0.022927,1.09509e-08,0.022927
0.301624,-0.794792,0.0329539,3.71659e-08,0.0329539
0.302284,-0.798173,0.0231117,1.16181e-08,0.0231117
0.302689,-0.800697,0.0331388,3.83652e-08,0.0331388
0.303223,-0.803411,0.0231651,1.18605e-08,0.0231651
0.30363,-0.805939,0.0331926,3.90621e-08,0.0331926
0.303994,-0.807712,0.0231804,1.19248e-08,0.0231804
0.304389,-0.810223,0.0332079,3.89205e-08,0.0332079
0.304759,-0.812719,0.0432579,9.84208e-08,0.0432579
0.305334,-0.81524,0.0257941,1.68825e-08,0.0257941
0.305926,-0.818383,0.0208671,8.15837e-09,0.0208671
0.306322,-0.820883,0.0308902,3.06394e-08,0.0308902
0.306917,-0.823913,0.022501,1.09385e-08,0.022501
0.307315,-0.82642,0.0325269,3.91776e-08,0.0325269
0.307761,-0.828562,0.0229875,1.25259e-08,0.0229875
0.308332,-0.831601,0.0198812,7.87268e-09,0.0198812
0.308745,-0.834117,0.0299023,3.0566e-08,0.0299023
0.309139,-0.836608,0.0399433,8.27533e-08,0.0399433
0.309694,-0.83914,0.0249918,1.737e-08,0.0249918
0.310223,-0.841884,0.0205921,9.128e-09,0.0205921
0.310631,-0.844332,0.0306142,3.07807e-08,0.0306142
0.311055,-0.846412,0.0224171,1.11582e-08,0.0224171
0.311622,-0.849424,0.0196726,7.18264e-09,0.0196726
0.312049,-0.851972,0.0296932,2.62176e-08,0.0296932
0.312609,-0.854802,0.0221338,1.0169e-08,0.0221338
0.313115,-0.857831,0.0321659,4.20356e-08,0.0321659
0.313478,-0.859483,0.0228796,1.15477e-08,0.0228796
0.314023,-0.862317,0.0198419,7.16662e-09,0.0198419
0.314459,-0.864888,0.0298627,2.64071e-08,0.0298627
0.314901,-0.867057,0.0221865,1.04202e-08,0.0221865
0.315321,-0.869586,0.0322118,3.63316e-08,0.0322118
0.315763,-0.87165,0.0228951,1.20196e-08,0.0228951
0.316345,-0.874654,0.0198476,7.62448e-09,0.0198476
0.31678,-0.877236,0.0298691,3.15258e-08,0.0298691
0.317382,-0.880166,0.0221882,1.19899e-08,0.0221882
0.317806,-0.882685,0.0322136,4.28058e-08,0.0322136
0.318408,-0.885561,0.0228957,1.39037e-08,0.0228957
0.318836,-0.888071,0.0329222,4.59772e-08,0.0329222
0.319244,-0.890592,0.0429712,1.15333e-07,0.0429712
0.319788,-0.892806,0.0257267,2.01908e-08,0.0257267
0.320393,-0.895795,0.0208442,9.78047e-09,0.0208442
0.320836,-0.898354,0.0308672,3.36152e-08,0.0308672
0.321303,-0.900519,0.022494,1.17067e-08,0.022494
0.321743,-0.903066,0.03252,3.77594e-08,0.03252
0.322415,-0.906238,0.0229861,1.24107e-08,0.0229861
0.322831,-0.908637,0.0330118,3.73384e-08,0.0330118
0.32339,-0.911241,0.0231293,1.21691e-08,0.0231293
0.323795,-0.913547,0.033154,3.49026e-08,0.033154
0.324378,-0.916263,0.0231693,1.08609e-08,0.0231693
0.324832,-0.918801,0.0331964,3.53486e-08,0.0331964
0.325305,-0.92094,0.0231828,1.17589e-08,0.0231828
0.325724,-0.923232,0.0332074,3.19596e-08,0.0332074
0.32636,-0.926266,0.0231847,9.91108e-09,0.0231847
0.326821,-0.92882,0.0332118,3.04758e-08,0.0332118
0.327291,-0.930976,0.023186,9.47721e-09,0.023186
0.327875,-0.933756,0.0199531,5.57582e-09,0.0199531
0.328369,-0.936366,0.0299744,1.77245e-08,0.0299744
0.328917,-0.939005,0.022221,6.60454e-09,0.022221
0.329564,-0.942204,0.0196002,4.1775e-09,0.0196002
0.330083,-0.94491,0.0296207,1.35377e-08,0.0296207
0.330696,-0.947862,0.0221119,5.71567e-09,0.0221119
0.331379,-0.95121,0.0195593,3.51443e-09,0.0195593
0.331921,-0.954023,0.0295794,1.21837e-08,0.0295794
0.332629,-0.957255,0.0220984,5.05667e-09,0.0220984
0.333222,-0.96011,0.0321235,1.34703e-08,0.0321235
0.333836,-0.963154,0.0228692,4.60099e-09,0.0228692
0.334444,-0.966045,0.0328958,1.25868e-08,0.0328957
0.335158,-0.969562,0.0230948,4.27149e-09,0.0230948
0.335771,-0.972537,0.033122,1.21923e-08,0.033122
0.33646,-0.975857,0.0231602,4.05678e-09,0.0231601
0.337061,-0.978838,0.0331876,1.20471e-08,0.0331876
0.33763,-0.981436,0.0231791,4.00095e-09,0.0231791
0.338266,-0.98444,0.0332065,1.19608e-08,0.0332065
0.338903,-0.987453,0.0432565,2.61781e-08,0.0432564
0.339476,-0.99033,0.0257937,5.24264e-09,0.0257937
0.340214,-0.993883,0.020867,2.64603e-09,0.020867
0.340835,-0.996962,0.0308901,9.2351e-09,0.0308901
0.34147,-0.999947,0.022501,3.54739e-09,0.022501
0.342078,-1.00304,0.0325269,1.17041e-08,0.0325269
0.342787,-1.00627,0.0229875,4.02539e-09,0.0229875
0.343396,-1.00939,0.0330144,1.34507e-08,0.0330144
0.344015,-1.01214,0.0231291,4.39999e-09,0.0231291
0.344737,-1.01549,0.0199325,2.85733e-09,0.0199325
0.345359,-1.01863,0.0299539,1.20052e-08,0.0299539
0.345951,-1.02123,0.0222146,4.82235e-09,0.0222146
0.346578,-1.02437,0.0322405,1.81551e-08,0.0322405
0.347206,-1.02706,0.0229034,6.00493e-09,0.0229034
0.348041,-1.03079,0.0198506,3.96255e-09,0.0198506
0.348666,-1.03387,0.0298716,1.60798e-08,0.0298716
0.349329,-1.03665,0.0221892,6.38976e-09,0.0221892
0.350222,-1.04057,0.0195884,4.4471e-09,0.0195884
0.350865,-1.04365,0.0296089,1.81321e-08,0.0296089
0.351486,-1.04671,0.0396491,5.10176e-08,0.0396491
0.352157,-1.04917,0.024918,1.10597e-08,0.024918
0.353118,-1.05316,0.0205663,5.90137e-09,0.0205663
0.353786,-1.05622,0.0305887,2.25078e-08,0.0305887
0.354577,-1.05933,0.0224094,8.33367e-09,0.0224094
0.355252,-1.06238,0.0324352,2.9116e-08,0.0324352
0.355969,-1.06506,0.0229607,9.52605e-09,0.0229607
0.356849,-1.06853,0.0198715,6.04242e-09,0.0198715
0.357568,-1.0716,0.0298926,2.30972e-08,0.0298926
0.35845,-1.07488,0.0221957,8.92878e-09,0.0221957
0.3594,-1.07848,0.0195908,6.00583e-09,0.0195908
0.360155,-1.08155,0.0296113,2.26777e-08,0.0296113
0.360973,-1.08447,0.0221084,9.08156e-09,0.0221084
0.36174,-1.08752,0.0321335,3.05819e-08,0.0321335
0.362511,-1.09013,0.0228721,1.02726e-08,0.0228721
0.363538,-1.09377,0.0198392,6.51187e-09,0.0198392
0.364337,-1.0968,0.0298602,2.48051e-08,0.0298602
0.365254,-1.09984,0.0221859,9.88539e-09,0.0221858
0.366064,-1.10282,0.0322107,3.31295e-08,0.0322107
0.366852,-1.10583,0.0422574,8.4401e-08,0.0422574
0.367625,-1.10881,0.0523341,1.85728e-07,0.052334
0.368663,-1.11154,0.0277474,2.13279e-08,0.0277474
0.3698,-1.11511,0.0215161,9.09101e-09,0.0215161
0.370666,-1.11807,0.0315402,3.17068e-08,0.0315402
0.371548,-1.12069,0.0226963,1.10516e-08,0.0226963
0.372447,-1.12367,0.0327227,3.7333e-08,0.0327227
0.373319,-1.12619,0.0230445,1.19442e-08,0.0230445
0.37463,-1.1301,0.0199019,7.37395e-09,0.0199019
0.375573,-1.13307,0.0299229,2.67065e-08,0.0299229
0.376645,-1.13609,0.0222051,1.04401e-08,0.0222051
0.377604,-1.13906,0.0322304,3.45713e-08,0.0322303
0.378617,-1.14179,0.0229006,1.14654e-08,0.0229006
0.379592,-1.14474,0.0329274,3.74969e-08,0.0329274
0.380544,-1.14767,0.0429769,9.52182e-08,0.0429769
0.381987,-1.15125,0.025728,1.69493e-08,0.025728
0.382997,-1.15418,0.0357613,5.14463e-08,0.0357612
0.383973,-1.15706,0.0458187,1.24529e-07,0.0458186
0.385302,-1.16014,0.0263793,1.88175e-08,0.0263793
0.386672,-1.16361,0.0210645,8.86884e-09,0.0210645
0.387756,-1.16652,0.0310883,3.45372e-08,0.0310883
0.388818,-1.1694,0.0411331,9.37277e-08,0.0411331
0.389868,-1.17178,0.0252858,1.83943e-08,0.0252858
0.391271,-1.17517,0.0206933,9.5957e-09,0.0206933
0.3924,-1.17804,0.0307161,3.54206e-08,0.0307161
0.39345,-1.18046,0.0224482,1.31435e-08,0.0224482
0.394842,-1.18372,0.0196841,8.75978e-09,0.0196841
0.396022,-1.18661,0.0297048,3.34191e-08,0.0297048
0.397287,-1.18944,0.0221375,1.32832e-08,0.0221374
0.398488,-1.19232,0.0321626,4.53852e-08,0.0321626
0.399789,-1.19514,0.0228807,1.52424e-08,0.0228807
0.401002,-1.19799,0.0329076,5.05855e-08,0.0329075
0.402414,-1.20098,0.0230982,1.57377e-08,0.0230981
0.403654,-1.20384,0.0331254,5.07935e-08,0.0331254
0.405236,-1.2071,0.0231611,1.56057e-08,0.0231611
0.406493,-1.20993,0.0331886,5.08761e-08,0.0331886
0.407696,-1.21233,0.0231796,1.57628e-08,0.0231795
0.409312,-1.21565,0.0199506,9.31289e-09,0.0199506
0.410636,-1.21851,0.0299718,3.4819e-08,0.0299718
0.411899,-1.22098,0.0222202,1.33031e-08,0.0222202
0.413235,-1.22381,0.0322457,4.58889e-08,0.0322457
0.414871,-1.22694,0.0229051,1.49319e-08,0.0229051
0.416212,-1.22971,0.0329318,4.90774e-08,0.0329318
0.417933,-1.23293,0.0231052,1.53847e-08,0.0231052
0.419313,-1.23572,0.0331325,5.05285e-08,0.0331325
0.420535,-1.23793,0.0231632,1.55377e-08,0.0231632
0.421945,-1.24071,0.0331906,5.02689e-08,0.0331906
0.4234,-1.24331,0.0231799,1.52952e-08,0.0231799
0.425328,-1.24683,0.0199509,9.09657e-09,0.0199509
0.426797,-1.24961,0.0299722,3.36301e-08,0.0299722
0.428178,-1.25203,0.0222203,1.29952e-08,0.0222203
0.42991,-1.2551,0.0195999,8.60672e-09,0.0195999
0.431419,-1.25786,0.0296206,3.28172e-08,0.0296206
0.433162,-1.26085,0.0221112,1.29073e-08,0.0221112
0.434696,-1.26361,0.0321364,4.24867e-08,0.0321363
0.436248,-1.2662,0.022873,1.39398e-08,0.022873
0.438133,-1.26937,0.0198395,8.48324e-09,0.0198395
0.439754,-1.27218,0.0298613,3.18167e-08,0.0298613
0.441273,-1.27464,0.0221857,1.20249e-08,0.0221857
0.442855,-1.27735,0.0322109,3.98737e-08,0.0322109
0.444674,-1.28023,0.0228949,1.31461e-08,0.0228949
0.446273,-1.28291,0.0329216,4.22137e-08,0.0329216
0.447614,-1.28497,0.0231023,1.3205e-08,0.0231023
0.449771,-1.28836,0.0199229,8.03976e-09,0.0199229
0.451412,-1.29103,0.029944,3.01449e-08,0.029944
0.45304,-1.29369,0.0399852,8.24318e-08,0.0399852
0.454871,-1.29636,0.0250022,1.70784e-08,0.0250022
0.456539,-1.29902,0.0350336,5.23792e-08,0.0350336
0.45852,-1.30189,0.0237,1.42593e-08,0.0237
0.460199,-1.30451,0.0337287,4.64774e-08,0.0337287
0.461586,-1.30647,0.0233339,1.36265e-08,0.0233339
0.463272,-1.30906,0.0333617,4.57461e-08,0.0333617
0.464943,-1.31139,0.0232291,1.35558e-08,0.0232291
0.467342,-1.31482,0.0199687,8.16032e-09,0.0199687
0.469082,-1.31739,0.0299901,3.28721e-08,0.0299901
0.471311,-1.32047,0.0222258,1.23113e-08,0.0222258
0.473072,-1.32302,0.0322512,4.32524e-08,0.0322512
0.474953,-1.32557,0.0229095,1.63903e-08,0.0229095
0.476324,-1.32752,0.0329299,4.05596e-08,0.0329299
0.478012,-1.32975,0.0231045,1.32049e-08,0.0231045
0.479825,-1.3323,0.0331312,4.36534e-08,0.0331312
0.481617,-1.33484,0.0431805,1.1427e-07,0.0431805
0.483539,-1.33724,0.0257759,1.95964e-08,0.0257759
0.485811,-1.34021,0.0208609,9.55313e-09,0.0208609
0.487665,-1.34273,0.0308839,3.34297e-08,0.0308839
0.48955,-1.34512,0.022499,1.18927e-08,0.0224991
0.491424,-1.34762,0.032525,3.86504e-08,0.032525
0.493522,-1.35023,0.022987,1.23924e-08,0.022987
0.4954,-1.3527,0.0330139,4.03999e-08,0.0330139
0.497251,-1.35497,0.023129,1.2518e-08,0.023129
0.499604,-1.35789,0.0199325,7.51325e-09,0.0199325
0.501523,-1.36035,0.0299537,2.86803e-08,0.0299537
0.503994,-1.36333,0.0222147,1.08619e-08,0.0222147
0.505912,-1.36575,0.0322397,3.67284e-08,0.0322397
0.507838,-1.3682,0.0422867,9.3579e-08,0.0422868
0.510534,-1.37127,0.0255644,1.69567e-08,0.0255644
0.512509,-1.37371,0.035597,5.00827e-08,0.035597
0.51411,-1.37551,0.0238551,1.30769e-08,0.0238551
0.516109,-1.37794,0.0338844,4.15384e-08,0.0338845
0.517911,-1.37994,0.0233781,1.18329e-08,0.0233781
0.519893,-1.3823,0.0334059,3.84923e-08,0.0334059
0.521919,-1.38454,0.0232418,1.13906e-08,0.0232418
0.524383,-1.3873,0.0199733,6.81133e-09,0.0199733
0.526994,-1.39022,0.0187453,5.47991e-09,0.0187453
0.529059,-1.39256,0.0287642,2.257e-08,0.0287642
0.531123,-1.3948,0.0218421,9.65069e-09,0.0218422
0.53318,-1.39711,0.0318665,3.39051e-08,0.0318665
0.535198,-1.39925,0.0227932,1.14196e-08,0.0227932
0.537281,-1.40156,0.0328197,3.86137e-08,0.0328197
0.540119,-1.40453,0.0230727,1.20797e-08,0.0230727
0.542224,-1.40682,0.0330999,3.96905e-08,0.0330999
0.544302,-1.4091,0.0431496,1.04333e-07,0.0431496
0.546599,-1.41138,0.0257686,1.77494e-08,0.0257687
0.549202,-1.41405,0.0208584,8.60409e-09,0.0208584
0.55138,-1.41637,0.0308816,3.13096e-08,0.0308816
0.553544,-1.41852,0.0224984,1.07697e-08,0.0224984
0.555712,-1.4208,0.0325245,3.67856e-08,0.0325245
0.557701,-1.42272,0.0229867,1.14016e-08,0.0229867
0.559875,-1.42499,0.0330137,3.77717e-08,0.0330138
0.562074,-1.42708,0.0231289,1.11925e-08,0.0231289
0.56484,-1.42977,0.0199325,6.6248e-09,0.0199325
0.567036,-1.43199,0.0299537,2.51431e-08,0.0299537
0.5692,-1.43419,0.039995,6.8401e-08,0.0399951
0.571556,-1.43631,0.0250047,1.39629e-08,0.0250047
0.574131,-1.43873,0.0205963,7.15777e-09,0.0205963
0.576375,-1.44092,0.0306188,2.60094e-08,0.0306188
0.578339,-1.4427,0.0224186,9.253e-09,0.0224186
0.58059,-1.44488,0.0324444,3.1263e-08,0.0324445
0.582809,-1.44705,0.0424922,8.29863e-08,0.0424923
0.585645,-1.44948,0.0256134,1.44618e-08,0.0256134
0.588137,-1.45171,0.0208055,6.95622e-09,0.0208055
0.590778,-1.45408,0.0190674,5.06744e-09,0.0190674
0.59307,-1.4562,0.029087,1.90795e-08,0.029087
0.594943,-1.45781,0.0219442,7.5369e-09,0.0219442
0.597498,-1.46003,0.0194975,5.00589e-09,0.0194975
0.599814,-1.46212,0.0295178,1.805e-08,0.0295178
0.602402,-1.4643,0.0220792,7.24185e-09,0.0220792
0.60473,-1.46636,0.032104,2.42521e-08,0.032104
0.607245,-1.46843,0.0228634,8.07261e-09,0.0228634
0.610031,-1.47075,0.019836,5.20522e-09,0.019836
0.612383,-1.47278,0.029857,2.13685e-08,0.029857
0.61463,-1.47459,0.0221848,8.28933e-09,0.0221848
0.616969,-1.47658,0.0322098,3.01867e-08,0.0322099
0.619268,-1.47839,0.0228945,9.56223e-09,0.0228945
0.622354,-1.48099,0.0329324,4.6681e-08,0.0329324
0.624526,-1.48264,0.0231021,1.07889e-08,0.0231021
0.62695,-1.48464,0.0331291,3.6127e-08,0.0331291
0.629086,-1.48627,0.023162,1.08738e-08,0.0231621
0.631517,-1.48825,0.0331893,3.54341e-08,0.0331894
0.633974,-1.49011,0.0231795,1.06699e-08,0.0231796
0.636392,-1.49206,0.033207,3.45786e-08,0.033207
0.639658,-1.4945,0.0231846,1.02796e-08,0.0231846
0.642108,-1.49644,0.0332124,3.31338e-08,0.0332124
0.644497,-1.49833,0.043262,7.87755e-08,0.0432621
0.647104,-1.50016,0.025795,1.35499e-08,0.0257951
0.649644,-1.50202,0.0208674,6.28516e-09,0.0208674
0.652452,-1.50408,0.0190911,4.41861e-09,0.0190911
0.654935,-1.50597,0.0291108,1.63899e-08,0.0291108
0.657391,-1.50785,0.0391498,4.34613e-08,0.0391499
0.659708,-1.50942,0.0247918,9.63795e-09,0.0247918
0.662185,-1.51127,0.0348223,2.79457e-08,0.0348223
0.664959,-1.51317,0.0236415,7.72834e-09,0.0236415
0.667889,-1.51523,0.0201169,4.4571e-09,0.0201169
0.670443,-1.51708,0.0301385,1.71643e-08,0.0301385
0.672631,-1.51856,0.0222715,6.42136e-09,0.0222716
0.675618,-1.52061,0.0196189,4.2592e-09,0.0196189
0.678284,-1.5225,0.0296406,1.75043e-08,0.0296406
0.680903,-1.52424,0.0221171,6.60161e-09,0.0221171
0.683476,-1.52604,0.0321421,2.1654e-08,0.0321421
0.68603,-1.52785,0.0421889,5.30293e-08,0.042189
0.688179,-1.52917,0.025541,9.98919e-09,0.025541
0.691014,-1.53102,0.0207808,4.84173e-09,0.0207808
0.69422,-1.53312,0.0190579,3.50023e-09,0.0190579
0.696837,-1.53489,0.0290775,1.33679e-08,0.0290775
0.699388,-1.5365,0.0219412,5.42868e-09,0.0219412
0.701995,-1.53825,0.0319659,1.74952e-08,0.0319659
0.704485,-1.53977,0.0228228,5.92419e-09,0.0228228
0.707054,-1.54147,0.0328492,1.81944e-08,0.0328492
0.709886,-1.54318,0.0230813,5.8328e-09,0.0230813
0.712482,-1.54487,0.0331083,1.7682e-08,0.0331084
0.715101,-1.54659,0.0431589,4.14034e-08,0.043159
0.71758,-1.54797,0.0257706,7.62978e-09,0.0257706
0.720738,-1.54986,0.0208591,3.7696e-09,0.0208591
0.723393,-1.55152,0.0308823,1.43983e-08,0.0308823
0.72627,-1.55319,0.0224986,5.13799e-09,0.0224986
0.728922,-1.55483,0.0325245,1.76274e-08,0.0325245
0.731528,-1.5563,0.0229868,5.75116e-09,0.0229868
0.735066,-1.55833,0.0198809,3.73038e-09,0.0198809
0.737748,-1.55994,0.029902,1.54696e-08,0.0299021
0.740117,-1.56125,0.0221986,6.0398e-09,0.0221986
0.743091,-1.56292,0.0195919,4.16441e-09,0.0195919
0.745813,-1.56451,0.0296125,1.65785e-08,0.0296125
0.748569,-1.56601,0.0221087,6.33176e-09,0.0221087
0.751287,-1.56758,0.0321337,2.03798e-08,0.0321338
0.754457,-1.56926,0.0228722,6.705e-09,0.0228722
0.757817,-1.57106,0.0198393,4.09883e-09,0.0198393
0.760527,-1.57258,0.0298602,1.41555e-08,0.0298602
0.763207,-1.57396,0.0221857,5.41346e-09,0.0221857
0.765937,-1.57548,0.0322109,1.60918e-08,0.0322109
0.768378,-1.57669,0.0228949,5.38436e-09,0.0228949
0.771634,-1.57836,0.0198475,3.31999e-09,0.0198475
0.774883,-1.5801,0.0298741,1.39606e-08,0.0298741
0.777321,-1.58128,0.0221882,4.52427e-09,0.0221882
0.780122,-1.58276,0.0322134,1.34327e-08,0.0322135
0.782898,-1.58408,0.0228955,4.68206e-09,0.0228955
0.78567,-1.58551,0.032922,1.40424e-08,0.0329221
0.788076,-1.58663,0.0231024,4.65387e-09,0.0231024
0.790889,-1.58806,0.0331297,1.50156e-08,0.0331297
0.793779,-1.58939,0.0231624,4.73528e-09,0.0231625
0.797183,-1.59099,0.0199446,2.93765e-09,0.0199446
0.799993,-1.59237,0.0299657,1.07414e-08,0.0299657
0.802802,-1.59375,0.0400068,2.68162e-08,0.0400069
0.805585,-1.59514,0.050076,5.17929e-08,0.0500761
0.808076,-1.59612,0.0272917,7.36548e-09,0.0272918
0.810887,-1.59748,0.0373286,1.74751e-08,0.0373287
0.813391,-1.59854,0.0243201,4.41675e-09,0.0243201
0.81624,-1.5998,0.0203575,2.39956e-09,0.0203575
0.819522,-1.60125,0.0188949,1.93455e-09,0.0188949
0.822355,-1.60255,0.0289143,7.33908e-09,0.0289143
0.824897,-1.60362,0.0218896,3.25194e-09,0.0218896
0.827723,-1.6049,0.0319142,1.02245e-08,0.0319142
0.831097,-1.60629,0.0228074,3.77265e-09,0.0228074
0.834522,-1.60772,0.0198156,2.4856e-09,0.0198156
0.837353,-1.60896,0.0298365,8.59889e-09,0.0298365
0.840156,-1.6102,0.0398773,1.97929e-08,0.0398774
0.843164,-1.61133,0.0249753,4.765e-09,0.0249753
0.846563,-1.61269,0.0205862,2.58137e-09,0.0205862
0.849429,-1.61389,0.0306086,8.10748e-09,0.0306086
0.852914,-1.61522,0.0224155,3.17223e-09,0.0224155
0.855812,-1.61642,0.0324412,8.74933e-09,0.0324413
0.858216,-1.6173,0.0229625,3.16269e-09,0.0229625
0.8614,-1.6185,0.0198721,2.0332e-09,0.0198721
0.864308,-1.61965,0.0298931,5.95091e-09,0.0298932
0.867307,-1.62073,0.0221964,2.77309e-09,0.0221964
0.870082,-1.62182,0.0322204,6.27077e-09,0.0322204
0.873046,-1.62284,0.0228977,2.52632e-09,0.0228977
0.875952,-1.62395,0.0329243,5.83864e-09,0.0329243
0.878828,-1.62506,0.0429732,9.38423e-09,0.0429733
0.881646,-1.62594,0.0257273,2.82927e-09,0.0257273
0.884557,-1.62702,0.0357602,6.11823e-09,0.0357603
0.887837,-1.62808,0.0238996,2.23791e-09,0.0238996
0.890801,-1.62914,0.0339289,7.78927e-09,0.033929
0.893978,-1.63015,0.0233907,2.62604e-09,0.0233907
0.896956,-1.63119,0.0334188,1.01351e-08,0.0334188
0.900331,-1.63225,0.0232454,3.28548e-09,0.0232454
0.903303,-1.63327,0.033273,1.1573e-08,0.0332731
0.906252,-1.63428,0.0433233,2.77055e-08,0.0433234
0.909063,-1.63507,0.0258094,5.19437e-09,0.0258094
0.913136,-1.63632,0.0208723,2.68012e-09,0.0208723
0.91611,-1.63728,0.0308954,9.43553e-09,0.0308954
0.919053,-1.63824,0.0409392,2.22971e-08,0.0409394
0.921852,-1.639,0.0252384,4.96138e-09,0.0252385
0.924796,-1.63993,0.0352703,1.35747e-08,0.0352703
0.927908,-1.64078,0.0237654,3.9119e-09,0.0237654
0.930895,-1.64169,0.0337944,1.14128e-08,0.0337944
0.933832,-1.6426,0.0438461,2.35233e-08,0.0438462
0.937204,-1.64357,0.025931,4.6448e-09,0.0259311
0.939962,-1.64456,0.0359648,1.01905e-08,0.0359648
0.941444,-1.6447,0.0239554,3.43619e-09,0.0239554
0.943919,-1.64523,0.0202287,2.1301e-09,0.0202287
0.946355,-1.64581,0.0302503,7.19111e-09,0.0302503
0.949453,-1.64658,0.022306,3.07901e-09,0.022306
0.952232,-1.64707,0.0323315,1.10602e-08,0.0323315
0.954602,-1.64781,0.0229303,4.01635e-09,0.0229303
0.957683,-1.64858,0.0198604,2.81072e-09,0.0198604
0.960701,-1.64917,0.0298814,9.79985e-09,0.0298814
0.963691,-1.64997,0.0221922,4.21926e-09,0.0221922
0.967448,-1.65085,0.0195909,3.42016e-09,0.0195909
0.970071,-1.65138,0.0296083,8.20685e-09,0.0296083
0.973021,-1.65207,0.0221074,3.60887e-09,0.0221074
0.976065,-1.65268,0.032132,1.02144e-08,0.032132
0.979131,-1.65333,0.0228716,3.72307e-09,0.0228716
0.98218,-1.65391,0.0328982,1.11095e-08,0.0328982
0.985927,-1.6546,0.0230955,3.77003e-09,0.0230955
0.989663,-1.65525,0.0199204,2.44904e-09,0.0199204
0.99276,-1.65577,0.0299417,9.3722e-09,0.0299417
0.995749,-1.65621,0.0222108,3.77912e-09,0.0222108
0.998813,-1.65668,0.0322361,1.23714e-08,0.032236
1.00201,-1.65708,0.0229023,4.28617e-09,0.0229023
1.00574,-1.65751,0.0198502,2.7687e-09,0.0198502
1.00883,-1.65788,0.0298713,1.02952e-08,0.0298713
1.01185,-1.65824,0.0399121,2.54212e-08,0.0399121
1.0153,-1.65849,0.024984,5.8107e-09,0.024984
1.01886,-1.65876,0.0205892,3.11985e-09,0.0205892
1.02198,-1.65901,0.0306117,1.10068e-08,0.0306117
1.02465,-1.65913,0.0224164,4.16031e-09,0.0224164
1.02771,-1.65932,0.0324423,1.34104e-08,0.0324423
1.03023,-1.65936,0.0229628,4.51058e-09,0.0229628
1.03327,-1.65949,0.0329896,1.39307e-08,0.0329896
1.03678,-1.65949,0.023122,4.56283e-09,0.023122
1.0407,-1.65946,0.0199299,2.87223e-09,0.0199299
1.04378,-1.65946,0.0299511,1.06684e-08,0.0299511
1.04688,-1.65935,0.0222138,4.24011e-09,0.0222138
1.05069,-1.65919,0.0195975,2.91785e-09,0.0195975
1.05377,-1.65907,0.0296182,1.08549e-08,0.0296182
1.05676,-1.65895,0.0396583,2.69097e-08,0.0396583
1.0596,-1.65868,0.0249203,6.20537e-09,0.0249203
1.0627,-1.65847,0.0349524,1.77497e-08,0.0349524
1.06515,-1.65819,0.0236773,4.96765e-09,0.0236773
1.06814,-1.65793,0.0337058,1.46568e-08,0.0337058
1.07109,-1.65768,0.0437574,3.21525e-08,0.0437574
1.0742,-1.65718,0.0259105,5.95932e-09,0.0259105
1.07773,-1.65666,0.0209066,2.88316e-09,0.0209066
1.08075,-1.65625,0.0309297,9.49676e-09,0.0309297
1.08485,-1.65552,0.0225129,3.55525e-09,0.0225129
1.08786,-1.65502,0.032539,1.07488e-08,0.032539
1.09086,-1.6544,0.0229911,3.73698e-09,0.0229911
1.09384,-1.65383,0.0330179,1.08494e-08,0.0330179
1.09653,-1.6532,0.0231301,3.66633e-09,0.0231301
1.09954,-1.65256,0.0331575,1.21815e-08,0.0331575
1.10251,-1.65192,0.0432073,2.56537e-08,0.0432073
1.10558,-1.65104,0.0257822,5.22483e-09,0.0257822
1.10924,-1.65003,0.0208631,2.7012e-09,0.0208631
1.11217,-1.64925,0.0308861,8.54382e-09,0.0308861
1.11602,-1.64805,0.0224997,3.32546e-09,0.0224997
1.11897,-1.64718,0.0325258,9.09966e-09,0.0325258
1.12207,-1.64611,0.0229872,3.34644e-09,0.0229872
1.12495,-1.64518,0.033014,8.34255e-09,0.033014
1.12781,-1.64425,0.0430635,1.42116e-08,0.0430635
1.1314,-1.64283,0.0257484,3.67015e-09,0.0257484
1.13465,-1.64156,0.0208515,1.92312e-09,0.0208515
1.13751,-1.64045,0.0308746,5.08676e-09,0.0308746
1.1397,-1.63951,0.0224963,2.25558e-09,0.0224963
1.14286,-1.63813,0.0197017,1.63207e-09,0.0197017
1.1457,-1.63691,0.0297225,4.86202e-09,0.0297225
1.14804,-1.6358,0.0221429,2.3116e-09,0.0221429
1.15082,-1.63454,0.032168,5.30707e-09,0.032168
1.15395,-1.63296,0.0228823,2.32764e-09,0.0228823
1.15725,-1.63127,0.0198429,1.61328e-09,0.0198429
1.16001,-1.62989,0.029864,4.05118e-09,0.029864
1.16273,-1.62853,0.0399049,3.86971e-09,0.0399049
1.16523,-1.62705,0.0249834,2.34435e-09,0.0249834
1.1679,-1.62549,0.0205881,1.28501e-09,0.0205881
1.17113,-1.62357,0.0189838,1.11375e-09,0.0189838
1.17378,-1.62203,0.0290031,2.45799e-09,0.0290031
1.17673,-1.62014,0.0219177,1.5812e-09,0.0219177
1.17935,-1.61852,0.0319422,1.81236e-09,0.0319422
1.18291,-1.61612,0.0228179,1.90137e-09,0.0228179
1.18503,-1.61474,0.0328392,4.86954e-10,0.0328392
1.18734,-1.61308,0.0230783,1.07516e-09,0.0230783
1.18989,-1.61133,0.033105,-8.87525e-10,0.033105
1.19221,-1.60958,0.0231552,7.81359e-10,0.0231552
1.19474,-1.60776,0.0331825,-4.1351e-10,0.0331825
1.1972,-1.60596,0.0432323,-1.23147e-08,0.0432322
1.19965,-1.60417,0.0533126,-4.76988e-08,0.0533126
1.20295,-1.6014,0.0279406,-7.77615e-10,0.0279406
1.20511,-1.59969,0.0379749,-8.76942e-09,0.0379749
1.20817,-1.59705,0.0244895,-4.75022e-10,0.0244895
1.2105,-1.59507,0.0345199,-5.89652e-09,0.0345199
1.21306,-1.59275,0.0235572,-3.21664e-10,0.0235572
1.21535,-1.59071,0.0335854,-5.34474e-09,0.0335854
1.21804,-1.58812,0.0232931,-2.3264e-10,0.0232931
1.2203,-1.58599,0.0333209,-5.36416e-09,0.0333209
1.22253,-1.58389,0.0433714,-2.58139e-08,0.0433714
1.22417,-1.58212,0.0258206,-1.4612e-09,0.0258206
1.22618,-1.58002,0.0208761,-6.3353e-11,0.0208761
1.22862,-1.57742,0.0190945,3.56916e-10,0.0190945
1.23076,-1.57515,0.0291142,-1.39779e-09,0.0291142
1.23281,-1.57281,0.0219527,4.79045e-10,0.0219527
1.23489,-1.57053,0.0319774,-1.72418e-09,0.0319774
1.23692,-1.56827,0.0420237,-1.18242e-08,0.0420237
1.2389,-1.56604,0.0520999,-5.52386e-08,0.0520998
1.24154,-1.56271,0.027701,-9.21061e-10,0.027701
1.24349,-1.56035,0.0377393,-1.23604e-08,0.0377392
1.24489,-1.55853,0.0244279,-1.52542e-10,0.0244279
1.24724,-1.55542,0.0203954,6.0422e-10,0.0203954
1.24911,-1.55296,0.0304176,-2.84759e-09,0.0304176
1.25092,-1.55045,0.0223572,3.7109e-10,0.0223572
1.25279,-1.54778,0.0196505,7.73288e-10,0.0196505
1.25482,-1.54483,0.0186185,9.75488e-10,0.0186185
1.25656,-1.54231,0.0286372,-7.61567e-10,0.0286372
1.25817,-1.53981,0.0218017,9.48246e-10,0.0218017
1.25989,-1.53724,0.0318261,-3.39049e-09,0.031826
1.26142,-1.53471,0.0227813,6.44109e-10,0.0227812
1.26308,-1.5321,0.0328078,-4.41194e-09,0.0328077
1.26455,-1.52958,0.0230693,4.77904e-10,0.0230693
1.26613,-1.52697,0.0330964,-4.70799e-09,0.0330964
1.26782,-1.52393,0.0231528,5.56368e-10,0.0231528
1.26936,-1.52126,0.0331802,-4.55745e-09,0.0331802
1.27099,-1.51841,0.0432358,-2.68962e-08,0.0432357
1.27239,-1.51561,0.0257876,-3.45746e-10,0.0257876
1.2742,-1.51205,0.0208649,8.06611e-10,0.0208648
1.27564,-1.50928,0.0308879,-1.19768e-09,0.0308878
1.27682,-1.50678,0.0225003,1.45215e-09,0.0225003
1.27828,-1.50365,0.0197032,1.75965e-09,0.0197032
1.27964,-1.50082,0.029724,2.41047e-09,0.029724
1.28081,-1.4981,0.0221434,2.76359e-09,0.0221434
1.2821,-1.49529,0.0321685,3.2792e-09,0.0321684
1.28333,-1.49225,0.0228847,4.36129e-09,0.0228847
1.28461,-1.489,0.0198424,2.72369e-09,0.0198424
1.28577,-1.48618,0.0298624,5.74392e-09,0.0298623
1.28718,-1.48238,0.0221862,3.72595e-09,0.0221862
1.28832,-1.4795,0.0322112,8.05292e-09,0.0322112
1.28946,-1.47668,0.0422582,1.23836e-08,0.042258
1.29012,-1.47428,0.0255576,6.98523e-09,0.0255575
1.29136,-1.47041,0.0207865,5.05406e-09,0.0207865
1.29235,-1.46749,0.0308097,1.44306e-08,0.0308096
1.29332,-1.46408,0.0224765,7.57164e-09,0.0224765
1.29426,-1.46114,0.0325025,1.79137e-08,0.0325024
1.29518,-1.45824,0.0425506,3.07478e-08,0.0425503
1.29595,-1.45488,0.0256272,1.13913e-08,0.0256272
1.29683,-1.45134,0.0208103,7.13411e-09,0.0208102
1.29761,-1.44838,0.0308333,1.70914e-08,0.0308332
1.29807,-1.44613,0.0224838,8.61577e-09,0.0224837
1.29876,-1.44314,0.0325097,1.3761e-08,0.0325097
1.29948,-1.43959,0.0229825,6.5894e-09,0.0229825
1.30009,-1.43655,0.0330096,7.73319e-09,0.0330095
1.30075,-1.433,0.0231277,4.94078e-09,0.0231277
1.30132,-1.42964,0.019932,3.41256e-09,0.019932
1.30182,-1.42659,0.0299534,3.90729e-09,0.0299533
1.30216,-1.42434,0.0222145,3.22791e-09,0.0222145
1.30262,-1.42092,0.0195978,2.66266e-09,0.0195978
1.30304,-1.41785,0.0296183,3.76319e-09,0.0296182
1.30347,-1.41396,0.0221105,3.09244e-09,0.0221105
1.30382,-1.41087,0.0321356,3.43439e-09,0.0321355
1.30411,-1.40761,0.0228728,3.29587e-09,0.0228728
1.3044,-1.40452,0.0328994,4.39639e-09,0.0328994
1.30458,-1.40173,0.0230959,3.5946e-09,0.0230958
1.3048,-1.39868,0.0331231,6.32502e-09,0.0331231
1.30497,-1.39474,0.0231605,4.07849e-09,0.0231605
1.30512,-1.39168,0.033188,8.88991e-09,0.0331879
1.30526,-1.38867,0.0432379,1.10175e-08,0.0432377
1.30524,-1.38622,0.0257895,6.20883e-09,0.0257894
1.30524,-1.38206,0.0208654,4.30376e-09,0.0208654
1.30526,-1.37895,0.0308886,1.25153e-08,0.0308886
1.30517,-1.37507,0.0225005,6.36659e-09,0.0225005
1.30512,-1.37197,0.0325265,1.7275e-08,0.0325265
1.305,-1.36946,0.0229875,7.77634e-09,0.0229874
1.30482,-1.36608,0.0198811,5.66375e-09,0.0198811
1.30468,-1.36298,0.0299023,1.74683e-08,0.0299022
1.30447,-1.36018,0.0221987,8.44163e-09,0.0221986
1.30426,-1.35687,0.0322265,2.5263e-08,0.0322265
1.30407,-1.35403,0.0422711,4.6747e-08,0.0422709
1.30371,-1.35081,0.0255614,1.32989e-08,0.0255613
1.30332,-1.3474,0.0207875,7.3849e-09,0.0207875
1.30298,-1.34438,0.0308095,1.71591e-08,0.0308095
1.30255,-1.34086,0.0224765,7.33942e-09,0.0224765
1.30217,-1.33778,0.0325024,1.79504e-08,0.0325023
1.30165,-1.33455,0.0229803,7.70734e-09,0.0229803
1.3012,-1.33151,0.0330072,2.04773e-08,0.0330071
1.30076,-1.32849,0.0430567,4.35238e-08,0.0430565
1.30015,-1.32564,0.0257468,1.09604e-08,0.0257468
1.2995,-1.32244,0.020851,6.37786e-09,0.020851
1.29869,-1.3187,0.0190849,5.451e-09,0.0190849
1.29805,-1.31567,0.0291046,1.99478e-08,0.0291046
1.29742,-1.3127,0.0391435,4.86679e-08,0.0391433
1.29674,-1.31014,0.0247901,1.33466e-08,0.0247901
1.29574,-1.30622,0.020522,7.99973e-09,0.0205219
1.295,-1.30324,0.0305442,2.55288e-08,0.0305441
1.29426,-1.30027,0.0405871,6.05752e-08,0.0405869
1.2935,-1.29772,0.0251517,1.47943e-08,0.0251517
1.29254,-1.29442,0.0206471,8.16492e-09,0.0206471
1.2917,-1.29144,0.0306699,2.64026e-08,0.0306698
1.29082,-1.28863,0.0224342,1.04736e-08,0.0224341
1.28964,-1.28491,0.0196789,7.10906e-09,0.0196789
1.28872,-1.28195,0.0296996,2.44231e-08,0.0296995
1.28782,-1.27902,0.03974,6.11761e-08,0.0397399
1.28661,-1.27567,0.0249408,1.46381e-08,0.0249408
1.28539,-1.27225,0.0205742,8.10853e-09,0.0205742
1.28438,-1.26933,0.0305968,2.7021e-08,0.0305968
1.2833,-1.26651,0.0224119,1.0518e-08,0.0224118
1.28223,-1.26358,0.0324377,3.3658e-08,0.0324376
1.28118,-1.261,0.0229614,1.15051e-08,0.0229614
1.27974,-1.25749,0.0198717,7.31227e-09,0.0198717
1.27859,-1.25455,0.0298928,2.49751e-08,0.0298928
1.27707,-1.251,0.0221957,1.00108e-08,0.0221957
1.27588,-1.24806,0.0322211,3.03136e-08,0.032221
1.27482,-1.24574,0.0228979,1.04614e-08,0.0228979
1.27337,-1.24246,0.0198486,6.56384e-09,0.0198486
1.27211,-1.23956,0.0298699,2.31355e-08,0.0298698
1.27088,-1.23673,0.0399105,5.99788e-08,0.0399104
1.26974,-1.23438,0.0249836,1.36776e-08,0.0249836
1.26848,-1.23154,0.0350148,4.00844e-08,0.0350148
1.26705,-1.22863,0.0236949,1.13725e-08,0.0236949
1.26552,-1.22542,0.020136,6.7139e-09,0.020136
1.26424,-1.22265,0.0301575,2.52338e-08,0.0301575
1.26253,-1.21924,0.0222774,9.91697e-09,0.0222774
1.26121,-1.21644,0.0323029,3.65915e-08,0.0323029
1.25957,-1.21327,0.0229219,1.20846e-08,0.0229219
1.25823,-1.2105,0.0329488,4.30072e-08,0.0329488
1.25692,-1.20775,0.0429981,1.13219e-07,0.0429981
1.25545,-1.20515,0.0257331,1.99608e-08,0.025733
1.25375,-1.20197,0.0208468,1.03985e-08,0.0208468
1.2524,-1.19934,0.0308688,3.58039e-08,0.0308688
1.25098,-1.19678,0.0224945,1.31059e-08,0.0224945
1.24954,-1.19404,0.0325205,4.33017e-08,0.0325204
1.24826,-1.19184,0.0229856,1.39436e-08,0.0229856
1.24674,-1.18908,0.0330126,4.13002e-08,0.0330126
1.24522,-1.18636,0.043062,9.30863e-08,0.0430619
1.24371,-1.18373,0.0257481,1.8123e-08,0.0257481
1.2416,-1.18008,0.0208521,9.55058e-09,0.0208521
1.24014,-1.17754,0.0308737,2.78075e-08,0.0308737
1.2386,-1.17486,0.0409169,6.84027e-08,0.0409168
1.23722,-1.17258,0.025233,1.47221e-08,0.025233
1.23533,-1.16942,0.0206752,7.65234e-09,0.0206752
1.23377,-1.16679,0.0306977,2.58381e-08,0.0306977
1.23223,-1.16429,0.0224426,9.74667e-09,0.0224426
1.23063,-1.16165,0.0324684,3.20266e-08,0.0324684
1.22889,-1.15891,0.0229705,1.0766e-08,0.0229705
1.22679,-1.1556,0.019875,6.67374e-09,0.019875
1.22511,-1.15295,0.0298961,2.44322e-08,0.0298961
1.22304,-1.14978,0.0221967,9.72335e-09,0.0221967
1.22136,-1.14714,0.032222,3.27105e-08,0.032222
1.2196,-1.14453,0.0228982,1.08936e-08,0.0228982
1.21792,-1.14192,0.032925,3.57701e-08,0.032925
1.21623,-1.13952,0.0231032,1.12867e-08,0.0231032
1.21451,-1.13691,0.0331306,3.29917e-08,0.0331306
1.2128,-1.13442,0.0231626,1.00521e-08,0.0231626
1.21074,-1.13141,0.0199447,6.05562e-09,0.0199447
1.20897,-1.1288,0.029966,2.05514e-08,0.029966
1.20707,-1.12606,0.0222183,8.09261e-09,0.0222183
1.20527,-1.12342,0.0322439,2.54058e-08,0.0322439
1.20321,-1.1205,0.0229059,9.31758e-09,0.0229059
1.2016,-1.1182,0.0329294,2.28694e-08,0.0329294
1.19986,-1.11557,0.0429773,4.90112e-08,0.0429772
1.19853,-1.11373,0.0257282,9.93941e-09,0.0257282
1.19679,-1.11125,0.0208447,4.85612e-09,0.0208447
1.19504,-1.10869,0.0308675,1.62889e-08,0.0308675
1.1933,-1.10611,0.0409112,4.16691e-08,0.0409111
1.19092,-1.10281,0.0252315,8.36147e-09,0.0252315
1.1889,-1.09993,0.0206747,4.28789e-09,0.0206747
1.1871,-1.09731,0.0306975,1.61083e-08,0.0306975
1.1853,-1.0948,0.0224425,5.86706e-09,0.0224425
1.18352,-1.0922,0.0324685,2.00516e-08,0.0324685
1.18165,-1.08963,0.0229704,6.61418e-09,0.0229704
1.17982,-1.08701,0.0329975,1.99872e-08,0.0329975
1.17766,-1.08395,0.0231242,6.27817e-09,0.0231242
1.17586,-1.08133,0.0331514,1.96633e-08,0.0331514
1.17396,-1.07868,0.0231686,6.23961e-09,0.0231686
1.17193,-1.07577,0.0199468,3.89936e-09,0.0199468
1.17002,-1.07292,0.0299707,1.74862e-08,0.0299707
1.16864,-1.07097,0.022219,5.99132e-09,0.022219
1.16649,-1.06781,0.0195994,4.01728e-09,0.0195994
1.16475,-1.06515,0.0296199,1.55094e-08,0.0296199
1.16296,-1.06254,0.022111,5.95092e-09,0.022111
1.16125,-1.05989,0.032136,1.89921e-08,0.032136
1.15928,-1.05701,0.0228729,6.32452e-09,0.0228729
1.15757,-1.0544,0.0328995,1.98156e-08,0.0328995
1.156,-1.05209,0.0230959,6.48912e-09,0.0230959
1.15429,-1.04947,0.0331231,2.12746e-08,0.0331231
1.15257,-1.04694,0.0231605,6.75516e-09,0.0231605
1.15086,-1.04434,0.033188,2.30514e-08,0.033188
1.14943,-1.04224,0.0231792,7.31474e-09,0.0231792
1.14772,-1.03965,0.0332065,2.46613e-08,0.0332065
1.14602,-1.03715,0.0231845,7.67071e-09,0.0231845
1.1443,-1.03454,0.033212,2.54593e-08,0.033212
1.14242,-1.03179,0.023186,7.92569e-09,0.023186
1.14035,-1.02874,0.0199532,4.94933e-09,0.0199532
1.13859,-1.0261,0.0299745,1.86445e-08,0.0299745
1.137,-1.02379,0.022221,7.28335e-09,0.022221
1.13526,-1.0212,0.0322462,2.3977e-08,0.0322462
1.13329,-1.01837,0.0229053,8.07058e-09,0.0229053
1.13116,-1.01529,0.0198513,5.11541e-09,0.0198513
1.12916,-1.01235,0.0298764,2.30884e-08,0.0298764
1.12757,-1.0101,0.0221893,7.74601e-09,0.0221893
1.12548,-1.00708,0.0195884,5.22991e-09,0.0195884
1.12373,-1.00455,0.0296088,1.91458e-08,0.0296088
1.122,-1.00202,0.0396488,4.96167e-08,0.0396488
1.12069,-1.00021,0.0249179,1.09406e-08,0.0249179
1.11893,-0.997666,0.0349489,3.11077e-08,0.0349489
1.11718,-0.99513,0.0450039,7.04713e-08,0.0450038
1.11555,-0.992858,0.0261962,1.19761e-08,0.0261962
1.11347,-0.989905,0.021003,5.62064e-09,0.021003
1.11119,-0.986677,0.019143,4.08272e-09,0.019143
1.10938,-0.984086,0.0291628,1.55088e-08,0.0291628
1.10757,-0.981532,0.021968,6.47373e-09,0.021968
1.10576,-0.978934,0.0319929,2.13552e-08,0.0319928
1.1042,-0.976768,0.0228306,7.27169e-09,0.0228306
1.10211,-0.973838,0.0198241,4.62772e-09,0.0198241
1.10031,-0.971261,0.0298452,1.74944e-08,0.0298452
1.09807,-0.968141,0.022181,6.88173e-09,0.022181
1.09628,-0.965602,0.0322061,2.31147e-08,0.032206
1.09464,-0.963349,0.0228935,7.80471e-09,0.0228935
1.09285,-0.960796,0.0329204,2.54409e-08,0.0329203
1.09113,-0.958452,0.0231019,7.95815e-09,0.0231019
1.08879,-0.955207,0.0199227,4.78323e-09,0.0199227
1.08698,-0.952632,0.0299439,1.91043e-08,0.0299439
1.08519,-0.950076,0.039985,4.87997e-08,0.039985
1.08312,-0.947321,0.0250023,1.03362e-08,0.0250023
1.08134,-0.9448,0.0350333,2.95472e-08,0.0350333
1.07986,-0.94283,0.0237,8.18461e-09,0.0237
1.07804,-0.94027,0.0337287,2.42588e-08,0.0337287
1.07572,-0.937139,0.0233339,7.25264e-09,0.0233339
1.07354,-0.93416,0.0200065,4.30709e-09,0.0200065
1.07171,-0.931602,0.0300278,1.55772e-08,0.0300278
1.07014,-0.929482,0.0222375,6.08218e-09,0.0222375
1.06795,-0.926491,0.0196063,4.11067e-09,0.0196063
1.06613,-0.923946,0.0296268,1.56853e-08,0.0296268
1.06434,-0.921406,0.039667,4.15246e-08,0.039667
1.0629,-0.919475,0.0249225,9.10453e-09,0.0249225
1.06109,-0.916911,0.0349535,2.67159e-08,0.0349535
1.05877,-0.913711,0.0236779,7.44921e-09,0.0236779
1.05697,-0.911144,0.0337066,2.30834e-08,0.0337066
1.05499,-0.908403,0.0233276,6.88671e-09,0.0233276
1.05321,-0.905864,0.0333555,2.22366e-08,0.0333555
1.05145,-0.903334,0.0434061,5.62478e-08,0.0434061
1.0497,-0.900876,0.0258288,9.99374e-09,0.0258288
1.04794,-0.898313,0.035862,2.97811e-08,0.035862
1.04618,-0.895748,0.0459202,7.02493e-08,0.0459202
1.04424,-0.892981,0.0264018,1.06903e-08,0.0264018
1.04259,-0.890576,0.0210721,4.98452e-09,0.0210721
1.04053,-0.887545,0.0191692,3.72661e-09,0.0191692
1.03854,-0.884569,0.0184276,3.48167e-09,0.0184276
1.03677,-0.881884,0.0284464,1.51853e-08,0.0284464
1.03509,-0.879295,0.0384829,3.99754e-08,0.0384829
1.0334,-0.876751,0.0246248,1.11443e-08,0.0246248
1.03219,-0.874865,0.034646,2.36638e-08,0.034646
1.03028,-0.87195,0.0235923,7.06494e-09,0.0235923
1.02831,-0.868877,0.0200991,4.23378e-09,0.0200991
1.02662,-0.866192,0.0301203,1.63497e-08,0.0301203
1.02496,-0.863514,0.0401615,4.34793e-08,0.0401615
1.02368,-0.861571,0.0250463,9.12981e-09,0.0250463
1.02203,-0.85888,0.0350778,2.78867e-08,0.0350778
1.02048,-0.856443,0.0237123,7.47716e-09,0.0237123
1.01841,-0.853074,0.0201421,4.15437e-09,0.0201421
1.01679,-0.850351,0.0301639,1.51597e-08,0.0301639
1.01532,-0.847954,0.0222794,5.69254e-09,0.0222794
1.0135,-0.84491,0.0196218,3.77098e-09,0.0196218
1.01187,-0.842098,0.0296431,1.46717e-08,0.0296431
1.01014,-0.839206,0.022118,5.64766e-09,0.022118
1.00858,-0.836462,0.0321431,1.8374e-08,0.0321431
1.00697,-0.833733,0.0228749,6.16165e-09,0.0228749
1.0051,-0.830499,0.0198402,3.85773e-09,0.0198402
1.00356,-0.827739,0.0298613,1.43484e-08,0.0298613
1.00191,-0.824882,0.022186,5.56802e-09,0.022186
1.00038,-0.822116,0.0322112,1.82503e-08,0.0322112
0.998874,-0.819448,0.022895,6.11602e-09,0.022895
0.997369,-0.816659,0.0329218,1.90528e-08,0.0329218
0.995691,-0.813625,0.0231024,6.11116e-09,0.0231024
0.994224,-0.810858,0.0331295,1.88997e-08,0.0331295
0.992774,-0.808086,0.0431792,4.81355e-08,0.0431792
0.991448,-0.805698,0.0257756,8.69719e-09,0.0257756
0.989817,-0.802618,0.0208608,4.31037e-09,0.0208608
0.988368,-0.7998,0.0308839,1.59388e-08,0.0308839
0.987149,-0.797486,0.0224991,5.97932e-09,0.0224991
0.985722,-0.794664,0.032525,2.06414e-08,0.032525
0.984075,-0.791481,0.022988,7.21147e-09,0.022988
0.982787,-0.788902,0.0330124,2.10534e-08,0.0330124
0.981447,-0.786307,0.0231285,6.7125e-09,0.0231285
0.979804,-0.783029,0.0199323,4.2232e-09,0.0199323
0.97842,-0.780201,0.0299534,1.63806e-08,0.0299534
0.977089,-0.777364,0.0399943,4.35777e-08,0.0399943
0.975862,-0.774921,0.0250046,8.93433e-09,0.0250046
0.97444,-0.771912,0.0205966,4.56713e-09,0.0205966
0.973177,-0.769079,0.0306186,1.49148e-08,0.0306186
0.971814,-0.766099,0.0224185,5.31738e-09,0.0224185
0.970569,-0.76317,0.0324441,1.62056e-08,0.0324441
0.969172,-0.760009,0.0229633,5.22873e-09,0.0229633
0.96776,-0.756648,0.0198724,3.18086e-09,0.0198724
0.966593,-0.753707,0.0298936,1.06141e-08,0.0298936
0.96554,-0.751189,0.022196,4.15529e-09,0.022196
0.964079,-0.747557,0.0195909,2.71751e-09,0.0195909
0.962954,-0.744577,0.0296114,8.84808e-09,0.0296114
0.961569,-0.741128,0.0221084,3.69831e-09,0.0221084
0.960477,-0.738153,0.0321334,1.02741e-08,0.0321334
0.959481,-0.735692,0.0228722,3.83421e-09,0.0228722
0.958409,-0.732753,0.0328988,1.15572e-08,0.0328988
0.957504,-0.730479,0.0230956,4.1303e-09,0.0230956
0.956431,-0.727496,0.0331234,1.52242e-08,0.0331234
0.955337,-0.724664,0.0231604,4.80496e-09,0.0231604
0.953986,-0.721016,0.0199438,3.2044e-09,0.0199439
0.95293,-0.718004,0.0299652,1.42786e-08,0.0299653
0.951856,-0.7151,0.0222181,5.60405e-09,0.0222181
0.950834,-0.712118,0.0322434,2.04454e-08,0.0322434
0.949683,-0.708974,0.0229044,6.8224e-09,0.0229044
0.948659,-0.705941,0.0329318,2.41042e-08,0.0329318
0.947728,-0.703381,0.0231051,7.61181e-09,0.0231051
0.946729,-0.700377,0.0331325,2.63474e-08,0.0331325
0.945755,-0.697414,0.0431817,6.80509e-08,0.0431818
0.944699,-0.694536,0.0257762,1.18222e-08,0.0257763
0.943543,-0.691163,0.020861,5.87998e-09,0.020861
0.942321,-0.687514,0.0190887,4.59376e-09,0.0190887
0.941351,-0.684516,0.0291083,1.98287e-08,0.0291083
0.94039,-0.681659,0.021951,8.44086e-09,0.021951
0.939203,-0.678052,0.0194999,5.9794e-09,0.0194999
0.938237,-0.675014,0.0295203,2.41814e-08,0.0295203
0.937309,-0.672015,0.0395602,6.60709e-08,0.0395602
0.936301,-0.66901,0.0248955,1.44702e-08,0.0248955
0.935372,-0.665983,0.0349265,4.57545e-08,0.0349265
0.93445,-0.662977,0.0449815,1.10435e-07,0.0449815
0.933652,-0.660553,0.0261911,1.78355e-08,0.0261911
0.932466,-0.656721,0.0210013,8.47081e-09,0.0210013
0.931565,-0.653656,0.031025,3.11311e-08,0.031025
0.930697,-0.650851,0.0225421,1.13554e-08,0.0225421
0.929867,-0.647966,0.032567,3.69652e-08,0.032567
0.928726,-0.644193,0.0229992,1.19043e-08,0.0229992
0.927873,-0.641168,0.0330261,3.91076e-08,0.0330261
0.927089,-0.63855,0.0231325,1.21917e-08,0.0231325
0.926088,-0.635075,0.0199338,7.46939e-09,0.0199338
0.925174,-0.631764,0.0299575,3.03738e-08,0.0299575
0.924309,-0.628741,0.0222149,1.07554e-08,0.0222149
0.923479,-0.625675,0.03224,3.53713e-08,0.03224
0.922744,-0.623052,0.0229035,1.16002e-08,0.0229035
0.921925,-0.619975,0.0329302,3.53192e-08,0.0329302
0.921136,-0.617095,0.0231047,1.11591e-08,0.0231047
0.9202,-0.613558,0.0199237,6.75376e-09,0.0199237
0.919418,-0.610512,0.0299449,2.36649e-08,0.0299449
0.918713,-0.607819,0.0222119,9.15766e-09,0.0222119
0.917787,-0.604178,0.0195968,6.02746e-09,0.0195968
0.917044,-0.601131,0.0296174,2.20333e-08,0.0296173
0.91632,-0.598098,0.0396576,5.91072e-08,0.0396576
0.915561,-0.595161,0.0249202,1.29015e-08,0.0249202
0.914847,-0.592092,0.0349511,3.82647e-08,0.0349511
0.914007,-0.588706,0.0236772,1.05619e-08,0.0236772
0.913314,-0.585629,0.0337058,3.43926e-08,0.0337058
0.912495,-0.582227,0.0233274,1.02189e-08,0.0233274
0.911826,-0.579155,0.0333553,3.43952e-08,0.0333553
0.911182,-0.5761,0.043406,8.62582e-08,0.0434059
0.910584,-0.573756,0.0258287,1.47321e-08,0.0258287
0.909945,-0.57067,0.0358621,4.41625e-08,0.035862
0.90922,-0.567524,0.0239273,1.12067e-08,0.0239273
0.908474,-0.564083,0.0202187,6.34034e-09,0.0202187
0.907681,-0.560309,0.018841,5.07838e-09,0.018841
0.907065,-0.557198,0.0288601,2.0877e-08,0.0288601
0.906471,-0.554083,0.0388987,5.9061e-08,0.0388987
0.905921,-0.551591,0.0247277,1.33778e-08,0.0247277
0.905341,-0.548503,0.0347583,4.14217e-08,0.0347583
0.904687,-0.545313,0.0236237,1.1576e-08,0.0236237
0.904122,-0.5422,0.033652,3.72267e-08,0.033652
0.903564,-0.539388,0.0233121,1.11251e-08,0.0233121
0.903013,-0.536261,0.0333399,3.71944e-08,0.0333399
0.902434,-0.533197,0.0232228,1.13852e-08,0.0232228
0.901819,-0.529744,0.0199665,7.0526e-09,0.0199665
0.901304,-0.526641,0.0299878,2.71057e-08,0.0299878
0.900652,-0.522888,0.0222251,1.06151e-08,0.0222251
0.900168,-0.519793,0.0322504,3.63835e-08,0.0322504
0.899597,-0.516398,0.0229065,1.20433e-08,0.0229065
0.899138,-0.513285,0.0329333,4.16322e-08,0.0329333
0.8987,-0.510188,0.0429826,1.03888e-07,0.0429826
0.898267,-0.507786,0.0257295,1.8629e-08,0.0257295
0.897757,-0.504412,0.0208458,9.85527e-09,0.0208458
0.897365,-0.501548,0.030867,3.23182e-08,0.030867
0.896941,-0.498674,0.0224939,1.18651e-08,0.0224939
0.896373,-0.4945,0.0197008,7.74528e-09,0.0197008
0.895956,-0.49105,0.0297243,3.23042e-08,0.0297243
0.895493,-0.487624,0.0221426,1.11877e-08,0.0221426
0.895134,-0.484473,0.0321674,3.63033e-08,0.0321674
0.894716,-0.481201,0.0228831,1.2662e-08,0.0228831
0.894407,-0.478321,0.0329074,3.64099e-08,0.0329074
0.893945,-0.474436,0.0230981,1.15383e-08,0.0230981
0.893635,-0.471256,0.0331251,3.73979e-08,0.0331251
0.893306,-0.468471,0.023161,1.15865e-08,0.023161
0.893016,-0.465258,0.0331883,3.78766e-08,0.0331883
0.892744,-0.46206,0.0432383,9.69673e-08,0.0432383
0.892471,-0.458854,0.0533185,2.07003e-07,0.0533185
0.892102,-0.456228,0.0279403,2.08655e-08,0.0279403
0.891706,-0.451891,0.0215785,6.19184e-09,0.0215785
0.891425,-0.448496,0.0316031,1.25593e-08,0.0316031
0.891211,-0.445952,0.022715,4.13049e-09,0.022715
0.890895,-0.44179,0.0197819,2.39961e-09,0.0197819
0.890616,-0.437863,0.0186702,2.02531e-09,0.0186702
0.890386,-0.434277,0.0286893,8.05191e-09,0.0286893
0.890161,-0.430636,0.0218182,3.84951e-09,0.0218182
0.889963,-0.427045,0.0318425,1.12073e-08,0.0318425
0.889793,-0.423878,0.0227861,4.38747e-09,0.0227861
0.889617,-0.420142,0.0198079,2.88376e-09,0.0198079
0.889439,-0.415907,0.0186805,2.42906e-09,0.0186805
0.889328,-0.412333,0.0286991,7.25034e-09,0.0286991
0.889193,-0.408815,0.0218214,3.37939e-09,0.0218214
0.889118,-0.405235,0.0318457,8.79268e-09,0.0318457
0.889034,-0.402165,0.0227871,3.41997e-09,0.0227871
0.889031,-0.398664,0.0328136,1.25572e-08,0.0328136
0.888887,-0.395593,0.023071,4.46434e-09,0.023071
0.888818,-0.391549,0.0199115,2.9686e-09,0.0199115
0.888819,-0.388094,0.0299326,1.35993e-08,0.0299326
0.888761,-0.384907,0.0222081,5.29489e-09,0.0222081
0.888788,-0.381257,0.032235,1.98395e-08,0.032235
0.888737,-0.378151,0.0229023,6.72709e-09,0.0229023
0.888728,-0.37364,0.0198511,4.5606e-09,0.0198511
0.888771,-0.370634,0.0298684,1.30366e-08,0.0298684
0.888752,-0.366737,0.022188,5.35544e-09,0.022188
0.888762,-0.36234,0.0195879,3.68855e-09,0.0195879
0.888818,-0.358775,0.0296082,1.39128e-08,0.0296082
0.888805,-0.355162,0.0221074,5.75562e-09,0.0221074
0.888851,-0.351624,0.0321323,1.90737e-08,0.0321323
0.88884,-0.347495,0.0228718,6.62974e-09,0.0228718
0.888886,-0.343927,0.0328984,2.10633e-08,0.0328984
0.888866,-0.340437,0.0230956,6.96552e-09,0.0230956
0.888913,-0.336886,0.0331229,2.17136e-08,0.0331229
0.888884,-0.333274,0.0231604,7.06918e-09,0.0231604
0.888918,-0.329759,0.0331878,2.18725e-08,0.0331878
0.888961,-0.326286,0.0432377,5.165e-08,0.0432376
0.888884,-0.323824,0.0257893,9.97468e-09,0.0257893
0.888852,-0.32001,0.0208655,5.11208e-09,0.0208655
0.888819,-0.315881,0.0190904,3.9596e-09,0.0190904
0.888817,-0.311875,0.0291142,1.88696e-08,0.0291142
0.88883,-0.308894,0.039148,4.05684e-08,0.039148
0.888735,-0.305954,0.0247912,9.91154e-09,0.0247912
0.888649,-0.30211,0.0205222,5.43874e-09,0.0205222
0.888542,-0.297724,0.0189585,4.29897e-09,0.0189585
0.888466,-0.294041,0.0289789,1.67933e-08,0.0289789
0.888323,-0.290323,0.0219097,7.13861e-09,0.0219097
0.888222,-0.286826,0.0319341,2.23802e-08,0.0319341
0.888119,-0.283352,0.0419802,5.20494e-08,0.0419801
0.887937,-0.280713,0.0254911,1.1471e-08,0.025491
0.887712,-0.276707,0.0207637,6.10503e-09,0.0207637
0.887543,-0.273209,0.0307866,1.93283e-08,0.0307866
0.887285,-0.269475,0.0224696,7.59895e-09,0.0224696
0.887078,-0.266003,0.0324955,2.21849e-08,0.0324954
0.886842,-0.263069,0.0229783,7.93117e-09,0.0229783
0.886534,-0.259258,0.0198779,5.13045e-09,0.0198779
0.886263,-0.255749,0.029899,1.70587e-08,0.029899
0.885919,-0.252199,0.0221977,7.23042e-09,0.0221977
0.885608,-0.248718,0.0322229,2.10636e-08,0.0322228
0.885288,-0.245257,0.04227,4.6367e-08,0.0422699
0.884965,-0.241835,0.0523469,9.01839e-08,0.0523467
0.884514,-0.238411,0.0277499,1.36744e-08,0.0277499
0.884078,-0.234917,0.0215168,6.50037e-09,0.0215168
0.883576,-0.231114,0.0193375,4.84644e-09,0.0193375
0.882946,-0.226654,0.0184946,4.3825e-09,0.0184946
0.882445,-0.223168,0.0285131,1.51286e-08,0.0285131
0.881915,-0.219808,0.0217622,7.22851e-09,0.0217621
0.88137,-0.216361,0.0317865,2.03694e-08,0.0317865
0.88068,-0.212422,0.0227696,8.04453e-09,0.0227695
0.880079,-0.208993,0.0327959,2.07759e-08,0.0327959
0.879437,-0.20563,0.0230658,7.88761e-09,0.0230658
0.878632,-0.201572,0.0199096,5.19742e-09,0.0199096
0.877945,-0.198154,0.0299308,1.5455e-08,0.0299307
0.877212,-0.194769,0.0222075,6.95757e-09,0.0222075
0.876472,-0.191372,0.0322328,1.89658e-08,0.0322327
0.875853,-0.188719,0.0229013,7.64352e-09,0.0229013
0.875071,-0.185362,0.0329281,2.0073e-08,0.0329281
0.874281,-0.182045,0.0429774,4.25865e-08,0.0429772
0.87323,-0.177875,0.0257282,1.08581e-08,0.0257281
0.872368,-0.174508,0.0357614,2.63397e-08,0.0357613
0.871591,-0.17165,0.0238999,9.01999e-09,0.0238999
0.870477,-0.167678,0.020209,5.85875e-09,0.020209
0.869522,-0.164326,0.0302309,1.86269e-08,0.0302308
0.868607,-0.161285,0.0223,8.40732e-09,0.0223
0.867385,-0.157336,0.0196298,6.47979e-09,0.0196298
0.866383,-0.15415,0.0296496,1.92937e-08,0.0296495
0.865359,-0.151051,0.0221202,8.88314e-09,0.0221202
0.864011,-0.147097,0.0195628,6.5195e-09,0.0195628
0.862871,-0.14381,0.0295833,2.07857e-08,0.0295832
0.86169,-0.140551,0.0220997,9.72612e-09,0.0220997
0.860193,-0.136535,0.0195552,6.87388e-09,0.0195552
0.858957,-0.133282,0.0295757,2.07512e-08,0.0295757
0.857458,-0.129511,0.0220972,9.47653e-09,0.0220972
0.856164,-0.1263,0.0321223,2.50473e-08,0.0321222
0.854862,-0.12319,0.0228688,1.00714e-08,0.0228688
0.853501,-0.119948,0.0328956,2.62943e-08,0.0328955
0.852363,-0.117381,0.0230947,1.01621e-08,0.0230947
0.850903,-0.114085,0.0331235,2.98914e-08,0.0331234
0.849524,-0.111082,0.0231602,1.06305e-08,0.0231601
0.848059,-0.107918,0.0331876,3.0451e-08,0.0331875
0.846285,-0.10414,0.0231791,1.14138e-08,0.023179
0.844783,-0.101012,0.0332066,3.26569e-08,0.0332065
0.843397,-0.098145,0.0231845,1.22551e-08,0.0231845
0.841851,-0.0949898,0.033212,3.35804e-08,0.0332119
0.839668,-0.0905831,0.0231861,1.2135e-08,0.023186
0.838054,-0.0873828,0.033214,3.32541e-08,0.0332139
0.836615,-0.0845241,0.0231866,1.19767e-08,0.0231865
0.834519,-0.0804364,0.0199542,8.35252e-09,0.0199542
0.833039,-0.077568,0.0299735,2.28632e-08,0.0299734
0.831437,-0.0744413,0.0400138,5.46664e-08,0.0400137
0.830225,-0.0721836,0.0250094,1.29746e-08,0.0250094
0.828416,-0.0687921,0.0205982,7.0556e-09,0.0205982
0.82679,-0.0656837,0.0306203,2.2161e-08,0.0306203
0.82503,-0.0624117,0.022419,8.25963e-09,0.022419
0.823394,-0.0593073,0.0324446,2.64826e-08,0.0324446
0.821564,-0.0560106,0.0229634,8.88942e-09,0.0229634
0.819257,-0.0518239,0.0198754,7.61117e-09,0.0198754
0.818046,-0.0496157,0.0298902,1.87487e-08,0.0298902
0.815861,-0.0456848,0.0221947,7.29682e-09,0.0221947
0.814172,-0.0425667,0.0322192,2.31188e-08,0.0322192
0.812506,-0.0394935,0.0422654,5.70492e-08,0.0422653
0.810903,-0.0367361,0.0255593,1.12989e-08,0.0255593
0.809113,-0.0335568,0.0207871,5.66705e-09,0.0207871
0.807401,-0.0304512,0.03081,1.95289e-08,0.03081
0.805946,-0.027898,0.0224767,7.22509e-09,0.0224767
0.804248,-0.0248252,0.0325025,2.35746e-08,0.0325025
0.802558,-0.0217487,0.0425503,6.14468e-08,0.0425503
0.800753,-0.0186902,0.0256272,1.147e-08,0.0256272
0.798977,-0.0155728,0.0208103,5.8427e-09,0.0208103
0.796967,-0.0120429,0.0190692,4.47898e-09,0.0190692
0.795219,-0.0089193,0.0290889,1.78126e-08,0.0290888
0.793445,-0.00583807,0.0219447,7.39097e-09,0.0219447
0.791718,-0.00274727,0.0319694,2.43604e-08,0.0319694
0.789819,0.00051192,0.0228237,8.30595e-09,0.0228237
0.788072,0.00358585,0.0328504,2.56116e-08,0.0328504
0.786483,0.00634647,0.0230816,8.23132e-09,0.0230816
0.784724,0.00944716,0.0331089,2.53744e-08,0.0331089
0.782989,0.0124627,0.0231563,8.13602e-09,0.0231563
0.780942,0.016044,0.0199424,4.98665e-09,0.0199424
0.778727,0.0199644,0.0187332,3.91589e-09,0.0187332
0.776965,0.0231285,0.0287521,1.40538e-08,0.0287521
0.775097,0.0264467,0.0218392,6.35343e-09,0.0218392
0.773516,0.0293211,0.0318614,1.71819e-08,0.0318614
0.772063,0.0318966,0.0227916,5.91568e-09,0.0227916
0.76998,0.0356525,0.0198098,3.64767e-09,0.0198098
0.76827,0.0388145,0.0298308,1.26652e-08,0.0298308
0.766604,0.0418004,0.0221765,4.96046e-09,0.0221765
0.764922,0.0449346,0.0322016,1.5698e-08,0.0322016
0.763263,0.0480595,0.0422485,3.70303e-08,0.0422485
0.761735,0.0507083,0.0255553,7.35686e-09,0.0255553
0.759855,0.0541136,0.0207857,3.72011e-09,0.0207857
0.75818,0.0572446,0.0308086,1.32576e-08,0.0308086
0.756394,0.0605122,0.0224763,4.83653e-09,0.0224763
0.75473,0.0636757,0.0325024,1.66551e-08,0.0325024
0.75323,0.0664017,0.0229803,5.47962e-09,0.0229803
0.75106,0.0704728,0.0198786,3.53833e-09,0.0198786
0.749434,0.0736362,0.0298997,1.43133e-08,0.0298997
0.747742,0.076796,0.0221991,6.15006e-09,0.0221991
0.746315,0.0796103,0.0322214,1.83998e-08,0.0322214
0.744557,0.0828925,0.0228979,6.20904e-09,0.0228979
0.742949,0.0860748,0.0329244,2.12588e-08,0.0329244
0.740998,0.0897403,0.0231033,6.87785e-09,0.0231033
0.739435,0.0928401,0.0331299,2.3248e-08,0.0331299
0.737864,0.0959784,0.0431794,6.06351e-08,0.0431794
0.736512,0.0984234,0.0257757,1.07319e-08,0.0257757
0.734944,0.101551,0.0358087,3.37306e-08,0.0358087
0.733251,0.104737,0.0239136,9.0279e-09,0.0239136
0.731774,0.107684,0.0339409,2.83747e-08,0.0339409
0.730005,0.111032,0.0233952,8.818e-09,0.0233952
0.728241,0.114433,0.0200278,4.87464e-09,0.0200278
0.726652,0.117581,0.0300488,1.94756e-08,0.0300488
0.724915,0.120891,0.0222439,7.63382e-09,0.0222439
0.722828,0.124911,0.0196087,5.18963e-09,0.0196087
0.721212,0.128073,0.0296291,2.03136e-08,0.0296291
0.719646,0.131046,0.0221139,8.18418e-09,0.0221139
0.718027,0.1342,0.032139,2.78564e-08,0.032139
0.71657,0.136927,0.0228738,9.59189e-09,0.0228738
0.714947,0.140052,0.0329005,3.14188e-08,0.0329005
0.713391,0.142955,0.0230961,1.00366e-08,0.0230961
0.711226,0.14701,0.0199206,6.30479e-09,0.0199206
0.709582,0.150136,0.0299418,2.32964e-08,0.0299417
0.707735,0.15353,0.0222109,9.10696e-09,0.0222109
0.706064,0.156663,0.0322362,3.00578e-08,0.0322361
0.704589,0.159328,0.0229023,1.02378e-08,0.0229023
0.702921,0.162425,0.0329291,3.32265e-08,0.0329291
0.701395,0.165123,0.0231045,1.08348e-08,0.0231045
0.699416,0.168648,0.0199236,6.84571e-09,0.0199236
0.697697,0.17174,0.0299449,2.61264e-08,0.0299449
0.695982,0.174724,0.0222119,1.03714e-08,0.0222119
0.694272,0.177759,0.032237,3.49098e-08,0.032237
0.692566,0.18079,0.042284,9.18289e-08,0.0422839
0.690806,0.183699,0.0255638,1.77188e-08,0.0255638
0.689058,0.186725,0.0355965,5.34989e-08,0.0355964
0.68693,0.190224,0.0238549,1.46937e-08,0.0238549
0.684708,0.193882,0.0201946,1.0152e-08,0.0201946
0.683191,0.196394,0.0302127,2.99811e-08,0.0302127
0.681305,0.199399,0.0222943,1.19429e-08,0.0222943
0.679439,0.202398,0.0323194,3.87829e-08,0.0323193
0.677578,0.205374,0.0423663,9.98629e-08,0.0423663
0.675284,0.209003,0.0255834,1.93433e-08,0.0255834
0.673373,0.212044,0.0356165,5.59627e-08,0.0356164
0.671459,0.214998,0.0238603,1.45602e-08,0.0238603
0.668289,0.220091,0.0339205,8.89576e-08,0.0339205
0.667719,0.221027,0.0439379,1.06356e-07,0.0439379
0.666008,0.223626,0.0259526,1.9182e-08,0.0259526
0.66412,0.226621,0.0209207,8.96542e-09,0.0209207
0.661965,0.230081,0.0191114,6.0681e-09,0.0191114
0.660107,0.233121,0.0291309,2.13054e-08,0.0291308
0.657961,0.236559,0.0219579,8.50503e-09,0.0219579
0.655795,0.240061,0.0195026,5.54134e-09,0.0195026
0.653953,0.243114,0.0295228,1.93009e-08,0.0295228
0.651689,0.246697,0.0220808,7.37761e-09,0.0220808
0.649832,0.249743,0.0321058,2.28705e-08,0.0321058
0.648082,0.252437,0.0228639,7.63253e-09,0.0228639
0.645909,0.255806,0.0198362,4.70056e-09,0.0198362
0.643999,0.258815,0.0298572,1.74542e-08,0.0298572
0.642102,0.261797,0.0398979,4.65386e-08,0.0398979
0.640602,0.263968,0.0249816,1.07228e-08,0.0249816
0.638846,0.266647,0.0350099,2.93226e-08,0.0350099
0.636799,0.269617,0.0236935,8.58436e-09,0.0236935
0.634365,0.273144,0.0201354,5.33887e-09,0.0201354
0.632349,0.276072,0.030157,2.09275e-08,0.0301569
0.63026,0.279008,0.0222773,8.44544e-09,0.0222773
0.627729,0.282526,0.019621,5.94433e-09,0.019621
0.625627,0.285429,0.0296415,2.24964e-08,0.0296415
0.623338,0.288523,0.0221178,9.46382e-09,0.0221178
0.621222,0.291355,0.0321428,3.04119e-08,0.0321428
0.619393,0.293787,0.0228749,1.10511e-08,0.0228749
0.616827,0.297138,0.0198403,7.31284e-09,0.0198403
0.614663,0.299944,0.0298613,2.52349e-08,0.0298613
0.612636,0.302534,0.022186,1.03583e-08,0.022186
0.610476,0.30528,0.0322112,3.13136e-08,0.0322112
0.608329,0.308009,0.0422582,7.22133e-08,0.042258
0.606025,0.310878,0.0255576,1.51314e-08,0.0255576
0.603828,0.313608,0.0355903,4.08153e-08,0.0355902
0.602024,0.315807,0.0238532,1.17089e-08,0.0238532
0.599347,0.31905,0.0201924,6.84795e-09,0.0201924
0.597093,0.321767,0.0302142,2.39723e-08,0.0302141
0.594854,0.324463,0.040256,6.10774e-08,0.0402559
0.592827,0.326826,0.0250698,1.36804e-08,0.0250698
0.590126,0.32996,0.0206188,7.40661e-09,0.0206188
0.587818,0.332635,0.0306415,2.66855e-08,0.0306414
0.585486,0.335272,0.0224255,1.02677e-08,0.0224255
0.583138,0.337928,0.0324513,3.411e-08,0.0324513
0.579789,0.341658,0.022969,1.46044e-08,0.022969
0.578084,0.343543,0.0329879,3.21621e-08,0.0329878
0.575758,0.346093,0.0231213,1.12376e-08,0.0231213
0.57337,0.348697,0.0331476,3.58207e-08,0.0331476
0.570694,0.351581,0.0231675,1.19621e-08,0.0231675
0.568303,0.354145,0.0331947,3.78129e-08,0.0331946
0.566255,0.356302,0.0231811,1.22445e-08,0.0231811
0.563201,0.359481,0.0199516,7.92594e-09,0.0199516
0.560797,0.361971,0.0299725,2.9065e-08,0.0299725
0.558256,0.364559,0.0222203,1.15993e-08,0.0222203
0.555784,0.367071,0.0322456,3.90298e-08,0.0322456
0.553212,0.369645,0.0422952,1.02531e-07,0.0422951
0.551011,0.371829,0.0255659,1.9605e-08,0.0255658
0.547733,0.375045,0.0207893,9.94601e-09,0.0207893
0.545193,0.377522,0.0308122,3.19721e-08,0.0308121
0.542616,0.38001,0.0224773,1.19671e-08,0.0224773
0.539581,0.382906,0.0196948,7.65372e-09,0.0196948
0.53699,0.385351,0.0297156,2.52791e-08,0.0297155
0.534375,0.387832,0.0221409,1.04385e-08,0.0221409
0.531788,0.390241,0.0321658,3.22903e-08,0.0321657
0.529585,0.392314,0.0228816,1.16365e-08,0.0228816
0.526612,0.395087,0.0198427,7.5993e-09,0.0198427
0.524043,0.397464,0.0298637,2.7018e-08,0.0298636
0.521313,0.399995,0.0221868,1.08359e-08,0.0221868
0.518713,0.402379,0.0322122,3.46679e-08,0.0322122
0.516208,0.404674,0.0228952,1.15706e-08,0.0228952
0.513585,0.407039,0.032922,3.40424e-08,0.032922
0.510708,0.409694,0.0231023,1.11234e-08,0.0231023
0.508074,0.412076,0.0331297,3.22893e-08,0.0331296
0.505637,0.414307,0.0231624,1.05281e-08,0.0231624
0.503038,0.416656,0.0331897,3.04357e-08,0.0331897
0.500449,0.41901,0.0432398,6.94165e-08,0.0432398
0.497284,0.421884,0.0257898,1.28816e-08,0.0257898
0.494657,0.424263,0.0358232,3.55226e-08,0.0358232
0.492808,0.42593,0.0239167,9.43445e-09,0.0239167
0.489687,0.428736,0.020215,5.39051e-09,0.020215
0.48707,0.43109,0.0302369,2.1743e-08,0.0302368
0.48447,0.433426,0.0402789,5.88313e-08,0.0402789
0.481867,0.43575,0.0503496,1.28832e-07,0.0503495
0.479357,0.437987,0.0273478,1.63119e-08,0.0273478
0.476497,0.44053,0.0213856,7.18538e-09,0.0213856
0.473305,0.443362,0.019288,5.14435e-09,0.019288
0.470654,0.445715,0.0293081,2.03465e-08,0.0293081
0.467932,0.448124,0.0220137,8.26027e-09,0.0220137
0.465324,0.450437,0.0320384,2.69675e-08,0.0320384
0.462714,0.452753,0.0420849,6.70304e-08,0.0420849
0.460237,0.4549,0.0255161,1.28567e-08,0.0255161
0.457358,0.457414,0.0207723,6.41466e-09,0.0207723
0.454298,0.460078,0.0190547,4.83091e-09,0.0190547
0.451634,0.462396,0.0290743,1.9019e-08,0.0290743
0.449006,0.464683,0.0391129,5.25581e-08,0.0391129
0.446958,0.466448,0.0247824,1.21227e-08,0.0247824
0.444276,0.468737,0.0348131,3.74707e-08,0.0348131
0.440843,0.471709,0.0236389,9.84668e-09,0.0236389
0.438154,0.474029,0.0336675,2.97854e-08,0.0336675
0.436014,0.475885,0.0233165,9.04357e-09,0.0233165
0.433257,0.478274,0.0200002,5.33735e-09,0.0200002
0.430573,0.4806,0.0300216,1.82005e-08,0.0300216
0.428314,0.482562,0.0222356,7.04577e-09,0.0222356
0.425636,0.484895,0.0322609,2.18702e-08,0.0322609
0.422928,0.487233,0.0229096,7.29816e-09,0.0229096
0.419665,0.490052,0.0198532,4.67722e-09,0.0198532
0.417075,0.492299,0.0298735,1.66807e-08,0.0298735
0.414536,0.494482,0.0221898,6.58936e-09,0.0221898
0.411866,0.4968,0.0322151,2.23914e-08,0.0322151
0.409492,0.498824,0.022896,7.38593e-09,0.022896
0.406815,0.501144,0.0329228,2.45008e-08,0.0329228
0.4041,0.503445,0.0231026,7.77825e-09,0.0231026
0.400954,0.506126,0.0199229,4.84963e-09,0.0199229
0.398275,0.508427,0.0299442,1.94903e-08,0.0299442
0.395541,0.51074,0.0222127,8.23325e-09,0.0222127
0.393104,0.51282,0.0322355,2.61065e-08,0.0322355
0.390427,0.515079,0.0229021,8.83992e-09,0.0229021
0.387744,0.517367,0.0329286,3.07695e-08,0.0329286
0.384986,0.519687,0.0231044,9.78707e-09,0.0231044
0.382313,0.521954,0.0331317,3.30807e-08,0.0331317
0.379682,0.52419,0.0431809,8.28559e-08,0.0431809
0.376837,0.526566,0.0257761,1.44497e-08,0.0257761
0.374112,0.528866,0.0358102,4.34422e-08,0.0358102
0.371456,0.531074,0.023913,1.11045e-08,0.023913
0.367869,0.534062,0.0202136,6.26259e-09,0.0202136
0.365161,0.536326,0.0302354,2.29689e-08,0.0302354
0.362158,0.538809,0.0223013,8.71868e-09,0.0223013
0.359436,0.541068,0.0323268,2.93463e-08,0.0323268
0.356851,0.5432,0.022929,9.8592e-09,0.022929
0.354129,0.545457,0.0329558,3.20286e-08,0.0329558
0.35121,0.547847,0.0231121,1.00588e-08,0.0231121
0.348468,0.550119,0.0331396,3.28208e-08,0.0331396
0.346003,0.552119,0.0231652,9.9754e-09,0.0231652
0.34265,0.554849,0.0199456,6.01182e-09,0.0199456
0.339899,0.557102,0.0299668,2.28036e-08,0.0299668
0.336762,0.559635,0.0222186,8.73616e-09,0.0222186
0.333996,0.561886,0.032244,2.969e-08,0.032244
0.33175,0.563691,0.0229047,9.8809e-09,0.0229047
0.328996,0.56592,0.0329315,3.24084e-08,0.0329315
0.325591,0.56864,0.0231052,1.02976e-08,0.0231052
0.322839,0.570852,0.0331322,3.4001e-08,0.0331322
0.320081,0.573066,0.0431821,8.97143e-08,0.0431821
0.316689,0.575752,0.0257763,1.56826e-08,0.0257763
0.313901,0.577967,0.0358095,4.86445e-08,0.0358095
0.311364,0.579978,0.0239133,1.2953e-08,0.0239133
0.30862,0.582139,0.033942,4.20013e-08,0.033942
0.305996,0.584213,0.0233945,1.2475e-08,0.0233945
0.303225,0.586393,0.0334225,4.07731e-08,0.0334224
0.300018,0.588912,0.0232465,1.25165e-08,0.0232465
0.29724,0.591079,0.0332741,4.05079e-08,0.0332741
0.294727,0.593055,0.023204,1.26489e-08,0.023204
0.291938,0.595237,0.0332316,3.99616e-08,0.0332316
0.289539,0.597113,0.0231917,1.23875e-08,0.0231917
0.286768,0.599269,0.0332192,3.93934e-08,0.0332192
0.283226,0.602021,0.0432884,1.25392e-07,0.0432883
0.280647,0.604029,0.0257969,1.77747e-08,0.0257969
0.277859,0.606192,0.0358299,5.01744e-08,0.0358299
0.27434,0.608909,0.0239185,1.30626e-08,0.0239185
0.271527,0.611076,0.0339477,3.9324e-08,0.0339477
0.268436,0.613441,0.0233961,1.1531e-08,0.0233961
0.26559,0.615616,0.0334243,3.63009e-08,0.0334243
0.26271,0.617814,0.0232469,1.10689e-08,0.0232469
0.259465,0.620284,0.0199769,7.86442e-09,0.0199769
0.256717,0.622367,0.0187454,5.1507e-09,0.0187454
0.253868,0.624524,0.0287641,2.12234e-08,0.0287641
0.25153,0.626288,0.0218419,9.08082e-09,0.0218419
0.248721,0.628411,0.0318661,3.12947e-08,0.0318661
0.246411,0.630151,0.0227931,1.0693e-08,0.0227931
0.24324,0.632528,0.0198104,6.71687e-09,0.0198104
0.239879,0.635062,0.029837,3.25981e-08,0.029837
0.236937,0.637248,0.0221766,1.02561e-08,0.0221766
0.234119,0.639366,0.0322014,3.47585e-08,0.0322014
0.231288,0.641487,0.0422486,9.13312e-08,0.0422486
0.228947,0.643198,0.0255552,1.66387e-08,0.0255551
0.226099,0.645327,0.0355877,5.0425e-08,0.0355877
0.22239,0.64805,0.0238531,1.34221e-08,0.0238531
0.21944,0.650235,0.0338843,4.56607e-08,0.0338843
0.216736,0.652216,0.023377,1.22517e-08,0.023377
0.213879,0.654323,0.0334047,4.08089e-08,0.0334047
0.211052,0.656409,0.0434551,1.06736e-07,0.0434551
0.20824,0.658478,0.0535361,2.25785e-07,0.0535362
0.205954,0.660124,0.0279826,2.37446e-08,0.0279826
0.202345,0.662748,0.021592,9.70327e-09,0.021592
0.199483,0.664833,0.0316167,3.36374e-08,0.0316167
0.19702,0.666617,0.0227191,1.12379e-08,0.0227191
0.194144,0.6687,0.0327459,3.7344e-08,0.0327459
0.191689,0.670472,0.0230512,1.17513e-08,0.0230512
0.188461,0.672797,0.0199043,7.25685e-09,0.0199043
0.185601,0.674851,0.0299255,2.80427e-08,0.0299255
0.182759,0.676887,0.0399666,7.4038e-08,0.0399666
0.178846,0.679698,0.0249976,1.578e-08,0.0249976
0.175554,0.682054,0.0205939,8.21271e-09,0.0205939
0.172637,0.68413,0.0306166,2.90544e-08,0.0306166
0.169757,0.686165,0.0406594,7.58824e-08,0.0406594
0.167211,0.687987,0.0251696,1.55606e-08,0.0251696
0.164451,0.689947,0.0206533,8.05085e-09,0.0206533
0.161374,0.692123,0.019009,6.11884e-09,0.019009
0.158456,0.694184,0.0290285,2.35614e-08,0.0290285
0.156021,0.695902,0.0219257,9.78742e-09,0.0219257
0.152367,0.698476,0.0194905,6.72108e-09,0.0194905
0.149456,0.700519,0.0295108,2.50911e-08,0.0295108
0.146846,0.702352,0.0220771,1.00582e-08,0.0220771
0.143966,0.704365,0.032102,3.30025e-08,0.032102
0.141091,0.70637,0.0421486,8.63008e-08,0.0421486
0.137246,0.709067,0.0255314,1.62898e-08,0.0255314
0.134344,0.711078,0.0355639,4.80126e-08,0.0355639
0.13157,0.713014,0.0238461,1.29253e-08,0.0238461
0.128653,0.715024,0.0338753,4.0538e-08,0.0338753
0.125304,0.717348,0.0233755,1.18511e-08,0.0233755
0.122389,0.71935,0.0334034,3.74258e-08,0.0334033
0.119664,0.721242,0.023241,1.15016e-08,0.023241
0.116535,0.723401,0.019973,6.9717e-09,0.019973
0.113322,0.725606,0.029997,2.87617e-08,0.029997
0.111274,0.727021,0.0222272,1.02097e-08,0.0222272
0.108363,0.729012,0.032252,3.36435e-08,0.032252
0.105419,0.731028,0.0422993,8.6154e-08,0.0422993
0.102937,0.732737,0.0255674,1.58532e-08,0.0255674
0.0999949,0.734742,0.0356,4.7115e-08,0.0356
0.0969967,0.736794,0.0238559,1.23554e-08,0.0238559
0.0940558,0.738793,0.0338849,3.96243e-08,0.0338849
0.0906952,0.741082,0.0233783,1.16307e-08,0.0233783
0.0869759,0.743607,0.0200225,6.93331e-09,0.0200225
0.0840341,0.745601,0.0300439,2.66742e-08,0.0300439
0.0806713,0.747871,0.0222425,1.02211e-08,0.0222425
0.0777668,0.749826,0.0322679,3.49086e-08,0.0322679
0.0751698,0.75158,0.0229116,1.15149e-08,0.0229116
0.0722381,0.753547,0.0329384,3.819e-08,0.0329384
0.0693742,0.755477,0.0231071,1.2082e-08,0.0231071
0.0659644,0.757765,0.0199246,7.5348e-09,0.0199246
0.0630596,0.759707,0.0299458,2.96594e-08,0.0299458
0.0604902,0.761432,0.0222122,1.15401e-08,0.0222122
0.0576004,0.763357,0.0322373,4.0613e-08,0.0322373
0.0549572,0.765131,0.0229027,1.3486e-08,0.0229027
0.0520356,0.76707,0.0329294,4.65385e-08,0.0329294
0.0486584,0.769331,0.0231045,1.46116e-08,0.0231045
0.0450736,0.771723,0.0199237,8.98788e-09,0.0199237
0.0421083,0.773696,0.0299449,3.36485e-08,0.0299449
0.039299,0.775569,0.0222118,1.27787e-08,0.0222118
0.0363379,0.777527,0.0322371,4.2039e-08,0.0322371
0.0337756,0.779236,0.0229037,1.46741e-08,0.0229037
0.0310537,0.78104,0.0329283,4.15721e-08,0.0329283
0.0279294,0.78311,0.023104,1.31072e-08,0.023104
0.0249664,0.78507,0.0331311,4.2829e-08,0.0331311
0.0220239,0.787009,0.0431805,1.02101e-07,0.0431804
0.0187396,0.789194,0.025776,1.81681e-08,0.025776
0.0157987,0.791138,0.0358091,5.06288e-08,0.0358091
0.0128793,0.793062,0.0239129,1.32525e-08,0.0239129
0.00902358,0.795597,0.0202136,7.33602e-09,0.0202136
0.00603389,0.797566,0.0302354,2.61345e-08,0.0302354
0.00306278,0.799519,0.0402776,6.84858e-08,0.0402776
-0.000195369,0.801644,0.0250751,1.41506e-08,0.0250751
-0.00317228,0.803589,0.0351067,4.23663e-08,0.0351067
-0.00630494,0.805633,0.0237203,1.14e-08,0.0237203
-0.00928826,0.80758,0.033749,3.60978e-08,0.033749
-0.0115621,0.809058,0.0233399,1.07704e-08,0.0233399
-0.0150759,0.811342,0.0200089,6.68466e-09,0.0200089
-0.0178983,0.81317,0.0300293,2.41465e-08,0.0300293
-0.0208257,0.815056,0.0400703,6.78082e-08,0.0400703
-0.0240951,0.817186,0.0250235,1.44334e-08,0.0250235
-0.0270229,0.819074,0.0350548,4.55728e-08,0.0350547
-0.0292145,0.820502,0.0237059,1.24932e-08,0.0237059
-0.0321586,0.8224,0.0337348,4.1834e-08,0.0337348
-0.0348379,0.824136,0.0233356,1.23293e-08,0.0233356
-0.0377982,0.826042,0.0333638,4.24673e-08,0.0333638
-0.0406563,0.827886,0.0232296,1.27207e-08,0.0232296
-0.043623,0.829787,0.0332571,4.35104e-08,0.0332571
-0.0471828,0.832082,0.0231993,1.3362e-08,0.0231993
-0.0509501,0.834501,0.0199578,7.96265e-09,0.0199578
-0.0539236,0.836409,0.0299788,2.98242e-08,0.0299788
-0.0568973,0.838328,0.0400201,8.08136e-08,0.04002
-0.0595369,0.840005,0.0250109,1.68097e-08,0.0250109
-0.0633861,0.842456,0.0205985,8.70161e-09,0.0205985
-0.0666543,0.844536,0.0306239,3.5512e-08,0.0306239
-0.0695,0.846346,0.0224192,1.1679e-08,0.0224192
-0.0724986,0.848249,0.0324449,4.09729e-08,0.0324449
-0.0754751,0.850134,0.0424924,1.05219e-07,0.0424924
-0.0784465,0.852011,0.0525703,2.22653e-07,0.0525703
-0.0816961,0.854074,0.027794,2.50804e-08,0.027794
-0.0846474,0.855942,0.0378319,6.85781e-08,0.0378319
-0.0867314,0.857254,0.0244522,1.55288e-08,0.0244522
-0.0896304,0.859075,0.0204043,8.53923e-09,0.0204043
-0.0931387,0.861274,0.0189127,6.28779e-09,0.0189127
-0.0961098,0.863139,0.0289319,2.50988e-08,0.0289319
-0.0990639,0.864987,0.0389703,7.13204e-08,0.0389703
-0.102212,0.866952,0.024746,1.58628e-08,0.024746
-0.105313,0.868885,0.0205065,8.56199e-09,0.0205065
-0.108304,0.870742,0.0305289,3.17725e-08,0.0305289
-0.111972,0.87303,0.0223911,1.16641e-08,0.0223911
-0.11494,0.874868,0.0324169,4.03149e-08,0.0324169
-0.1179,0.876699,0.0424648,1.08211e-07,0.0424647
-0.120813,0.878496,0.0525421,2.29087e-07,0.0525421
-0.123519,0.880201,0.0277884,2.56331e-08,0.0277884
-0.126643,0.882141,0.0215292,1.07911e-08,0.0215292
-0.130099,0.884278,0.0193422,7.62296e-09,0.0193422
-0.133092,0.886122,0.0293624,3.19287e-08,0.0293624
-0.136305,0.888112,0.0220307,1.28451e-08,0.0220307
-0.139334,0.889972,0.0320558,4.64805e-08,0.0320558
-0.141662,0.891418,0.0228492,1.51504e-08,0.0228492
-0.144715,0.893291,0.0328767,5.19818e-08,0.0328767
-0.147039,0.894732,0.023089,1.57631e-08,0.023089
-0.150336,0.896764,0.0199188,1.0069e-08,0.0199188
-0.153085,0.898449,0.0299381,3.19732e-08,0.0299381
-0.156355,0.900468,0.0222097,1.22746e-08,0.0222097
-0.160057,0.902746,0.0195961,8.18967e-09,0.0195961
-0.163046,0.904563,0.0296162,2.91684e-08,0.0296162
-0.166073,0.906396,0.0396562,8.10769e-08,0.0396562
-0.169093,0.908219,0.0497244,1.78453e-07,0.0497244
-0.172549,0.910398,0.0272211,2.51681e-08,0.0272211
-0.175247,0.912062,0.0213425,9.67339e-09,0.0213425
-0.178684,0.914167,0.0192717,6.97118e-09,0.0192717
-0.181736,0.91602,0.0292914,2.68507e-08,0.0292914
-0.184816,0.917918,0.0220084,1.10646e-08,0.0220084
-0.188576,0.920217,0.0195217,7.91349e-09,0.0195217
-0.191478,0.921984,0.0295411,2.79147e-08,0.029541
-0.194153,0.923622,0.0220864,1.09978e-08,0.0220864
-0.197165,0.925447,0.0321113,3.69598e-08,0.0321113
-0.199594,0.926938,0.0228656,1.21261e-08,0.0228656
-0.202978,0.929006,0.0198369,7.64387e-09,0.0198369
-0.205975,0.930827,0.0298579,2.87601e-08,0.0298579
-0.208941,0.932638,0.0221856,1.16857e-08,0.0221856
-0.211739,0.934334,0.0322091,3.63769e-08,0.0322091
-0.215549,0.936662,0.0228943,1.21489e-08,0.0228943
-0.218562,0.938482,0.0329209,4.05646e-08,0.0329209
-0.22107,0.940016,0.023102,1.2929e-08,0.023102
-0.224371,0.942023,0.0199228,8.07171e-09,0.0199228
-0.227371,0.943829,0.0299439,3.14784e-08,0.0299439
-0.231073,0.946082,0.0222116,1.22967e-08,0.0222116
-0.234071,0.947882,0.0322368,4.30873e-08,0.0322368
-0.237066,0.949668,0.0422838,1.14437e-07,0.0422838
-0.240258,0.951634,0.0255637,2.1104e-08,0.0255637
-0.243746,0.95375,0.0207886,1.06991e-08,0.0207886
-0.246823,0.95559,0.0308118,3.99165e-08,0.0308118
-0.249976,0.957512,0.0224792,1.63681e-08,0.0224792
-0.252508,0.959023,0.0325004,4.46377e-08,0.0325004
-0.255204,0.960665,0.0229797,1.48314e-08,0.0229797
-0.258702,0.96279,0.0198783,9.13635e-09,0.0198783
-0.261757,0.964628,0.0298992,3.30341e-08,0.0298992
-0.264852,0.966506,0.0221977,1.26328e-08,0.0221977
-0.268772,0.968874,0.0195916,8.27736e-09,0.0195916
-0.271898,0.970737,0.029612,3.09144e-08,0.029612
-0.275136,0.972699,0.0221086,1.20451e-08,0.0221086
-0.278302,0.974592,0.0321338,3.9298e-08,0.0321337
-0.281523,0.976552,0.0228722,1.30533e-08,0.0228722
-0.284684,0.97845,0.032899,4.0185e-08,0.0328989
-0.287804,0.980337,0.0429479,9.50215e-08,0.0429479
-0.290913,0.982213,0.0530273,1.99706e-07,0.0530273
-0.294361,0.984291,0.0278836,2.21582e-08,0.0278836
-0.297512,0.986193,0.0379219,5.92177e-08,0.0379219
-0.300847,0.988206,0.0244757,1.31598e-08,0.0244757
-0.304288,0.990287,0.0345099,4.46554e-08,0.0345099
-0.307909,0.992463,0.0235533,1.12775e-08,0.0235533
-0.311105,0.994397,0.0335818,3.74468e-08,0.0335818
-0.314628,0.996506,0.023292,1.09909e-08,0.023292
-0.31781,0.998421,0.0333197,3.80395e-08,0.0333197
-0.321031,1.00034,0.023217,1.12375e-08,0.023217
-0.324247,1.00228,0.0332446,3.99452e-08,0.0332446
-0.326682,1.00373,0.0231954,1.19543e-08,0.0231954
-0.330391,1.00594,0.0199566,7.48479e-09,0.0199566
-0.333601,1.00786,0.0299779,3.0709e-08,0.0299779
-0.33699,1.00988,0.022222,1.17389e-08,0.022222
-0.340176,1.01178,0.0322473,4.15371e-08,0.0322473
-0.34399,1.01405,0.0229056,1.35443e-08,0.0229056
-0.34721,1.01596,0.0329324,4.5843e-08,0.0329324
-0.350263,1.01778,0.0231054,1.40381e-08,0.0231054
-0.353641,1.01979,0.0331347,4.79937e-08,0.0331347
-0.355859,1.02111,0.0231632,1.40208e-08,0.0231632
-0.359361,1.02319,0.0199449,8.4818e-09,0.0199449
-0.362564,1.02509,0.029966,3.15168e-08,0.029966
-0.366572,1.02747,0.0222184,1.19105e-08,0.0222184
-0.369798,1.02939,0.0322437,3.94525e-08,0.0322437
-0.372506,1.031,0.0229045,1.28714e-08,0.0229045
-0.376186,1.03318,0.019851,7.80763e-09,0.019851
-0.37943,1.03511,0.0298721,2.89306e-08,0.0298721
-0.382641,1.03702,0.0399131,7.81537e-08,0.0399131
-0.386529,1.03932,0.0249842,1.6094e-08,0.0249842
-0.389722,1.04121,0.0350154,4.85017e-08,0.0350154
-0.392915,1.0431,0.0450707,1.16447e-07,0.0450708
-0.395417,1.04457,0.0262113,1.81563e-08,0.0262113
-0.398854,1.0466,0.0210081,8.40149e-09,0.0210081
-0.402112,1.04852,0.0310318,3.06444e-08,0.0310318
-0.405548,1.05054,0.0225437,1.07713e-08,0.0225437
-0.409408,1.0528,0.0325773,4.62445e-08,0.0325773
-0.412635,1.05471,0.0230003,1.25286e-08,0.0230003
-0.4158,1.05656,0.0330263,3.98022e-08,0.0330263
-0.418662,1.05825,0.0231325,1.26708e-08,0.0231325
-0.421897,1.06014,0.0331595,4.18077e-08,0.0331595
-0.425354,1.06217,0.0231709,1.29391e-08,0.0231709
-0.42894,1.06428,0.0199477,7.98634e-09,0.0199477
-0.432174,1.06617,0.0299689,3.11933e-08,0.0299689
-0.434829,1.06774,0.0222193,1.20499e-08,0.0222193
-0.438622,1.06997,0.0195999,8.37554e-09,0.0195999
-0.441705,1.07178,0.0296196,3.05679e-08,0.0296196
-0.445309,1.0739,0.0221109,1.20053e-08,0.0221109
-0.448517,1.07577,0.0321359,4.17295e-08,0.0321359
-0.452215,1.07795,0.0228728,1.38187e-08,0.0228728
-0.455446,1.07984,0.0328995,4.60371e-08,0.0328995
-0.458332,1.08155,0.0230959,1.42624e-08,0.0230959
-0.461826,1.0836,0.0199205,8.58615e-09,0.0199205
-0.465048,1.08549,0.0299417,3.20497e-08,0.0299417
-0.467678,1.08703,0.0222109,1.19378e-08,0.0222109
-0.471329,1.08917,0.0195965,7.75709e-09,0.0195965
-0.47455,1.09106,0.0296169,2.85601e-08,0.0296169
-0.478143,1.09316,0.0221101,1.10558e-08,0.0221101
-0.481375,1.09506,0.0321351,3.71234e-08,0.0321351
-0.484245,1.09673,0.0228727,1.22554e-08,0.0228727
-0.488091,1.09898,0.0198394,7.543e-09,0.0198394
-0.491356,1.10088,0.0298604,2.86833e-08,0.0298604
-0.494592,1.10276,0.0399014,7.93491e-08,0.0399014
-0.497167,1.10427,0.0249813,1.66445e-08,0.0249813
-0.500398,1.10615,0.0350124,5.16443e-08,0.0350124
-0.503621,1.10802,0.0450677,1.29872e-07,0.0450677
-0.506833,1.10988,0.0551551,2.62792e-07,0.0551551
-0.510172,1.11186,0.0282913,2.56968e-08,0.0282913
-0.513376,1.1137,0.0383309,7.14455e-08,0.0383309
-0.516035,1.11525,0.0245818,1.5189e-08,0.0245818
-0.519269,1.11715,0.0204493,8.07623e-09,0.0204493
-0.522818,1.11923,0.0189305,6.3267e-09,0.0189305
-0.525964,1.12109,0.0289496,2.55966e-08,0.0289496
-0.529091,1.12295,0.0219008,1.00642e-08,0.0219008
-0.532302,1.12487,0.0319254,3.12142e-08,0.0319254
-0.535469,1.12678,0.0419714,7.45612e-08,0.0419715
-0.538364,1.12849,0.0254889,1.39706e-08,0.0254889
-0.54182,1.13055,0.0207631,6.56609e-09,0.0207631
-0.545015,1.1325,0.030786,1.98757e-08,0.030786
-0.54875,1.13467,0.0224694,6.74043e-09,0.0224694
-0.551938,1.13658,0.0324951,1.98868e-08,0.0324951
-0.555856,1.13881,0.0229782,6.47528e-09,0.0229782
-0.559074,1.14069,0.0330051,2.06607e-08,0.0330052
-0.561779,1.14218,0.0231264,6.62238e-09,0.0231264
-0.565837,1.14442,0.0199338,5.29226e-09,0.0199338
-0.568405,1.14585,0.0299501,1.63291e-08,0.0299502
-0.571922,1.14772,0.0222133,6.79313e-09,0.0222133
-0.575223,1.14949,0.032238,2.68618e-08,0.032238
-0.578269,1.15107,0.0229029,9.28159e-09,0.0229029
-0.582271,1.15311,0.0198504,6.40512e-09,0.0198504
-0.585585,1.15479,0.0298712,2.74367e-08,0.0298712
-0.589175,1.15656,0.0221891,1.11206e-08,0.0221891
-0.593108,1.15846,0.0195884,7.95355e-09,0.0195884
-0.596502,1.16009,0.0296088,3.18366e-08,0.0296088
-0.599985,1.16172,0.0221092,1.46153e-08,0.0221092
-0.602914,1.16305,0.0321305,4.12751e-08,0.0321305
-0.606224,1.16455,0.0228712,1.47842e-08,0.0228712
-0.609656,1.16604,0.0328974,4.89099e-08,0.0328974
-0.613294,1.16763,0.0230953,1.68222e-08,0.0230952
-0.616748,1.16906,0.0331224,5.47624e-08,0.0331223
-0.619844,1.17037,0.0231603,1.85731e-08,0.0231603
-0.623311,1.17175,0.0331877,5.85731e-08,0.0331876
-0.627188,1.17331,0.0231791,1.96387e-08,0.023179
-0.631246,1.17488,0.0199506,1.2717e-08,0.0199506
-0.63479,1.17618,0.0299721,4.49602e-08,0.0299721
-0.637776,1.17731,0.0222202,1.87215e-08,0.0222202
-0.641737,1.17874,0.0195999,1.30096e-08,0.0195999
-0.645241,1.17994,0.0296204,4.52374e-08,0.0296204
-0.648511,1.18108,0.0221112,1.90248e-08,0.0221112
-0.652881,1.18254,0.0195595,1.31845e-08,0.0195595
-0.657447,1.18399,0.0295887,6.73563e-08,0.0295886
-0.659977,1.18476,0.0396183,1.27653e-07,0.039618
-0.663503,1.18582,0.049684,2.80214e-07,0.0496835
-0.667007,1.18686,0.0597859,5.27413e-07,0.0597849
-0.670459,1.18809,0.0291286,5.05245e-08,0.0291285
-0.674484,1.18931,0.0219575,2.04444e-08,0.0219575
-0.678093,1.1903,0.0319832,6.42811e-08,0.0319831
-0.682175,1.19147,0.0228277,2.17804e-08,0.0228277
-0.68578,1.19242,0.0328545,6.77304e-08,0.0328544
-0.688404,1.19314,0.0230829,2.18662e-08,0.0230828
-0.692068,1.19408,0.0199159,1.35677e-08,0.0199159
-0.695633,1.19495,0.0299369,4.80393e-08,0.0299368
-0.698719,1.1957,0.0222094,1.87784e-08,0.0222094
-0.702296,1.19653,0.0322345,6.16977e-08,0.0322344
-0.706796,1.19756,0.0229058,2.57439e-08,0.0229058
-0.710259,1.19832,0.0198489,1.12534e-08,0.0198489
-0.713945,1.19909,0.0298687,4.32149e-08,0.0298687
-0.718075,1.19994,0.0221882,1.7138e-08,0.0221882
-0.72171,1.20065,0.032213,5.83395e-08,0.0322129
-0.725381,1.20134,0.0422604,1.52323e-07,0.0422603
-0.728542,1.20196,0.025558,2.8574e-08,0.025558
-0.732778,1.20272,0.0207866,1.4406e-08,0.0207866
-0.736483,1.20333,0.0308096,5.23586e-08,0.0308096
-0.740952,1.20406,0.0224765,1.91964e-08,0.0224765
-0.74466,1.20459,0.0325025,6.81316e-08,0.0325025
-0.749222,1.20527,0.0229804,2.23911e-08,0.0229804
-0.752904,1.20573,0.0330074,7.99257e-08,0.0330074
-0.756219,1.20619,0.0231271,2.54477e-08,0.0231271
-0.759876,1.2066,0.0331544,8.69071e-08,0.0331544
-0.76328,1.20701,0.0231695,2.6731e-08,0.0231695
-0.766954,1.20737,0.033197,8.99397e-08,0.033197
-0.770599,1.20776,0.0231818,2.79142e-08,0.0231818
-0.774285,1.20806,0.0332092,9.09492e-08,0.0332092
-0.778718,1.20847,0.0231853,2.84676e-08,0.0231853
-0.782424,1.20872,0.0332129,9.28076e-08,0.0332128
-0.786786,1.20905,0.0231863,2.86034e-08,0.0231863
-0.790522,1.20924,0.0332139,9.02601e-08,0.0332139
-0.793223,1.20943,0.0231867,2.7989e-08,0.0231866
-0.797079,1.20963,0.0199534,1.6873e-08,0.0199534
-0.800818,1.20976,0.0299746,5.91018e-08,0.0299746
-0.804547,1.20986,0.040016,1.59459e-07,0.0400159
-0.808248,1.20995,0.0500854,3.43594e-07,0.0500852
-0.811979,1.21014,0.0272936,4.44637e-08,0.0272936
-0.815705,1.21018,0.0373306,1.22357e-07,0.0373306
-0.819451,1.21026,0.0243206,2.88784e-08,0.0243206
-0.8232,1.21024,0.034351,8.71337e-08,0.034351
-0.826896,1.2102,0.0444047,2.10118e-07,0.0444046
-0.830318,1.21023,0.0260597,3.43769e-08,0.0260597
-0.834077,1.21014,0.0360938,1.0206e-07,0.0360938
-0.837796,1.21002,0.0461527,2.40789e-07,0.0461526
-0.842433,1.20996,0.0264535,3.57193e-08,0.0264535
-0.846551,1.20982,0.0210894,1.62106e-08,0.0210894
-0.850959,1.20961,0.0191758,1.15572e-08,0.0191758
-0.854677,1.20938,0.0291957,4.54747e-08,0.0291957
-0.858013,1.20919,0.0219784,1.81314e-08,0.0219784
-0.861707,1.20892,0.0320033,6.19215e-08,0.0320033
-0.865345,1.20863,0.0420496,1.58114e-07,0.0420496
-0.868968,1.20831,0.0521257,3.43443e-07,0.0521257
-0.873249,1.20803,0.0277061,3.90993e-08,0.0277061
-0.877425,1.20765,0.0215025,1.62115e-08,0.0215025
-0.881746,1.20719,0.0193321,1.11455e-08,0.0193321
-0.885455,1.20673,0.0293526,4.42295e-08,0.0293526
-0.88947,1.20623,0.0220275,1.76029e-08,0.0220275
-0.893188,1.20569,0.0320526,6.36458e-08,0.0320526
-0.896843,1.20518,0.0228482,2.10813e-08,0.0228482
-0.900786,1.20456,0.0198306,1.35225e-08,0.0198306
-0.904446,1.20389,0.0298514,5.42536e-08,0.0298514
-0.908138,1.20317,0.0398928,1.62664e-07,0.0398927
-0.910545,1.20279,0.024979,3.39227e-08,0.024979
-0.914482,1.202,0.0205874,1.86021e-08,0.0205874
-0.918636,1.2011,0.0189837,1.50818e-08,0.0189837
-0.922282,1.20023,0.0290032,6.51655e-08,0.0290032
-0.926283,1.1993,0.0219177,2.69563e-08,0.0219177
-0.929872,1.19835,0.0319424,9.73243e-08,0.0319423
-0.933581,1.1974,0.0228157,3.28135e-08,0.0228157
-0.937169,1.19637,0.0328424,1.06318e-07,0.0328423
-0.939844,1.19564,0.0230793,3.40554e-08,0.0230793
-0.944367,1.19426,0.0199145,2.13339e-08,0.0199145
-0.947943,1.19307,0.0299357,7.79233e-08,0.0299357
-0.951498,1.19183,0.039977,2.1464e-07,0.0399769
-0.955011,1.19054,0.0500463,4.8311e-07,0.0500459
-0.957777,1.18971,0.0272862,6.39508e-08,0.0272861
-0.961369,1.18838,0.0213649,2.76378e-08,0.0213649
-0.96485,1.18695,0.031389,9.77364e-08,0.031389
-0.96829,1.18549,0.0414344,2.63392e-07,0.0414342
-0.971522,1.18423,0.0253592,5.10484e-08,0.0253591
-0.975182,1.18263,0.0207186,2.64367e-08,0.0207185
-0.97932,1.18071,0.0190341,2.03054e-08,0.0190341
-0.982667,1.17904,0.0290537,8.13321e-08,0.0290537
-0.986754,1.17703,0.0219336,3.25565e-08,0.0219336
-0.990037,1.17527,0.0319584,1.13488e-07,0.0319583
-0.993274,1.17348,0.0420048,3.03606e-07,0.0420046
-0.996331,1.1719,0.0254969,5.49538e-08,0.0254969
-1.0002,1.16969,0.0207677,3.11681e-08,0.0207677
-1.0028,1.16809,0.0307863,9.18318e-08,0.0307863
-1.00552,1.16647,0.0224694,3.34461e-08,0.0224694
-1.00909,1.16421,0.0196918,2.19731e-08,0.0196918
-1.01217,1.16212,0.0297124,8.97829e-08,0.0297124
-1.01561,1.15984,0.0221398,3.48754e-08,0.0221398
-1.01863,1.15766,0.0321651,1.26787e-07,0.0321651
-1.02156,1.15547,0.0422117,3.4107e-07,0.0422117
-1.02416,1.15369,0.0255465,6.04031e-08,0.0255465
-1.0274,1.15124,0.0207827,2.95675e-08,0.0207827
-1.03003,1.14904,0.0308057,1.0635e-07,0.0308057
-1.03275,1.14682,0.0224754,1.48699e-08,0.0224754
-1.03604,1.14388,0.019694,4.87017e-09,0.019694
-1.03857,1.14078,0.0297148,2.68629e-08,0.0297147
-1.04162,1.13848,0.0221406,1.05555e-08,0.0221406
-1.04416,1.13547,0.0321659,4.68239e-08,0.0321659
-1.04668,1.13243,0.0422126,1.27802e-07,0.0422125
-1.04993,1.13037,0.0255467,2.08553e-08,0.0255467
-1.05316,1.12734,0.0207827,9.97007e-09,0.0207827
-1.05576,1.12443,0.0308057,3.17895e-08,0.0308057
-1.0581,1.12216,0.0224754,1.09842e-08,0.0224754
-1.06072,1.11923,0.0325014,2.92227e-08,0.0325014
-1.06293,1.11679,0.0229801,9.48158e-09,0.0229801
-1.06548,1.11389,0.0330071,2.24368e-08,0.0330071
-1.06789,1.11085,0.023127,7.17874e-09,0.023127
-1.07042,1.10789,0.0331542,1.66529e-08,0.0331542
-1.07304,1.10489,0.043204,3.20656e-08,0.0432039
-1.07547,1.10108,0.0257815,6.83792e-09,0.0257815
-1.07791,1.098,0.0358148,1.53368e-08,0.0358148
-1.0795,1.09537,0.0239144,4.46649e-09,0.0239144
-1.08178,1.09183,0.0202142,2.5399e-09,0.0202141
-1.08402,1.08869,0.030236,8.2147e-09,0.030236
-1.08595,1.08535,0.0223048,4.33245e-09,0.0223048
-1.08754,1.08299,0.0323231,8.78872e-09,0.0323231
-1.08911,1.07995,0.0229276,3.28543e-09,0.0229276
-1.09144,1.07568,0.0198593,2.19644e-09,0.0198593
-1.09344,1.07234,0.02988,7.81146e-09,0.02988
-1.09499,1.06908,0.0221918,3.30548e-09,0.0221918
-1.09748,1.06473,0.0322277,1.55304e-08,0.0322277
-1.09816,1.06276,0.0228967,4.06861e-09,0.0228966
-1.09998,1.05873,0.0198481,2.63389e-09,0.0198481
-1.10172,1.05531,0.0298688,8.62495e-09,0.0298687
-1.10401,1.05088,0.0399254,2.70934e-08,0.0399254
-1.10464,1.04839,0.0249834,5.18e-09,0.0249834
-1.10618,1.04433,0.0205889,2.79515e-09,0.0205889
-1.10758,1.04093,0.0306113,8.72275e-09,0.0306113
-1.1089,1.03706,0.0224163,3.63322e-09,0.0224163
-1.10983,1.03342,0.0324419,1.22197e-08,0.0324419
-1.11091,1.02922,0.0424896,2.5473e-08,0.0424896
-1.11203,1.02701,0.0256128,5.20774e-09,0.0256128
-1.113,1.0231,0.0356455,1.61265e-08,0.0356455
-1.11403,1.02031,0.0238683,4.25025e-09,0.0238683
-1.11495,1.01649,0.0338973,1.66418e-08,0.0338973
-1.11598,1.01329,0.0233818,4.89123e-09,0.0233818
-1.11707,1.00918,0.0200238,3.2696e-09,0.0200238
-1.11791,1.00542,0.0300452,1.43985e-08,0.0300452
-1.1189,1.00137,0.0222429,5.61664e-09,0.0222429
-1.11968,0.997546,0.0322685,1.90669e-08,0.0322685
-1.12047,0.993818,0.0229117,6.27319e-09,0.0229117
-1.12113,0.990104,0.0329385,2.08686e-08,0.0329385
-1.12176,0.986433,0.0429877,4.38103e-08,0.0429877
-1.12241,0.982534,0.053074,7.92113e-08,0.0530739
-1.12291,0.980061,0.0278915,9.79883e-09,0.0278915
-1.12343,0.976443,0.0379296,2.17759e-08,0.0379296
-1.12394,0.972753,0.0244778,5.44149e-09,0.0244778
-1.12437,0.969074,0.0345082,1.39203e-08,0.0345082
-1.12475,0.965678,0.0235539,4.1775e-09,0.0235539
-1.12511,0.961958,0.0335822,1.32845e-08,0.0335822
-1.12545,0.958215,0.0436334,3.48156e-08,0.0436334
-1.12579,0.953758,0.0537357,7.28788e-08,0.0537356
-1.12606,0.950336,0.0280173,7.76867e-09,0.0280173
-1.12624,0.946578,0.0380561,1.94122e-08,0.038056
-1.12643,0.942151,0.0245105,4.78997e-09,0.0245105
-1.12649,0.938393,0.0345412,1.32247e-08,0.0345411
-1.12654,0.933693,0.0235631,4.0097e-09,0.0235631
-1.12651,0.92952,0.0200888,2.43691e-09,0.0200888
-1.12643,0.925748,0.0301105,8.57017e-09,0.0301105
-1.12628,0.921665,0.0222629,3.48341e-09,0.0222629
-1.12608,0.917911,0.0322884,1.03725e-08,0.0322884
-1.12584,0.913966,0.0229177,3.71035e-09,0.0229177
-1.12552,0.909923,0.0198558,2.40026e-09,0.0198558
-1.12514,0.90614,0.0298769,7.94309e-09,0.0298769
-1.12486,0.903253,0.0221908,3.3622e-09,0.0221908
-1.12439,0.899476,0.0322162,9.3727e-09,0.0322162
-1.12388,0.895341,0.0228964,3.47253e-09,0.0228964
-1.1233,0.891617,0.0329232,8.69564e-09,0.0329231
-1.12288,0.888657,0.0231028,3.26234e-09,0.0231028
-1.12213,0.884311,0.019923,2.0876e-09,0.019923
-1.1214,0.880586,0.0299441,6.03233e-09,0.0299441
-1.12063,0.876883,0.0399852,1.02144e-08,0.0399852
-1.12008,0.87389,0.0250023,3.30936e-09,0.0250023
-1.11914,0.869583,0.0205956,1.9203e-09,0.0205956
-1.11822,0.865846,0.0306184,4.90833e-09,0.0306184
-1.11744,0.862549,0.0224183,2.24898e-09,0.0224183
-1.11645,0.858906,0.0324441,4.66598e-09,0.0324441
-1.11541,0.855303,0.0424918,7.35628e-09,0.0424918
-1.11441,0.851311,0.0256133,2.80035e-09,0.0256133
-1.11327,0.84773,0.0356461,4.39e-09,0.0356461
-1.1125,0.845033,0.0238685,2.11091e-09,0.0238685
-1.11104,0.840631,0.0201978,1.46757e-09,0.0201978
-1.1097,0.836967,0.0302204,3.70151e-09,0.0302204
-1.10838,0.833513,0.0402614,2.60175e-09,0.0402613
-1.10736,0.830583,0.0250711,2.01622e-09,0.0250711
-1.10586,0.826794,0.0206193,1.33166e-09,0.0206193
-1.10435,0.823312,0.0306419,2.4502e-09,0.0306419
-1.10285,0.819748,0.0224256,1.5158e-09,0.0224256
-1.10125,0.816276,0.0324515,1.98755e-09,0.0324515
-1.09966,0.812712,0.0229655,1.44492e-09,0.0229655
-1.09796,0.809271,0.0329925,1.33698e-09,0.0329925
-1.09625,0.805864,0.0430416,-5.17678e-09,0.0430416
-1.09503,0.803197,0.0257433,8.9273e-10,0.0257433
-1.09315,0.799523,0.0208498,7.56703e-10,0.0208498
-1.09133,0.796161,0.030873,8.09152e-10,0.030873
-1.08977,0.793196,0.0224957,9.60105e-10,0.0224957
-1.08769,0.789426,0.0197016,9.41743e-10,0.0197016
-1.08579,0.786147,0.0297224,1.76255e-09,0.0297224
-1.08372,0.782522,0.0221429,1.39546e-09,0.0221429
-1.08174,0.779278,0.0321681,1.47743e-09,0.0321681
-1.07966,0.775716,0.0228823,1.42787e-09,0.0228823
-1.07763,0.772529,0.032909,8.35477e-10,0.032909
-1.07559,0.769357,0.0429581,-7.70826e-09,0.042958
-1.0741,0.766808,0.0257237,9.16153e-10,0.0257237
-1.07175,0.763138,0.0208431,8.78573e-10,0.0208431
-1.06962,0.759975,0.0308661,8.98602e-10,0.0308661
-1.06747,0.756834,0.0409099,-4.17148e-09,0.0409099
-1.06593,0.754409,0.0252312,9.42772e-10,0.0252312
-1.06355,0.750909,0.0206747,9.49786e-10,0.0206747
-1.06138,0.747862,0.0306973,1.70098e-09,0.0306973
-1.05901,0.744463,0.0224424,1.40398e-09,0.0224424
-1.05678,0.741413,0.0324683,2.53083e-09,0.0324683
-1.05455,0.738419,0.042516,-2.8283e-10,0.0425159
-1.05262,0.735668,0.025619,1.82959e-09,0.025619
-1.05034,0.732679,0.0356522,2.17747e-09,0.0356522
-1.04828,0.729883,0.0238701,1.75604e-09,0.0238701
-1.04598,0.726965,0.033899,3.19436e-09,0.033899
-1.04306,0.723144,0.0233823,1.96213e-09,0.0233823
-1.04072,0.720237,0.0334102,4.2156e-09,0.0334102
-1.03851,0.717415,0.023243,2.32733e-09,0.023243
-1.03612,0.714537,0.0332706,5.48742e-09,0.0332706
-1.0341,0.71201,0.023203,2.73233e-09,0.023203
-1.03149,0.708854,0.0199592,2.11536e-09,0.0199592
-1.02902,0.705973,0.0299807,6.28752e-09,0.0299806
-1.02694,0.703467,0.0222229,3.27163e-09,0.0222229
-1.02413,0.70017,0.0196009,2.51803e-09,0.0196009
-1.02164,0.697343,0.0296214,7.00166e-09,0.0296213
-1.01943,0.694772,0.0221115,3.49874e-09,0.0221115
-1.01691,0.691951,0.0321366,8.2334e-09,0.0321365
-1.01444,0.689118,0.0228739,3.9648e-09,0.0228739
-1.01144,0.685747,0.0198393,2.49483e-09,0.0198392
-1.00873,0.682802,0.0298617,7.95295e-09,0.0298617
-1.00631,0.680205,0.0399003,1.32958e-08,0.0399002
-1.00428,0.67787,0.0249811,4.50701e-09,0.024981
-1.00173,0.675145,0.0350119,9.52278e-09,0.0350118
-0.998639,0.671739,0.023694,3.68327e-09,0.023694
-0.995487,0.668338,0.0201357,2.45365e-09,0.0201357
-0.992872,0.665586,0.0301574,7.63541e-09,0.0301573
-0.990456,0.662978,0.0222774,3.57257e-09,0.0222774
-0.98785,0.660268,0.0323027,1.00834e-08,0.0323027
-0.985765,0.658019,0.0229219,4.09413e-09,0.0229219
-0.983136,0.655303,0.0329487,1.13751e-08,0.0329487
-0.980512,0.652613,0.0429978,2.32016e-08,0.0429977
-0.978203,0.650106,0.025733,5.60194e-09,0.025733
-0.97557,0.647416,0.0357662,1.40211e-08,0.0357662
-0.972955,0.644757,0.0458238,2.7324e-08,0.0458237
-0.970428,0.642032,0.0263804,5.62922e-09,0.0263804
-0.966905,0.638362,0.0210649,2.8778e-09,0.0210649
-0.964251,0.635656,0.0310886,9.92773e-09,0.0310885
-0.961602,0.632982,0.041133,2.39177e-08,0.041133
-0.958963,0.630327,0.0512064,4.6089e-08,0.0512062
-0.95587,0.626951,0.0275222,7.26377e-09,0.0275221
-0.953249,0.624287,0.0375597,1.91284e-08,0.0375597
-0.950743,0.621609,0.024381,5.0405e-09,0.0243809
-0.948125,0.618925,0.0344112,1.53735e-08,0.0344112
-0.946023,0.616659,0.0235267,4.89236e-09,0.0235267
-0.943125,0.613586,0.0200758,3.15158e-09,0.0200758
-0.940215,0.610482,0.0187853,2.8537e-09,0.0187853
-0.937598,0.607733,0.0288045,1.17775e-08,0.0288045
-0.935491,0.605438,0.0218549,5.33983e-09,0.0218549
-0.932923,0.602713,0.0318793,1.76738e-08,0.0318793
-0.930677,0.600236,0.0227971,6.40224e-09,0.0227971
-0.928141,0.597494,0.0328234,1.9684e-08,0.0328234
-0.925607,0.594747,0.0428721,4.58642e-08,0.0428721
-0.923379,0.592204,0.0257034,8.7237e-09,0.0257034
-0.920586,0.589059,0.0208362,4.35517e-09,0.0208362
-0.918065,0.586229,0.0308593,1.60746e-08,0.0308593
-0.915299,0.583036,0.0224916,5.86397e-09,0.0224916
-0.91284,0.580203,0.0325176,2.07654e-08,0.0325176
-0.910529,0.57747,0.0229848,6.86473e-09,0.0229848
-0.907501,0.573851,0.0198802,4.45564e-09,0.0198802
-0.905102,0.570983,0.0299013,1.84324e-08,0.0299013
-0.903027,0.568439,0.0221984,7.21803e-09,0.0221984
-0.90036,0.565128,0.0195919,5.03665e-09,0.0195919
-0.89802,0.562219,0.0296123,1.98621e-08,0.0296123
-0.895688,0.559329,0.0396524,5.26495e-08,0.0396524
-0.893777,0.556815,0.0249189,1.12769e-08,0.0249188
-0.891266,0.553515,0.0205666,5.91522e-09,0.0205666
-0.889009,0.550546,0.030589,2.10367e-08,0.030589
-0.886971,0.547766,0.0224095,7.79534e-09,0.0224095
-0.884766,0.544771,0.0324352,2.62561e-08,0.0324352
-0.882596,0.541784,0.042483,6.63348e-08,0.042483
-0.879955,0.538032,0.0256112,1.20402e-08,0.0256112
-0.877845,0.534998,0.035644,3.59777e-08,0.035644
-0.875318,0.531282,0.0238679,9.25354e-09,0.0238679
-0.873241,0.528177,0.033897,3.02202e-08,0.033897
-0.871433,0.525428,0.0233817,8.67268e-09,0.0233817
-0.869244,0.522022,0.0200237,5.17661e-09,0.0200237
-0.867248,0.51886,0.0300452,2.04437e-08,0.0300452
-0.865004,0.515252,0.0222428,7.65601e-09,0.0222428
-0.863064,0.512052,0.0322682,2.65954e-08,0.0322682
-0.861529,0.509511,0.0229118,8.63776e-09,0.0229118
-0.859628,0.506289,0.0329385,2.89107e-08,0.0329385
-0.857441,0.502517,0.0231072,8.9616e-09,0.0231072
-0.855283,0.498703,0.0199246,5.45249e-09,0.0199246
-0.853472,0.495411,0.0299457,2.07869e-08,0.0299458
-0.851972,0.492665,0.0222121,7.87565e-09,0.0222121
-0.850186,0.489294,0.0322378,2.44225e-08,0.0322378
-0.848572,0.486232,0.0229027,7.6584e-09,0.0229027
-0.846845,0.482852,0.0329294,2.28794e-08,0.0329294
-0.844977,0.479159,0.0231045,7.25308e-09,0.0231045
-0.842892,0.47491,0.0199236,4.34892e-09,0.0199236
-0.841204,0.47137,0.0299454,1.67678e-08,0.0299454
-0.839506,0.467754,0.0222118,6.3996e-09,0.0222118
-0.837925,0.464158,0.032237,1.46496e-08,0.032237
-0.836328,0.460614,0.0229026,4.5087e-09,0.0229026
-0.834757,0.456845,0.0329297,9.45309e-09,0.0329297
-0.83282,0.45227,0.0231081,4.41139e-09,0.0231081
-0.831759,0.449595,0.0331271,6.37519e-09,0.0331271
-0.830213,0.445726,0.0231615,2.61613e-09,0.0231615
-0.828454,0.441073,0.0199441,1.64441e-09,0.0199441
-0.827049,0.437147,0.029965,4.0438e-09,0.029965
-0.8256,0.433134,0.0222181,2.03855e-09,0.0222181
-0.824255,0.429141,0.0322433,3.73799e-09,0.0322433
-0.822658,0.424476,0.0229044,1.96364e-09,0.0229044
-0.821371,0.420435,0.0329312,3.49467e-09,0.0329312
-0.82012,0.416403,0.0429803,4.8268e-09,0.0429803
-0.818707,0.411814,0.0530746,2.77237e-09,0.0530747
-0.817695,0.408401,0.0631769,2.2485e-09,0.0631771
-0.816686,0.405439,0.0297011,2.1211e-09,0.0297011
-0.815321,0.400703,0.0221365,9.69915e-10,0.0221365
-0.814207,0.396497,0.0321625,5.24758e-09,0.0321625
-0.812848,0.391418,0.0228807,2.03922e-09,0.0228807
-0.811791,0.387223,0.0329077,1.2581e-08,0.0329077
-0.810838,0.383333,0.0230983,4.49355e-09,0.0230983
-0.809865,0.379056,0.0331259,1.59496e-08,0.0331259
-0.808957,0.375141,0.0231612,4.61826e-09,0.0231612
-0.808035,0.370778,0.0331886,1.42833e-08,0.0331886
-0.806877,0.365352,0.0231793,4.53915e-09,0.0231793
-0.806025,0.360889,0.0332068,1.25734e-08,0.0332068
-0.805104,0.356287,0.0231846,4.15673e-09,0.0231846
-0.804226,0.351488,0.0199526,2.55473e-09,0.0199526
-0.803284,0.34596,0.0187372,2.19137e-09,0.0187372
-0.802567,0.341372,0.0287562,8.69739e-09,0.0287562
-0.801719,0.336053,0.0218395,3.80486e-09,0.0218395
-0.801077,0.331322,0.0318639,1.164e-08,0.0318639
-0.800469,0.326579,0.0419099,2.18423e-08,0.0419099
-0.799845,0.322861,0.0254742,5.03186e-09,0.0254742
-0.799144,0.317594,0.0207579,2.56378e-09,0.0207579
-0.798597,0.312773,0.0307808,6.98485e-09,0.0307808
-0.79808,0.308677,0.0224678,2.91609e-09,0.0224678
-0.797456,0.303072,0.0196913,1.9981e-09,0.0196913
-0.796993,0.29818,0.029712,6.69419e-09,0.029712
-0.796458,0.292907,0.0221397,2.96973e-09,0.0221397
-0.796059,0.287982,0.0321648,9.59285e-09,0.0321648
-0.795644,0.283212,0.0228813,3.60107e-09,0.0228813
-0.795177,0.276478,0.0198452,3.48519e-09,0.0198452
-0.794975,0.272806,0.0298607,9.89495e-09,0.0298607
-0.794736,0.267949,0.0398992,3.10073e-08,0.0398992
-0.794453,0.26241,0.0249807,6.9173e-09,0.0249807
-0.794307,0.257473,0.0350115,2.55752e-08,0.0350115
-0.7942,0.252602,0.045066,6.84338e-08,0.045066
-0.794075,0.248462,0.0262104,1.06383e-08,0.0262104
-0.794064,0.243594,0.0362443,3.67109e-08,0.0362443
-0.794048,0.238186,0.0240309,9.26978e-09,0.0240309
-0.794101,0.233304,0.0202555,5.68272e-09,0.0202555
-0.794233,0.227801,0.0188553,5.10233e-09,0.0188553
-0.794406,0.222865,0.0288747,2.41828e-08,0.0288747
-0.794614,0.217613,0.021877,1.03289e-08,0.021877
-0.794874,0.212699,0.0319016,3.76796e-08,0.0319016
-0.795137,0.207959,0.0228036,1.29113e-08,0.0228036
-0.795544,0.202118,0.0198143,8.34004e-09,0.0198143
-0.795945,0.197195,0.0298352,3.19948e-08,0.0298352
-0.796363,0.192215,0.0221779,1.25856e-08,0.0221779
-0.796848,0.187327,0.0322031,4.23436e-08,0.0322031
-0.7973,0.182805,0.0228964,1.73965e-08,0.0228964
-0.797842,0.178068,0.0198456,7.70799e-09,0.0198456
-0.798459,0.173195,0.0298654,2.99881e-08,0.0298654
-0.799116,0.168042,0.0221872,1.21202e-08,0.0221872
-0.799809,0.163204,0.0322119,4.27859e-08,0.0322119
-0.800401,0.158984,0.0228952,1.42809e-08,0.0228952
-0.80129,0.153278,0.0198476,9.06856e-09,0.0198476
-0.8021,0.148453,0.0298687,3.4525e-08,0.0298687
-0.803087,0.142729,0.0221892,1.43286e-08,0.0221892
-0.803912,0.138296,0.0322122,4.30994e-08,0.0322122
-0.804829,0.133516,0.0422583,1.10135e-07,0.0422583
-0.805549,0.12976,0.0255577,2.13717e-08,0.0255577
-0.806764,0.123992,0.0207865,1.08821e-08,0.0207865
-0.80783,0.119189,0.0308093,3.78098e-08,0.0308093
-0.809041,0.113904,0.0224765,1.40584e-08,0.0224765
-0.810199,0.109101,0.0325026,4.63006e-08,0.0325025
-0.811379,0.104324,0.0229803,1.54914e-08,0.0229803
-0.812613,0.099545,0.0330075,4.97728e-08,0.0330075
-0.81369,0.0954247,0.0231271,1.59296e-08,0.023127
-0.815065,0.0904091,0.0199318,9.89112e-09,0.0199318
-0.816766,0.0844548,0.018729,8.11794e-09,0.018729
-0.818159,0.0797258,0.028748,3.05314e-08,0.028748
-0.819558,0.075053,0.0387859,8.09105e-08,0.0387858
-0.821267,0.0694973,0.0247055,2.54203e-08,0.0247055
-0.822041,0.0670644,0.0347209,4.37771e-08,0.0347208
-0.823541,0.0624132,0.0447694,1.11614e-07,0.0447693
-0.825068,0.0577882,0.05485,2.26899e-07,0.0548498
-0.826591,0.0532095,0.0649706,4.14501e-07,0.0649701
-0.828724,0.0467915,0.029992,3.14893e-08,0.0299919
-0.830527,0.0416619,0.0222265,1.19993e-08,0.0222265
-0.832266,0.0370327,0.0322525,3.9384e-08,0.0322524
-0.833695,0.0331495,0.0229071,1.33686e-08,0.0229071
-0.8355,0.0284639,0.019852,8.61576e-09,0.019852
-0.83733,0.0238683,0.0298731,3.10003e-08,0.0298731
-0.839348,0.0188333,0.0221897,1.24132e-08,0.0221897
-0.841237,0.0142643,0.032215,3.94264e-08,0.0322149
-0.843451,0.00897229,0.0228961,1.35158e-08,0.0228961
-0.845411,0.00442558,0.032923,4.05805e-08,0.0329229
-0.847372,-6.96221e-05,0.0429721,9.43342e-08,0.042972
-0.849352,-0.00453046,0.0530515,1.88022e-07,0.0530512
-0.851185,-0.00870835,0.0278883,2.34638e-08,0.0278883
-0.853657,-0.0140854,0.0215616,1.00237e-08,0.0215616
-0.855786,-0.0185781,0.0315862,3.18892e-08,0.0315862
-0.857586,-0.0223964,0.0227101,1.15637e-08,0.02271
-0.860249,-0.0278997,0.0197801,7.57643e-09,0.0197801
-0.86246,-0.0323544,0.0298012,2.7983e-08,0.0298011
-0.864944,-0.0373898,0.0221673,1.13865e-08,0.0221673
-0.867179,-0.041789,0.0321926,3.63922e-08,0.0321925
-0.869088,-0.0455893,0.02289,1.30775e-08,0.02289
-0.87127,-0.0498033,0.0329157,3.75952e-08,0.0329157
-0.873539,-0.0541466,0.0429644,8.77206e-08,0.0429643
-0.87628,-0.0594844,0.0257252,1.7481e-08,0.0257251
-0.878592,-0.0638205,0.0357583,4.6509e-08,0.0357582
-0.88021,-0.0669132,0.023899,1.31766e-08,0.023899
-0.882563,-0.0712552,0.0339282,3.64264e-08,0.0339282
-0.884918,-0.0755673,0.0439806,8.37523e-08,0.0439804
-0.887027,-0.0794986,0.0259621,1.60426e-08,0.0259621
-0.889451,-0.0838486,0.0359962,4.20591e-08,0.0359962
-0.892519,-0.0894311,0.0239637,1.20679e-08,0.0239637
-0.894945,-0.0937476,0.0339931,3.53242e-08,0.0339931
-0.897374,-0.0980458,0.0440456,7.63663e-08,0.0440455
-0.899633,-0.102159,0.0259801,1.65932e-08,0.0259801
-0.901588,-0.105657,0.0209282,6.72029e-09,0.0209282
-0.904405,-0.110657,0.0191142,4.97654e-09,0.0191142
-0.906824,-0.114927,0.0291335,1.57211e-08,0.0291334
-0.909469,-0.1196,0.0219588,6.86946e-09,0.0219587
-0.912186,-0.124386,0.0195029,4.735e-09,0.0195029
-0.914641,-0.128694,0.0295231,1.40959e-08,0.0295231
-0.916681,-0.132279,0.0220809,6.03277e-09,0.0220809
-0.919117,-0.136557,0.0321058,1.51511e-08,0.0321057
-0.921445,-0.14063,0.0228639,5.59874e-09,0.0228639
-0.924553,-0.146067,0.0198362,3.4974e-09,0.0198362
-0.926987,-0.150346,0.0298572,1.00527e-08,0.0298572
-0.929312,-0.154396,0.0221857,4.63464e-09,0.0221856
-0.931535,-0.158307,0.0322087,1.04754e-08,0.0322087
-0.934283,-0.163082,0.0228942,4.08469e-09,0.0228942
-0.936708,-0.167338,0.0329207,1.18142e-08,0.0329207
-0.939115,-0.171579,0.0429695,2.26709e-08,0.0429694
-0.94116,-0.1751,0.0257263,5.37057e-09,0.0257263
-0.943667,-0.179468,0.0208441,2.91631e-09,0.0208441
-0.946088,-0.183733,0.030867,8.33685e-09,0.030867
-0.948654,-0.188195,0.0224939,3.47727e-09,0.0224939
-0.951094,-0.192504,0.03252,9.05014e-09,0.03252
-0.953499,-0.196775,0.0425678,1.60338e-08,0.0425678
-0.95568,-0.200509,0.0256314,4.3071e-09,0.0256314
-0.958101,-0.204797,0.035664,8.84743e-09,0.035664
-0.961055,-0.209924,0.0238734,3.11544e-09,0.0238734
-0.963725,-0.214598,0.0201995,1.96339e-09,0.0201995
-0.966508,-0.219491,0.0188336,1.7285e-09,0.0188336
-0.968935,-0.223796,0.0288527,6.00535e-09,0.0288527
-0.971018,-0.227453,0.0218703,2.92835e-09,0.0218703
-0.973874,-0.232499,0.0194698,2.15157e-09,0.0194698
-0.976284,-0.236816,0.0294898,6.9623e-09,0.0294898
-0.978945,-0.241515,0.0220705,3.13805e-09,0.0220705
-0.981336,-0.245825,0.0320953,8.06168e-09,0.0320953
-0.983292,-0.249292,0.0228609,3.31839e-09,0.0228609
-0.985669,-0.253614,0.0328877,7.65656e-09,0.0328877
-0.987767,-0.257382,0.0230924,3.05745e-09,0.0230924
-0.99037,-0.262119,0.0199193,2.02878e-09,0.0199193
-0.99266,-0.266369,0.0299404,5.47152e-09,0.0299404
-0.994759,-0.270206,0.0222105,2.63135e-09,0.0222105
-0.99697,-0.274387,0.0322357,5.19488e-09,0.0322357
-0.9996,-0.279163,0.0229022,2.6656e-09,0.0229022
-1.00179,-0.283316,0.032929,2.52656e-09,0.0329289
-1.00371,-0.286782,0.0231044,2.08038e-09,0.0231044
-1.00616,-0.2913,0.0199236,1.46703e-09,0.0199236
-1.0083,-0.295405,0.0299448,-6.44925e-11,0.0299448
-1.0101,-0.298657,0.0222119,1.09057e-09,0.0222119
-1.01219,-0.302668,0.0322371,-4.88684e-09,0.0322371
-1.01414,-0.306199,0.0229026,8.18013e-11,0.0229026
-1.01683,-0.311179,0.0198503,4.27242e-10,0.0198503
-1.0189,-0.31515,0.0298713,-5.41333e-09,0.0298713
-1.02096,-0.318911,0.0221891,-6.32891e-10,0.0221891
-1.02304,-0.322893,0.0322146,-9.67436e-09,0.0322145
-1.02508,-0.326623,0.0228959,-1.4739e-09,0.0228959
-1.02713,-0.330563,0.0329228,-1.08073e-08,0.0329228
-1.02942,-0.33475,0.0231026,-1.73425e-09,0.0231026
-1.03138,-0.338583,0.0331298,-1.09645e-08,0.0331298
-1.0333,-0.34239,0.0431795,-4.61607e-08,0.0431795
-1.03565,-0.346533,0.0257757,-2.78512e-09,0.0257757
-1.03757,-0.350311,0.035809,-2.23393e-08,0.035809
-1.03931,-0.353433,0.0239129,-2.30447e-09,0.0239129
-1.04134,-0.357246,0.0202136,-6.72706e-10,0.0202136
-1.04325,-0.36098,0.0302356,-9.68755e-09,0.0302355
-1.04531,-0.364806,0.0223014,-1.95501e-09,0.0223014
-1.04719,-0.368493,0.0323269,-1.19716e-08,0.0323269
-1.04895,-0.371758,0.022929,-2.28341e-09,0.022929
-1.0511,-0.375856,0.0198599,-8.06925e-10,0.0198599
-1.05301,-0.379569,0.0298811,-3.49158e-09,0.0298811
-1.05531,-0.383937,0.0221921,-4.06686e-10,0.0221921
-1.0572,-0.387633,0.0322173,-1.52399e-09,0.0322173
-1.05909,-0.391334,0.0422643,-6.29877e-09,0.0422643
-1.06072,-0.39436,0.0255591,7.71358e-11,0.0255591
-1.06296,-0.398653,0.020787,5.00223e-10,0.0207869
-1.06486,-0.402367,0.0308099,2.50103e-09,0.0308099
-1.06675,-0.40608,0.0408535,7.93373e-09,0.0408535
-1.06862,-0.409776,0.0509257,1.06222e-08,0.0509257
-1.07019,-0.412642,0.0274654,2.73587e-09,0.0274654
-1.07207,-0.416341,0.0375027,6.66107e-09,0.0375026
-1.07453,-0.421063,0.0243664,2.29714e-09,0.0243664
-1.07634,-0.424626,0.0343955,6.02641e-09,0.0343955
-1.07819,-0.428311,0.0444488,1.07501e-08,0.0444488
-1.0798,-0.431345,0.0260698,2.90878e-09,0.0260698
-1.08165,-0.434946,0.0209605,1.66622e-09,0.0209605
-1.08382,-0.439199,0.0191275,1.69633e-09,0.0191275
-1.08553,-0.442601,0.0291455,5.35563e-09,0.0291455
-1.08723,-0.445931,0.0219624,2.58243e-09,0.0219624
-1.08934,-0.450078,0.0195042,2.00096e-09,0.0195042
-1.09121,-0.453827,0.0295244,6.73293e-09,0.0295244
-1.09321,-0.45775,0.0220813,3.06271e-09,0.0220813
-1.09548,-0.462226,0.0195484,2.20466e-09,0.0195484
-1.09734,-0.46597,0.0295687,7.296e-09,0.0295687
-1.09908,-0.469395,0.0220951,3.21907e-09,0.0220951
-1.10095,-0.473142,0.0321201,9.3253e-09,0.0321201
-1.10275,-0.476694,0.0228682,3.48254e-09,0.0228682
-1.10484,-0.480849,0.0198379,2.31738e-09,0.0198378
-1.10683,-0.48487,0.0298612,8.76161e-09,0.0298611
-1.10886,-0.488883,0.0221851,3.34816e-09,0.0221851
-1.11071,-0.492643,0.0322101,9.605e-09,0.0322101
-1.11232,-0.495819,0.0228947,3.5626e-09,0.0228947
-1.11417,-0.499564,0.0329214,9.73978e-09,0.0329214
-1.11586,-0.50292,0.0231022,3.48622e-09,0.0231022
-1.11817,-0.507549,0.0199228,2.26877e-09,0.0199228
-1.12002,-0.511313,0.029944,7.3076e-09,0.029944
-1.12174,-0.514753,0.0222116,3.18394e-09,0.0222116
-1.12357,-0.51849,0.0322369,8.66912e-09,0.0322369
-1.12506,-0.521472,0.0229026,3.36102e-09,0.0229026
-1.12713,-0.525654,0.0198503,2.24525e-09,0.0198503
-1.12896,-0.529399,0.0298713,6.87918e-09,0.0298713
-1.13063,-0.532751,0.0221891,3.10244e-09,0.0221891
-1.13285,-0.537272,0.0195884,2.23371e-09,0.0195884
-1.13466,-0.540995,0.0296089,6.93129e-09,0.0296089
-1.13646,-0.544713,0.039649,1.37963e-08,0.039649
-1.13826,-0.548306,0.0249179,3.97799e-09,0.0249179
-1.14041,-0.552678,0.0205663,2.2813e-09,0.0205663
-1.14232,-0.55665,0.0305909,7.42497e-09,0.0305909
-1.14404,-0.560137,0.0224094,2.94407e-09,0.0224094
-1.14584,-0.563869,0.0324351,7.66816e-09,0.032435
-1.14739,-0.56702,0.0229606,3.05567e-09,0.0229606
-1.14957,-0.571499,0.0198714,2.06399e-09,0.0198714
-1.15136,-0.575232,0.0298925,6.48695e-09,0.0298925
-1.15314,-0.578958,0.0399336,1.30629e-08,0.0399336
-1.15465,-0.582001,0.0249893,3.73673e-09,0.0249893
-1.15643,-0.585735,0.0350206,8.52668e-09,0.0350206
-1.15853,-0.590029,0.0236965,3.01102e-09,0.0236965
-1.16062,-0.594372,0.0201365,1.96316e-09,0.0201365
-1.16241,-0.598132,0.0301582,6.00997e-09,0.0301582
-1.16407,-0.601513,0.0222776,2.76241e-09,0.0222776
-1.16594,-0.605361,0.0323032,1.00663e-08,0.0323031
-1.16787,-0.609464,0.022922,3.61473e-09,0.022922
-1.16968,-0.613348,0.0329488,1.17944e-08,0.0329487
-1.17147,-0.617217,0.0429978,2.555e-08,0.0429977
-1.17304,-0.620389,0.025733,5.19545e-09,0.025733
-1.17501,-0.624554,0.0208463,2.69865e-09,0.0208463
-1.17677,-0.628343,0.0308694,8.80968e-09,0.0308694
-1.17868,-0.632376,0.0224947,3.5766e-09,0.0224947
-1.1804,-0.636127,0.0325206,9.60476e-09,0.0325206
-1.1819,-0.639314,0.0229857,3.696e-09,0.0229857
-1.18361,-0.643082,0.0330127,8.65826e-09,0.0330127
-1.1853,-0.64683,0.0430619,1.33644e-08,0.0430619
-1.18696,-0.650348,0.0257481,3.85723e-09,0.0257481
-1.1888,-0.654397,0.0208514,2.03895e-09,0.0208514
-1.1908,-0.658874,0.019085,1.62901e-09,0.019085
-1.19247,-0.662689,0.0291047,5.82774e-09,0.0291047
-1.19405,-0.666245,0.0219497,2.74377e-09,0.0219497
-1.1957,-0.67008,0.0319744,8.21305e-09,0.0319744
-1.19748,-0.674161,0.0228252,3.16787e-09,0.0228252
-1.19946,-0.678777,0.0198221,2.15941e-09,0.0198221
-1.20108,-0.682645,0.0298431,7.6033e-09,0.0298431
-1.2027,-0.686465,0.0221818,3.67576e-09,0.0221818
-1.2041,-0.689855,0.0322037,9.15581e-09,0.0322037
-1.20564,-0.693552,0.0228927,3.40923e-09,0.0228927
-1.20751,-0.698146,0.0198467,2.28872e-09,0.0198467
-1.2091,-0.70211,0.0298683,8.52614e-09,0.0298683
-1.21054,-0.705676,0.0221879,3.46008e-09,0.0221879
-1.21205,-0.709536,0.032213,1.063e-08,0.0322129
-1.21389,-0.714193,0.0228955,3.80828e-09,0.0228955
-1.21538,-0.718092,0.0329222,1.13503e-08,0.0329222
-1.21672,-0.721563,0.0231025,3.8587e-09,0.0231024
-1.21817,-0.725458,0.0331297,1.14659e-08,0.0331297
-1.21931,-0.728445,0.0231624,3.83431e-09,0.0231624
-1.22099,-0.732989,0.0199446,2.43134e-09,0.0199446
-1.2224,-0.736912,0.0299658,8.73214e-09,0.0299658
-1.22417,-0.741774,0.0222183,3.56856e-09,0.0222183
-1.22555,-0.74572,0.0322437,1.09214e-08,0.0322437
-1.22679,-0.749169,0.0229045,3.87549e-09,0.0229045
-1.22812,-0.753095,0.0329313,1.1065e-08,0.0329313
-1.22933,-0.756522,0.0231051,3.79058e-09,0.0231051
-1.23065,-0.760466,0.0331323,1.0583e-08,0.0331323
-1.23196,-0.764281,0.0231631,3.62674e-09,0.0231631
-1.23324,-0.768212,0.0331907,1.0288e-08,0.0331907
-1.2344,-0.771634,0.02318,3.53021e-09,0.02318
-1.23597,-0.77642,0.0199509,2.24171e-09,0.0199509
-1.23723,-0.780409,0.0299721,7.89771e-09,0.0299721
-1.23847,-0.784385,0.0400132,1.79975e-08,0.0400132
-1.2397,-0.788379,0.0500826,3.14698e-08,0.0500825
-1.24131,-0.793261,0.0272931,5.32384e-09,0.0272931
-1.24251,-0.797234,0.0373299,1.21469e-08,0.0373299
-1.24355,-0.800488,0.0243205,3.3213e-09,0.0243205
-1.24471,-0.804454,0.0343505,8.95459e-09,0.0343505
-1.24596,-0.808521,0.0235097,2.90741e-09,0.0235097
-1.24735,-0.813222,0.0200697,1.87632e-09,0.0200697
-1.2485,-0.81725,0.0300913,6.84804e-09,0.0300913
-1.24946,-0.820518,0.022257,2.90121e-09,0.022257
-1.25059,-0.82455,0.0322825,8.58629e-09,0.0322825
-1.25156,-0.827909,0.0229159,3.22945e-09,0.0229159
-1.25265,-0.831909,0.0329428,8.73069e-09,0.0329427
-1.25413,-0.83717,0.0231084,3.19166e-09,0.0231084
-1.25521,-0.841193,0.0331356,8.36615e-09,0.0331356
-1.25627,-0.845203,0.0431854,1.51439e-08,0.0431854
-1.25723,-0.848622,0.0257771,3.78823e-09,0.0257771
-1.25832,-0.852694,0.0208613,2.02792e-09,0.0208613
-1.2595,-0.857201,0.0190888,1.65858e-09,0.0190888
-1.26051,-0.861209,0.0291084,5.85588e-09,0.0291084
-1.2616,-0.865451,0.0219511,2.83792e-09,0.0219511
-1.26258,-0.869422,0.0319755,7.61489e-09,0.0319755
-1.26344,-0.872803,0.0228255,3.06364e-09,0.0228255
-1.2644,-0.876811,0.032852,7.81484e-09,0.0328519
-1.26543,-0.880945,0.0230821,3.00015e-09,0.0230821
-1.26654,-0.885579,0.0199155,2.00737e-09,0.0199155
-1.26747,-0.889614,0.0299367,6.3875e-09,0.0299367
-1.26828,-0.893004,0.0222094,2.86417e-09,0.0222094
-1.26935,-0.897602,0.0195959,2.06431e-09,0.0195959
-1.27025,-0.901674,0.0296164,6.72232e-09,0.0296164
-1.27119,-0.905806,0.02211,3.00333e-09,0.0221099
-1.27207,-0.909889,0.0321352,8.2266e-09,0.0321352
-1.27293,-0.913916,0.0421817,1.4905e-08,0.0421816
-1.27364,-0.917007,0.0255393,3.8998e-09,0.0255393
-1.27454,-0.921183,0.0207802,2.10722e-09,0.0207802
-1.27554,-0.925918,0.0190577,1.70245e-09,0.0190577
-1.27642,-0.930309,0.0290796,6.81577e-09,0.0290796
-1.27727,-0.934382,0.0219415,2.97547e-09,0.0219415
-1.27821,-0.939112,0.0194961,2.08013e-09,0.0194961
-1.27899,-0.943194,0.0295161,6.5539e-09,0.0295161
-1.27976,-0.947294,0.0395559,1.35592e-08,0.0395559
-1.28048,-0.950886,0.0248952,3.97043e-09,0.0248951
-1.28119,-0.954788,0.0349243,8.57183e-09,0.0349242
-1.28192,-0.958911,0.0449785,1.50799e-08,0.0449785
-1.28281,-0.963501,0.0261905,3.53967e-09,0.0261904
-1.2836,-0.96787,0.0210011,1.84377e-09,0.0210011
-1.28443,-0.972626,0.0191422,1.52384e-09,0.0191422
-1.28511,-0.976766,0.0291621,5.95052e-09,0.0291621
-1.28588,-0.981554,0.0392102,1.60342e-08,0.0392102
-1.28643,-0.984592,0.0248048,3.85678e-09,0.0248048
-1.28714,-0.989026,0.0205269,2.26048e-09,0.0205269
-1.28777,-0.993206,0.0305493,6.35664e-09,0.0305493
-1.28838,-0.997076,0.0223974,2.78388e-09,0.0223974
-1.28897,-1.00124,0.0324231,6.8413e-09,0.032423
-1.28955,-1.00539,0.0424706,1.40775e-08,0.0424706
-1.29021,-1.00958,0.0256082,3.77793e-09,0.0256082
-1.29077,-1.01371,0.0356409,8.26148e-09,0.0356409
-1.29131,-1.01737,0.0238671,2.91419e-09,0.0238671
-1.29188,-1.02148,0.0201973,1.89826e-09,0.0201973
-1.2924,-1.02562,0.0302193,5.92362e-09,0.0302193
-1.29298,-1.02992,0.0222963,2.66151e-09,0.0222963
-1.29347,-1.03404,0.0323219,7.30668e-09,0.0323219
-1.29394,-1.03814,0.0423692,1.3664e-08,0.0423691
-1.29439,-1.04147,0.0255841,3.55062e-09,0.0255841
-1.29485,-1.04559,0.0356168,8.23587e-09,0.0356168
-1.29541,-1.05025,0.0238606,2.72887e-09,0.0238606
-1.29597,-1.05522,0.020195,1.73662e-09,0.020195
-1.29638,-1.05933,0.0302166,5.85786e-09,0.0302166
-1.29677,-1.06343,0.0402585,1.12195e-08,0.0402584
-1.29721,-1.06731,0.0250704,3.38097e-09,0.0250704
-1.29767,-1.07211,0.0206191,2.01309e-09,0.020619
-1.2981,-1.07684,0.0189958,1.69053e-09,0.0189958
-1.29843,-1.08102,0.0290153,4.91692e-09,0.0290153
-1.29881,-1.08524,0.0219215,2.50676e-09,0.0219215
-1.29918,-1.08986,0.019489,1.90283e-09,0.019489
-1.29948,-1.09407,0.0295093,4.89297e-09,0.0295093
-1.29979,-1.09794,0.0220766,2.47777e-09,0.0220765
-1.30006,-1.10209,0.0321014,5.04642e-09,0.0321014
-1.30027,-1.10498,0.0228627,2.41288e-09,0.0228627
-1.30052,-1.1093,0.0198358,1.71477e-09,0.0198358
-1.30074,-1.11344,0.0298568,4.79595e-09,0.0298568
-1.30091,-1.11697,0.0221847,2.37622e-09,0.0221847
-1.30108,-1.1211,0.0322098,6.25532e-09,0.0322098
-1.30121,-1.1249,0.0228946,2.57957e-09,0.0228945
-1.30133,-1.12904,0.0329213,6.74868e-09,0.0329212
-1.30145,-1.1338,0.0231022,2.68094e-09,0.0231022
-1.30154,-1.13889,0.0199228,1.86417e-09,0.0199228
-1.30159,-1.14341,0.0299465,6.87778e-09,0.0299465
-1.30163,-1.14801,0.0222115,2.77539e-09,0.0222115
-1.30163,-1.15221,0.0322367,7.358e-09,0.0322366
-1.30165,-1.1568,0.0229026,2.9664e-09,0.0229025
-1.30162,-1.16169,0.0329357,9.57296e-09,0.0329357
-1.30163,-1.16422,0.0231044,3.01053e-09,0.0231044
-1.30157,-1.16842,0.0331313,7.20336e-09,0.0331313
-1.30156,-1.17195,0.0231628,2.78289e-09,0.0231628
-1.30148,-1.17613,0.0331901,6.62765e-09,0.0331901
-1.30141,-1.18029,0.0432398,1.00449e-08,0.0432398
-1.30138,-1.18447,0.0257898,3.0826e-09,0.0257898
-1.3013,-1.18919,0.0208656,1.72787e-09,0.0208656
-1.30119,-1.19338,0.0308888,5.00314e-09,0.0308888
-1.30109,-1.19794,0.0225005,2.29943e-09,0.0225005
-1.30093,-1.20241,0.0325296,6.95443e-09,0.0325295
-1.30079,-1.20617,0.042574,8.79423e-09,0.0425739
-1.30068,-1.21078,0.0256328,3.34246e-09,0.0256328
-1.30051,-1.21494,0.0356657,5.94751e-09,0.0356657
-1.30039,-1.21853,0.0238738,2.60446e-09,0.0238738
-1.30019,-1.22267,0.0339027,5.11833e-09,0.0339027
-1.30003,-1.22668,0.0233834,2.47879e-09,0.0233833
-1.29979,-1.23153,0.0200243,1.79103e-09,0.0200243
-1.29955,-1.23571,0.0300457,5.05353e-09,0.0300457
-1.29935,-1.23941,0.022243,2.60263e-09,0.022243
-1.29909,-1.2436,0.0322686,6.22048e-09,0.0322685
-1.29886,-1.24765,0.0229118,2.98236e-09,0.0229118
-1.29857,-1.25182,0.0329385,6.32811e-09,0.0329385
-1.29827,-1.256,0.0429878,1.07616e-08,0.0429877
-1.29792,-1.26148,0.0257306,3.7105e-09,0.0257306
-1.2976,-1.26565,0.0357637,7.35177e-09,0.0357637
-1.29733,-1.26946,0.0239006,2.88769e-09,0.0239006
-1.29699,-1.27383,0.0202093,2.02969e-09,0.0202092
-1.29659,-1.27851,0.0188373,1.83625e-09,0.0188373
-1.29622,-1.28267,0.0288565,5.97963e-09,0.0288565
-1.29588,-1.2864,0.0218714,2.99487e-09,0.0218713
-1.29548,-1.29059,0.0318961,8.05113e-09,0.0318961
-1.295,-1.29516,0.0228019,3.19584e-09,0.0228019
-1.29455,-1.29933,0.0328284,8.3287e-09,0.0328284
-1.2942,-1.30254,0.0230753,3.1935e-09,0.0230753
-1.29367,-1.30699,0.019913,2.14487e-09,0.019913
-1.29314,-1.31115,0.0299342,6.73368e-09,0.0299342
-1.29269,-1.31467,0.0222086,3.01512e-09,0.0222086
-1.29203,-1.31955,0.0195957,2.19136e-09,0.0195957
-1.29143,-1.32365,0.029616,6.53746e-09,0.029616
-1.29079,-1.32817,0.0221098,3.04504e-09,0.0221098
-1.29015,-1.33226,0.0321348,6.57733e-09,0.0321347
-1.28947,-1.33636,0.0421814,7.11953e-09,0.0421814
-1.28886,-1.34036,0.0255421,3.87731e-09,0.0255421
-1.28814,-1.34444,0.0207793,1.71754e-09,0.0207792
-1.28737,-1.34854,0.0308013,3.57962e-09,0.0308013
-1.28666,-1.35225,0.022474,1.85248e-09,0.022474
-1.28582,-1.35639,0.0324997,4.2774e-09,0.0324997
-1.28505,-1.36011,0.0229795,1.9649e-09,0.0229795
-1.28413,-1.36424,0.0330065,4.93833e-09,0.0330065
-1.2832,-1.36835,0.0430557,8.33549e-09,0.0430557
-1.28224,-1.37245,0.0531354,1.46647e-08,0.0531354
-1.28125,-1.37654,0.0632535,7.59894e-09,0.0632536
-1.28032,-1.38091,0.0297136,3.00714e-09,0.0297136
-1.27924,-1.38504,0.0397568,5.07352e-09,0.0397569
-1.27824,-1.3891,0.024945,1.76519e-09,0.024945
-1.27694,-1.39392,0.0205757,1.13842e-09,0.0205757
-1.27578,-1.39799,0.0305983,3.74489e-09,0.0305983
-1.2749,-1.40116,0.0224124,1.82117e-09,0.0224124
-1.27371,-1.40517,0.0324382,4.03308e-09,0.0324382
-1.27226,-1.41014,0.0229616,1.92447e-09,0.0229616
-1.27102,-1.41414,0.0329887,3.201e-09,0.0329887
-1.26983,-1.4181,0.0231216,1.72436e-09,0.0231216
-1.26856,-1.42206,0.033149,2.00679e-09,0.033149
-1.26731,-1.42604,0.0231679,1.51119e-09,0.0231679
-1.266,-1.42999,0.0331954,1.05961e-09,0.0331954
-1.26498,-1.4332,0.0231813,1.46937e-09,0.0231813
-1.26353,-1.43747,0.0332118,1.16768e-09,0.0332118
-1.26228,-1.44108,0.0432583,-5.55854e-09,0.0432583
-1.26091,-1.44498,0.0533385,-2.47693e-08,0.0533383
-1.25964,-1.44902,0.0279442,1.49648e-09,0.0279442
-1.25793,-1.45396,0.0215806,1.68462e-09,0.0215806
-1.25662,-1.45756,0.0316032,2.4706e-09,0.0316032
-1.25516,-1.46169,0.022715,1.84172e-09,0.022715
-1.25356,-1.46607,0.0197819,1.63666e-09,0.0197819
-1.25206,-1.47002,0.029803,3.58618e-09,0.029803
-1.25049,-1.47421,0.0221679,2.20931e-09,0.0221679
-1.24898,-1.47807,0.032193,3.54733e-09,0.032193
-1.24744,-1.48191,0.0422398,3.74288e-09,0.0422398
-1.24589,-1.48575,0.0523166,9.27752e-10,0.0523164
-1.24432,-1.48955,0.0624308,-3.45269e-08,0.0624306
-1.24349,-1.49199,0.0295778,2.48754e-09,0.0295778
-1.24168,-1.49641,0.0220982,1.64553e-09,0.0220982
-1.24003,-1.50023,0.032124,2.53541e-09,0.032124
-1.23846,-1.50395,0.0228694,1.83452e-09,0.0228693
-1.23676,-1.50775,0.0328964,2.23533e-09,0.0328964
-1.23536,-1.51101,0.0230949,2.07493e-09,0.0230949
-1.23357,-1.51498,0.0199202,1.70634e-09,0.0199202
-1.23182,-1.51876,0.0299414,1.93779e-09,0.0299413
-1.23003,-1.52253,0.0399826,-3.78169e-09,0.0399825
-1.22781,-1.52742,0.0250016,1.8593e-09,0.0250016
-1.22598,-1.53122,0.0350329,-1.82723e-09,0.0350328
-1.22413,-1.53498,0.0450881,-1.95333e-08,0.0450881
-1.22216,-1.53925,0.0262153,5.90034e-10,0.0262153
-1.22029,-1.54297,0.0362494,-5.2753e-09,0.0362493
-1.21897,-1.54574,0.0240323,8.63347e-10,0.0240323
-1.21707,-1.54945,0.0340619,-7.0144e-10,0.0340618
-1.21516,-1.55314,0.0441146,-1.2384e-08,0.0441145
-1.21323,-1.55699,0.0259971,1.59713e-09,0.0259971
-1.21183,-1.55963,0.0360211,-1.08941e-09,0.036021
-1.20965,-1.56378,0.0239704,9.19351e-10,0.0239704
-1.20766,-1.56744,0.0339988,2.69983e-10,0.0339987
-1.20582,-1.57086,0.0234105,1.27932e-09,0.0234105
-1.2038,-1.57449,0.0334383,1.32029e-09,0.0334383
-1.20161,-1.57845,0.023251,1.61192e-09,0.023251
-1.19911,-1.58285,0.0199766,1.56788e-09,0.0199766
-1.19701,-1.58645,0.029998,3.53937e-09,0.029998
-1.19519,-1.58961,0.0222283,2.3308e-09,0.0222282
-1.19305,-1.59319,0.0322536,3.71607e-09,0.0322536
-1.19086,-1.59682,0.0229075,2.38125e-09,0.0229075
-1.18864,-1.6004,0.0329345,3.34598e-09,0.0329345
-1.18617,-1.60435,0.0231059,2.21358e-09,0.0231059
-1.18391,-1.60787,0.0331331,2.71873e-09,0.0331331
-1.18121,-1.612,0.0231634,2.05867e-09,0.0231634
-1.17887,-1.61549,0.033191,2.19804e-09,0.033191
-1.17703,-1.61824,0.02318,1.94446e-09,0.02318
-1.17444,-1.62199,0.019951,1.58797e-09,0.019951
-1.17203,-1.6254,0.0299722,2.32944e-09,0.0299722
-1.16997,-1.62834,0.0222203,1.88232e-09,0.0222203
-1.16716,-1.63222,0.0196,1.59174e-09,0.0196
-1.16468,-1.63558,0.0296205,2.13543e-09,0.0296205
-1.16218,-1.6389,0.0396606,-4.65162e-09,0.0396606
-1.15952,-1.64256,0.0249209,1.52948e-09,0.0249208
-1.15651,-1.64654,0.0205673,1.39507e-09,0.0205673
-1.15393,-1.64986,0.0305898,5.52085e-10,0.0305897
-1.15169,-1.65279,0.0224097,1.39719e-09,0.0224097
-1.14907,-1.65608,0.0324356,-3.64708e-10,0.0324356
-1.14665,-1.6592,0.0229608,1.29835e-09,0.0229608
-1.14403,-1.66243,0.0329877,-6.13958e-10,0.0329876
-1.14126,-1.66591,0.0231214,1.35513e-09,0.0231214
-1.1386,-1.66913,0.0331487,1.40548e-09,0.0331487
-1.13592,-1.67233,0.0431986,-7.79879e-09,0.0431985
-1.13322,-1.67551,0.0532792,-3.73577e-08,0.053279
-1.13118,-1.67816,0.0279326,1.00965e-09,0.0279326
-1.12856,-1.6813,0.0215759,1.32248e-09,0.0215759
-1.12559,-1.6848,0.0193598,1.4034e-09,0.0193598
-1.12283,-1.68795,0.0293802,3.23173e-09,0.0293801
-1.12018,-1.69103,0.0220362,2.41887e-09,0.0220362
-1.11739,-1.69416,0.0320612,4.02042e-09,0.0320612
-1.11435,-1.69764,0.022852,3.34597e-09,0.022852
-1.11186,-1.70037,0.0328757,3.94212e-09,0.0328757
-1.10887,-1.70373,0.0230889,2.96905e-09,0.0230889
-1.10604,-1.70678,0.0331158,3.54104e-09,0.0331158
-1.10266,-1.7105,0.0231584,2.97789e-09,0.0231584
-1.09983,-1.7135,0.0331857,3.92422e-09,0.0331856
-1.09718,-1.71636,0.0231785,2.85196e-09,0.0231785
-1.09429,-1.71936,0.033206,5.99324e-09,0.033206
-1.09141,-1.72232,0.043256,4.75756e-09,0.0432558
-1.08824,-1.72569,0.0257936,3.89231e-09,0.0257936
-1.08526,-1.7287,0.0358272,6.62845e-09,0.0358272
-1.08268,-1.73137,0.0239178,3.62694e-09,0.0239178
-1.07969,-1.73433,0.033947,7.04779e-09,0.033947
-1.07671,-1.73726,0.0439992,6.75203e-09,0.043999
-1.07442,-1.73959,0.0259665,4.16008e-09,0.0259665
-1.07105,-1.74288,0.0209255,2.78869e-09,0.0209255
-1.06768,-1.74608,0.0309524,8.86962e-09,0.0309524
-1.06489,-1.74878,0.0225187,4.03176e-09,0.0225187
-1.06129,-1.75218,0.0197099,3.19028e-09,0.0197099
-1.0582,-1.75502,0.0297306,9.03252e-09,0.0297306
-1.05509,-1.75784,0.0397712,1.52022e-08,0.0397711
-1.05226,-1.7605,0.0249488,6.20805e-09,0.0249488
-1.04913,-1.76329,0.0349798,1.13945e-08,0.0349797
-1.04595,-1.76621,0.0236852,5.46774e-09,0.0236852
-1.04284,-1.76892,0.0337135,1.00101e-08,0.0337134
-1.0402,-1.77131,0.0233296,5.07695e-09,0.0233296
-1.0369,-1.7742,0.0200052,3.82793e-09,0.0200052
-1.03327,-1.77734,0.0187576,3.24513e-09,0.0187576
-1.03009,-1.78003,0.0287764,8.09828e-09,0.0287763
-1.02699,-1.78268,0.0218459,4.64865e-09,0.0218459
-1.02345,-1.78562,0.0318739,1.15928e-08,0.0318739
-1.0208,-1.78789,0.0227944,5.25181e-09,0.0227944
-1.01759,-1.79051,0.0328207,1.10565e-08,0.0328206
-1.01481,-1.79285,0.023073,5.34164e-09,0.0230729
-1.01157,-1.79546,0.0331001,1.31163e-08,0.0331
-1.00835,-1.79813,0.0231538,5.64994e-09,0.0231538
-1.00464,-1.80112,0.0199415,4.08053e-09,0.0199415
-1.00138,-1.80371,0.0299628,1.29552e-08,0.0299627
-0.998489,-1.80603,0.0222174,6.03251e-09,0.0222174
-0.994725,-1.809,0.0195989,4.43811e-09,0.0195989
-0.991427,-1.81155,0.0296194,1.52881e-08,0.0296193
-0.988136,-1.81408,0.0396596,3.67273e-08,0.0396595
-0.985293,-1.81634,0.0249206,9.92401e-09,0.0249206
-0.981429,-1.81932,0.0205672,5.8987e-09,0.0205672
-0.978114,-1.82182,0.0305897,1.87513e-08,0.0305896
-0.975163,-1.8241,0.0224097,8.08244e-09,0.0224097
-0.97137,-1.827,0.0196699,5.66824e-09,0.0196699
-0.968031,-1.8295,0.0296906,1.78997e-08,0.0296905
-0.964807,-1.83195,0.022133,7.55226e-09,0.022133
-0.961453,-1.83445,0.0321581,2.21339e-08,0.032158
-0.957995,-1.83706,0.0228794,8.09443e-09,0.0228794
-0.954637,-1.83955,0.0329061,2.46255e-08,0.0329061
-0.951296,-1.84202,0.0429552,5.85357e-08,0.042955
-0.948321,-1.84429,0.0257229,1.17487e-08,0.0257229
-0.944631,-1.84703,0.0208429,6.12619e-09,0.0208429
-0.941247,-1.84949,0.0308659,2.20507e-08,0.0308659
-0.938087,-1.85187,0.0224936,8.73284e-09,0.0224936
-0.933753,-1.85508,0.0197008,6.16226e-09,0.0197008
-0.930372,-1.85756,0.0297216,2.16647e-08,0.0297216
-0.926313,-1.86055,0.0221426,8.65371e-09,0.0221426
-0.922929,-1.86303,0.0321678,2.70149e-08,0.0321678
-0.919567,-1.86549,0.0422147,6.97956e-08,0.0422146
-0.916556,-1.8677,0.0255472,1.31687e-08,0.0255472
-0.913091,-1.87024,0.0207829,6.84014e-09,0.0207829
-0.909706,-1.87271,0.0308059,2.39337e-08,0.0308059
-0.906989,-1.87469,0.0224755,8.64562e-09,0.0224754
-0.902892,-1.87765,0.0196941,5.46517e-09,0.0196941
-0.89952,-1.88007,0.0297147,1.95974e-08,0.0297147
-0.89545,-1.88302,0.0221406,7.82297e-09,0.0221406
-0.892046,-1.88542,0.0321655,2.41749e-08,0.0321654
-0.889614,-1.88717,0.0228817,8.43735e-09,0.0228817
-0.885898,-1.8898,0.0198427,5.47213e-09,0.0198427
-0.882485,-1.89215,0.0298635,1.93015e-08,0.0298635
-0.878692,-1.89484,0.0221899,1.05317e-08,0.0221899
-0.874945,-1.89745,0.0195883,6.48008e-09,0.0195883
-0.872168,-1.89931,0.0296037,1.59815e-08,0.0296036
-0.868424,-1.90193,0.0221057,7.63227e-09,0.0221057
-0.864948,-1.90421,0.0321298,2.06775e-08,0.0321297
-0.861117,-1.90688,0.022871,8.70885e-09,0.022871
-0.857596,-1.90913,0.0328974,1.98732e-08,0.0328973
-0.854767,-1.91111,0.0230953,8.8277e-09,0.0230952
-0.850677,-1.91382,0.0199203,6.23382e-09,0.0199203
-0.847099,-1.91603,0.0299416,1.26367e-08,0.0299416
-0.843196,-1.91867,0.0222108,7.18429e-09,0.0222108
-0.839635,-1.9209,0.0322361,6.50164e-09,0.032236
-0.83609,-1.92309,0.0422833,-1.14122e-08,0.0422831
-0.833775,-1.92473,0.0255636,3.97532e-09,0.0255635
-0.830021,-1.92714,0.0207886,2.58489e-09,0.0207886
-0.826519,-1.92928,0.0308115,5.64675e-09,0.0308114
-0.822954,-1.93154,0.0224772,3.40121e-09,0.0224772
-0.819424,-1.93368,0.0325031,1.04837e-08,0.032503
-0.815702,-1.93601,0.0229805,4.55504e-09,0.0229804
-0.812122,-1.93816,0.0330077,1.45372e-08,0.0330076
-0.808724,-1.94018,0.0231272,5.08801e-09,0.0231272
-0.805161,-1.94225,0.0331543,1.6665e-08,0.0331543
-0.801581,-1.9443,0.0231695,5.59104e-09,0.0231694
-0.797499,-1.94657,0.0199471,3.79497e-09,0.0199471
-0.793849,-1.94856,0.0299684,1.53432e-08,0.0299684
-0.790768,-1.95022,0.0222191,6.50982e-09,0.0222191
-0.78651,-1.95245,0.0195995,4.80696e-09,0.0195995
-0.782816,-1.95435,0.02962,1.70041e-08,0.02962
-0.779112,-1.95622,0.0396602,4.07608e-08,0.0396601
-0.774458,-1.95854,0.0249208,1.01335e-08,0.0249208
-0.770683,-1.96035,0.0349519,2.65498e-08,0.0349519
-0.76736,-1.96194,0.0236774,8.48328e-09,0.0236774
-0.763572,-1.96367,0.033706,2.33827e-08,0.033706
-0.760188,-1.96521,0.0233275,8.10197e-09,0.0233275
-0.75592,-1.96708,0.0200042,5.30084e-09,0.0200042
-0.75201,-1.96873,0.0300257,1.7842e-08,0.0300257
-0.748626,-1.97015,0.0222368,7.85671e-09,0.0222368
-0.744658,-1.97173,0.0322629,2.38198e-08,0.0322628
-0.741265,-1.97309,0.0229099,9.15255e-09,0.0229099
-0.73735,-1.97456,0.0329368,2.59704e-08,0.0329367
-0.732549,-1.97638,0.0231066,9.95594e-09,0.0231066
-0.728532,-1.97778,0.0331348,2.83997e-08,0.0331347
-0.725466,-1.9789,0.0231636,1.05286e-08,0.0231636
-0.721281,-1.98032,0.019945,7.20257e-09,0.019945
-0.7173,-1.98159,0.0299664,2.30792e-08,0.0299664
-0.713433,-1.98285,0.0222205,1.22526e-08,0.0222205
-0.709066,-1.98419,0.0196002,8.49826e-09,0.0196002
-0.704883,-1.98539,0.0296222,2.55852e-08,0.0296221
-0.700848,-1.98659,0.0221096,9.52474e-09,0.0221096
-0.696813,-1.98767,0.0321335,2.39653e-08,0.0321334
-0.693205,-1.98868,0.0228721,1.01257e-08,0.022872
-0.688431,-1.98991,0.0198391,6.83611e-09,0.0198391
-0.684324,-1.99089,0.0298601,1.84899e-08,0.02986
-0.680433,-1.99186,0.0221856,8.43061e-09,0.0221856
-0.675976,-1.99284,0.0322138,2.4267e-08,0.0322137
-0.671775,-1.9938,0.0228958,1.01394e-08,0.0228958
-0.667709,-1.99461,0.0329228,2.66985e-08,0.0329227
-0.664776,-1.99525,0.0231017,9.8829e-09,0.0231017
-0.65967,-1.99623,0.0199239,8.08704e-09,0.0199239
-0.656126,-1.99685,0.0299419,2.01616e-08,0.0299419
-0.652034,-1.99751,0.0399816,4.78363e-08,0.0399814
-0.648244,-1.99825,0.0250014,1.39111e-08,0.0250013
-0.643522,-1.99902,0.0205952,8.60735e-09,0.0205952
-0.63937,-1.99959,0.0306177,2.84622e-08,0.0306176
-0.635363,-2.00019,0.0224182,1.2174e-08,0.0224181
-0.631193,-2.00071,0.0324439,3.30507e-08,0.0324439
-0.62751,-2.00124,0.0229633,1.25233e-08,0.0229632
-0.622851,-2.0018,0.0198724,8.12154e-09,0.0198724
-0.618683,-2.00222,0.0298935,2.41527e-08,0.0298935
-0.615023,-2.00261,0.022196,1.02826e-08,0.0221959
-0.610876,-2.00296,0.0322213,2.95768e-08,0.0322212
-0.606653,-2.00333,0.0228979,1.09334e-08,0.0228979
-0.601429,-2.00372,0.0198509,9.21117e-09,0.0198509
-0.598193,-2.0039,0.029867,2.17718e-08,0.0298669
-0.593171,-2.00421,0.0221876,9.83011e-09,0.0221875
-0.589021,-2.00438,0.0322121,3.05457e-08,0.0322121
-0.585399,-2.00459,0.0228952,1.14312e-08,0.0228952
-0.58049,-2.0048,0.0198476,7.55354e-09,0.0198476
-0.576356,-2.0049,0.0298685,2.62929e-08,0.0298685
-0.572287,-2.00505,0.0221882,1.10749e-08,0.0221882
-0.568077,-2.00511,0.0322138,3.50835e-08,0.0322138
-0.564001,-2.00522,0.0228957,1.23684e-08,0.0228956
-0.559799,-2.00523,0.0329225,3.91678e-08,0.0329224
-0.555613,-2.00522,0.0429717,9.11476e-08,0.0429715
-0.551772,-2.0053,0.0257268,1.80117e-08,0.0257268
-0.5473,-2.00527,0.0208442,9.28293e-09,0.0208442
-0.54317,-2.00517,0.0308673,3.08486e-08,0.0308672
-0.539752,-2.00511,0.0224941,1.18789e-08,0.022494
-0.535614,-2.00495,0.03252,3.75945e-08,0.03252
-0.531461,-2.00481,0.0229855,1.30034e-08,0.0229855
-0.52632,-2.00456,0.0198805,8.45015e-09,0.0198805
-0.52217,-2.00428,0.0299015,3.0264e-08,0.0299015
-0.518017,-2.00396,0.0399425,7.88022e-08,0.0399424
-0.514345,-2.00376,0.0249916,1.84013e-08,0.0249916
-0.510056,-2.00342,0.0205918,1.01932e-08,0.0205918
-0.505874,-2.00299,0.0306144,3.42302e-08,0.0306143
-0.502083,-2.00264,0.0224172,1.3411e-08,0.0224172
-0.497941,-2.00215,0.032443,4.30411e-08,0.032443
-0.493014,-2.00161,0.022963,1.52876e-08,0.022963
-0.488905,-2.00103,0.0329899,4.75725e-08,0.0329898
-0.485519,-2.00063,0.0231221,1.64741e-08,0.023122
-0.480256,-1.99987,0.01993,1.06548e-08,0.01993
-0.476156,-1.99921,0.0299513,3.6345e-08,0.0299512
-0.472085,-1.99851,0.0399925,9.1295e-08,0.0399923
-0.468133,-1.99793,0.0250041,2.14229e-08,0.0250041
-0.464007,-1.99717,0.0350356,5.88262e-08,0.0350355
-0.46047,-1.99659,0.0237006,1.75259e-08,0.0237005
-0.456364,-1.99578,0.0337292,5.0288e-08,0.0337292
-0.452175,-1.99502,0.0233341,1.61148e-08,0.023334
-0.447355,-1.99407,0.0200066,9.78974e-09,0.0200065
-0.4433,-1.9932,0.030028,3.2574e-08,0.0300279
-0.439237,-1.9923,0.0400697,8.1403e-08,0.0400696
-0.43605,-1.99168,0.0250233,1.81135e-08,0.0250233
-0.431391,-1.99066,0.0206028,9.46656e-09,0.0206028
-0.427319,-1.9897,0.0306254,3.1305e-08,0.0306253
-0.423934,-1.98904,0.0224206,1.18811e-08,0.0224206
-0.420355,-1.98805,0.0324463,1.89652e-08,0.0324463
-0.416918,-1.98694,0.0424939,4.69107e-08,0.0424939
-0.4132,-1.9863,0.0256138,7.48738e-09,0.0256138
-0.410137,-1.98558,0.0208057,3.60124e-09,0.0208057
-0.407539,-1.98495,0.0190675,2.96496e-09,0.0190675
-0.405433,-1.98403,0.0290871,1.60942e-08,0.0290871
-0.404359,-1.98393,0.0219442,6.37016e-09,0.0219442
-0.403053,-1.98315,0.0319689,2.85094e-08,0.0319689
-0.402551,-1.98335,0.0228235,8.91118e-09,0.0228236
-0.402368,-1.98334,0.0198215,5.82662e-09,0.0198215
-0.402122,-1.9829,0.0298424,2.79907e-08,0.0298425
-0.402408,-1.98323,0.0221802,1.00218e-08,0.0221802
-0.40257,-1.98338,0.0195851,6.3889e-09,0.0195851
-0.402696,-1.98319,0.0296055,2.44735e-08,0.0296056
-0.402737,-1.98342,0.0221066,8.94187e-09,0.0221066
-0.402892,-1.98331,0.0321318,2.80966e-08,0.0321319
-0.402896,-1.98353,0.0228716,8.87744e-09,0.0228716
-0.403053,-1.98346,0.0328982,2.5247e-08,0.0328983
-0.403034,-1.98363,0.0230974,8.69486e-09,0.0230974
-0.403161,-1.9836,0.0331201,1.994e-08,0.0331201
-0.403187,-1.98374,0.0231595,6.41533e-09,0.0231595
-0.403341,-1.98372,0.0331866,1.78193e-08,0.0331866
-0.403264,-1.9838,0.0231787,5.65972e-09,0.0231787
-0.40338,-1.98378,0.033206,1.59679e-08,0.033206
-0.403524,-1.98376,0.0432559,3.47618e-08,0.0432559
-0.403303,-1.98383,0.0257936,6.76572e-09,0.0257936
-0.403248,-1.98385,0.0208669,3.28825e-09,0.0208669
-0.40324,-1.98387,0.0190909,2.44687e-09,0.0190909
-0.403307,-1.98386,0.0291106,9.33485e-09,0.0291106
-0.403196,-1.98386,0.0219516,3.97564e-09,0.0219516
-0.403116,-1.98385,0.0195019,3.43137e-09,0.0195019
-0.403132,-1.98383,0.0295184,9.14509e-09,0.0295184
-0.403108,-1.98385,0.0220807,4.39093e-09,0.0220807
-0.403125,-1.98386,0.0195471,2.57546e-09,0.0195471
-0.403191,-1.98386,0.0295696,1.07199e-08,0.0295696
-0.403179,-1.98387,0.0220944,3.98595e-09,0.0220944
-0.403241,-1.98387,0.0321189,1.21724e-08,0.0321189
-0.403165,-1.98387,0.022868,4.36352e-09,0.022868
-0.403206,-1.98386,0.0328942,1.26396e-08,0.0328942
-0.403119,-1.98386,0.0230943,4.23551e-09,0.0230943
-0.403152,-1.98385,0.0331215,1.25322e-08,0.0331214
-0.403195,-1.98383,0.0431713,2.77855e-08,0.0431712
-0.403139,-1.98386,0.0257738,5.51002e-09,0.0257737
-0.403188,-1.98386,0.0358069,1.46543e-08,0.0358069
-0.403251,-1.98385,0.0458648,3.44054e-08,0.0458647
-0.403316,-1.98385,0.0559552,6.11006e-08,0.0559552
-0.403414,-1.98385,0.0660872,9.70791e-08,0.066087
-0.403186,-1.98388,0.0301675,7.79523e-09,0.0301675
-0.403248,-1.98387,0.0402117,1.82719e-08,0.0402117
-0.403204,-1.98389,0.0250597,4.00422e-09,0.0250597
-0.403206,-1.9839,0.0206147,1.94221e-09,0.0206147
-0.403266,-1.9839,0.0306372,8.00539e-09,0.0306372
-0.403202,-1.98389,0.0224242,3.15038e-09,0.0224242
-0.403166,-1.98389,0.0196752,2.26321e-09,0.0196752
-0.403193,-1.98389,0.0296958,8.86535e-09,0.0296958
-0.403201,-1.9839,0.0221347,3.6866e-09,0.0221347
-0.40319,-1.9839,0.0195683,2.59996e-09,0.0195683
-0.403227,-1.9839,0.0295887,9.29791e-09,0.0295886
-0.403282,-1.98392,0.0396287,2.2049e-08,0.0396287
-0.403274,-1.98392,0.0249128,5.30409e-09,0.0249128
-0.403273,-1.98393,0.0205645,2.85275e-09,0.0205645
-0.403319,-1.98393,0.030587,9.49614e-09,0.030587
-0.403382,-1.98393,0.04063,2.22856e-08,0.04063
-0.403333,-1.98394,0.0251624,5.07578e-09,0.0251624
-0.403396,-1.98394,0.0351939,1.3592e-08,0.0351939
-0.403484,-1.98397,0.0237444,3.98081e-09,0.0237444
-0.403478,-1.98398,0.0201536,2.38093e-09,0.0201536
-0.403534,-1.98399,0.0301752,8.67433e-09,0.0301752
-0.403463,-1.98397,0.0222829,3.49476e-09,0.0222829
-0.403497,-1.98397,0.0323085,1.10978e-08,0.0323085
-0.403502,-1.98398,0.0229235,3.8844e-09,0.0229235
-0.403573,-1.984,0.019858,2.53432e-09,0.019858
-0.403652,-1.98401,0.029879,9.02156e-09,0.029879
-0.403615,-1.98401,0.0221916,3.73471e-09,0.0221916
-0.40368,-1.98401,0.0322165,1.1404e-08,0.0322165
-0.403586,-1.984,0.0228965,4.0345e-09,0.0228965
-0.40358,-1.984,0.0198481,2.61543e-09,0.0198481
-0.403625,-1.984,0.0298691,9.29296e-09,0.0298691
-0.403592,-1.984,0.0221884,3.80404e-09,0.0221884
-0.403642,-1.98399,0.0322136,1.17684e-08,0.0322136
-0.403709,-1.98399,0.0422609,2.66229e-08,0.0422609
-0.403649,-1.98401,0.0255582,5.54492e-09,0.0255582
-0.40371,-1.984,0.0355909,1.65366e-08,0.0355909
-0.403779,-1.98398,0.0456479,3.54863e-08,0.0456478
-0.403684,-1.98401,0.0263411,6.02804e-09,0.0263411
-0.403649,-1.98401,0.0210534,3.38182e-09,0.0210534
-0.403682,-1.984,0.0310733,9.72433e-09,0.0310733
-0.403738,-1.98403,0.0225562,3.73626e-09,0.0225562
-0.403831,-1.98403,0.0325819,1.22662e-08,0.0325818
-0.403732,-1.98403,0.0230036,4.18853e-09,0.0230035
-0.403701,-1.98402,0.019887,2.70961e-09,0.019887
-0.403748,-1.98402,0.0299082,9.95663e-09,0.0299081
-0.403811,-1.98401,0.039949,2.42513e-08,0.0399489
-0.403798,-1.98404,0.0249932,5.57986e-09,0.0249932
-0.403782,-1.98405,0.0205924,2.98966e-09,0.0205924
-0.403783,-1.98405,0.0189865,2.6989e-09,0.0189865
-0.403826,-1.98405,0.0290037,8.59702e-09,0.0290037
-0.40385,-1.98406,0.0219178,3.80286e-09,0.0219178
-0.40392,-1.98406,0.0319421,1.22557e-08,0.0319421
-0.404009,-1.98406,0.0419881,2.85084e-08,0.041988
-0.404049,-1.98411,0.0254929,5.91789e-09,0.0254929
-0.404155,-1.98411,0.0355253,1.59127e-08,0.0355253
-0.404279,-1.98412,0.0455817,3.37243e-08,0.0455817
-0.404156,-1.98414,0.0263265,5.87612e-09,0.0263265
-0.404098,-1.98413,0.0210467,2.75152e-09,0.0210467
-0.404073,-1.98413,0.0191596,2.13729e-09,0.0191596
-0.404108,-1.98411,0.0291794,8.9513e-09,0.0291794
-0.404044,-1.98411,0.0219732,3.82597e-09,0.0219732
-0.404079,-1.98411,0.031998,1.25205e-08,0.031998
-0.404063,-1.98412,0.0228347,5.23512e-09,0.0228347
-0.404107,-1.98411,0.0328586,1.33238e-08,0.0328586
-0.404082,-1.98413,0.0230829,4.18506e-09,0.0230829
-0.404115,-1.98414,0.0199157,2.69281e-09,0.0199157
-0.404184,-1.98413,0.0299389,1.11767e-08,0.0299389
-0.404165,-1.98414,0.0222092,4.07203e-09,0.0222092
-0.404226,-1.98414,0.0322343,1.45879e-08,0.0322343
-0.404135,-1.98414,0.0229017,4.94538e-09,0.0229017
-0.404175,-1.98413,0.0329284,1.53757e-08,0.0329284
-0.404101,-1.98413,0.0231043,5.0795e-09,0.0231043
-0.404132,-1.98412,0.0331315,1.50632e-08,0.0331315
-0.404026,-1.98411,0.0231638,5.20715e-09,0.0231638
-0.404046,-1.9841,0.0331889,1.37138e-08,0.0331889
-0.403952,-1.98409,0.0231794,4.51761e-09,0.0231794
-0.403968,-1.98407,0.0332066,1.3606e-08,0.0332066
-0.403999,-1.98404,0.0432567,3.13609e-08,0.0432567
-0.403865,-1.98406,0.0257937,6.00473e-09,0.0257937
-0.403885,-1.98403,0.035827,1.67106e-08,0.0358269
-0.403924,-1.98401,0.0458847,3.68253e-08,0.0458847
-0.403864,-1.98405,0.026394,6.05291e-09,0.026394
-0.403891,-1.98407,0.0210695,2.85163e-09,0.0210695
-0.403954,-1.98407,0.0310934,1.07011e-08,0.0310934
-0.403804,-1.98405,0.0225623,3.893e-09,0.0225623
-0.403821,-1.98402,0.0325884,1.31503e-08,0.0325884
-0.403653,-1.984,0.0230055,4.43734e-09,0.0230055
-0.403646,-1.98397,0.0330325,1.44226e-08,0.0330325
-0.403591,-1.98398,0.0231344,4.72502e-09,0.0231344
-0.403614,-1.98396,0.0331616,1.50761e-08,0.0331616
-0.403655,-1.984,0.0231716,4.83332e-09,0.0231716
-0.403714,-1.98398,0.033199,1.55367e-08,0.033199
-0.403754,-1.98402,0.0231823,4.92671e-09,0.0231823
-0.403805,-1.98405,0.0199518,3.08549e-09,0.0199518
-0.403884,-1.98404,0.0299732,1.16973e-08,0.0299732
-0.403986,-1.98404,0.0400143,2.93317e-08,0.0400143
-0.403871,-1.98405,0.0250105,6.75736e-09,0.0250105
-0.40387,-1.98407,0.0205977,3.26177e-09,0.0205977
-0.40394,-1.98406,0.03062,1.14762e-08,0.03062
-0.403837,-1.98406,0.0224189,4.33386e-09,0.0224189
-0.403833,-1.98406,0.0196732,2.89302e-09,0.0196732
-0.403885,-1.98405,0.0296938,1.07773e-08,0.0296938
-0.403957,-1.98404,0.0397342,3.01541e-08,0.0397342
-0.403883,-1.98406,0.0249394,6.71054e-09,0.0249394
-0.403944,-1.98406,0.0349708,1.92969e-08,0.0349708
-0.40397,-1.98409,0.0236826,5.43379e-09,0.0236826
-0.40402,-1.98411,0.0201315,3.19874e-09,0.0201315
-0.404113,-1.98412,0.0301532,1.11178e-08,0.0301532
-0.40406,-1.98412,0.0222761,4.38187e-09,0.0222761
-0.404128,-1.98412,0.0323015,1.33969e-08,0.0323015
-0.40421,-1.98412,0.0423488,2.98239e-08,0.0423488
-0.40399,-1.9841,0.0255792,6.12938e-09,0.0255792
-0.40403,-1.98409,0.0356119,1.60017e-08,0.0356119
-0.404004,-1.98411,0.0238592,4.47141e-09,0.0238592
-0.404068,-1.98411,0.0338881,1.26671e-08,0.033888
-0.404027,-1.98412,0.0233792,3.95438e-09,0.0233792
-0.404093,-1.98413,0.0334071,1.15362e-08,0.0334071
-0.404172,-1.98413,0.0434578,2.48731e-08,0.0434578
-0.404023,-1.98412,0.0258408,4.97533e-09,0.0258408
-0.40408,-1.98411,0.0358746,1.34414e-08,0.0358746
-0.404011,-1.98411,0.0239308,3.7738e-09,0.0239308
-0.403954,-1.9841,0.0202199,2.2496e-09,0.0202199
-0.403992,-1.98409,0.0302417,8.9633e-09,0.0302417
-0.404028,-1.98411,0.0223033,3.58185e-09,0.0223033
-0.404106,-1.9841,0.0323289,1.23772e-08,0.0323289
-0.404038,-1.98411,0.0229295,4.28057e-09,0.0229295
-0.404092,-1.9841,0.0329564,1.40291e-08,0.0329564
-0.404165,-1.98408,0.0430056,3.3174e-08,0.0430056
-0.403951,-1.98408,0.0257348,6.32979e-09,0.0257348
-0.403897,-1.98407,0.0208469,3.17001e-09,0.0208469
-0.403893,-1.98408,0.0190833,2.48179e-09,0.0190833
-0.403932,-1.98407,0.0291028,9.8141e-09,0.0291028
-0.403984,-1.98406,0.0391421,2.53652e-08,0.0391421
-0.403916,-1.98408,0.0247897,5.9834e-09,0.0247897
-0.403959,-1.98407,0.0348204,1.66953e-08,0.0348204
-0.403878,-1.98407,0.0236409,4.90233e-09,0.0236409
-0.403909,-1.98406,0.0336705,1.50379e-08,0.0336705
-0.403829,-1.98406,0.023317,4.56968e-09,0.023317
