x,y,p_xx,p_xy,p_yy
-0.0055665,0.00150606,0.0133321,0,0.00248027
-0.00538788,0.00144125,0.0236873,0,0.00259818
-0.00518174,0.00138874,0.0340093,0,0.00272946
-0.00426627,0.00129597,0.0437393,0,0.00284397
-0.00299051,0.00123619,0.0530711,0,0.00296265
-0.00226127,0.00117066,0.0612729,0,0.00307662
-0.00131874,0.00111771,0.0715721,0,0.00316327
-0.00118349,0.00112384,0.0830698,0,0.00328189
-0.00115123,0.00116559,0.0933096,0,0.00341454
-0.00177212,0.00121906,0.10251,0,0.00349307
-0.00224872,0.00125638,0.111725,0,0.00357746
-0.00203506,0.00125788,0.12317,0,0.00364308
-0.00226904,0.00121821,0.133837,0,0.00367065
-0.00268366,0.00115907,0.140524,0,0.00378254
-0.00350673,0.0011182,0.147229,0,0.00390884
-0.0042298,0.00114171,0.159298,0,0.00402563
-0.00475091,0.00115403,0.169606,0,0.00414052
-0.00489588,0.00114342,0.183631,0,0.00429766
-0.00445572,0.0010788,0.195539,0,0.00443792
-0.00404913,0.00103832,0.204585,0,0.00453031
-0.00394607,0.00101565,0.213156,0,0.00468437
-0.00432514,0.000941291,0.221751,0,0.00479655
-0.00454793,0.00087237,0.234119,0,0.00484853
-0.00502151,0.000847197,0.246274,0,0.00491092
-0.00571177,0.00085419,0.258941,0,0.00500504
-0.00614348,0.000931262,0.270132,0,0.00514917
-0.00687514,0.000980848,0.281042,0,0.0052517
-0.00767365,0.00105047,0.29253,0,0.00535326
-0.00787301,0.00115553,0.298691,0,0.0054359
-0.00749728,0.00122795,0.31115,0,0.00559747
-0.00693839,0.00125258,0.325987,0,0.00564308
-0.00627314,0.00132237,0.339138,0,0.00567938
-0.00548962,0.00142278,0.347744,0,0.00582459
-0.00503898,0.00158819,0.36115,0,0.00591993
-0.00443909,0.00176241,0.36673,0,0.00600945
-0.00370233,0.00184356,0.383681,0,0.00615562
-0.00303068,0.00191751,0.400471,0,0.00625608
-0.00257645,0.00202499,0.415009,0,0.00629318
-0.00283063,0.00209585,0.428866,0,0.00640272
-0.00298383,0.00209263,0.442528,0,0.00651904
-0.00419959,0.00208547,0.4511,0,0.00658136
-0.00509774,0.00201285,0.459215,0,0.00668865
-0.00553016,0.00199294,0.470389,0,0.00691271
-0.00607008,0.00200198,0.481773,0,0.0070454
-0.00634345,0.00200492,0.489691,0,0.00711502
-0.00646024,0.00200082,0.504196,0,0.00725553
-0.00628355,0.002068,0.513929,0,0.00735405
-0.00574191,0.00211441,0.526365,0,0.00753952
-0.00502286,0.00211067,0.535255,0,0.00769175
-0.00427953,0.00209982,0.548364,0,0.00780198
-0.0036104,0.00205298,0.559971,0,0.00790378
-0.0030242,0.00197956,0.565342,0,0.00797969
-0.00275459,0.00193299,0.575603,0,0.00806635
-0.00259951,0.00187073,0.587572,0,0.00817311
-0.00304849,0.00178956,0.599289,0,0.0082616
-0.00374134,0.00171135,0.618871,0,0.00837307
-0.00444018,0.00162397,0.63273,0,0.00846867
-0.00468462,0.0015467,0.652266,0,0.00849234
-0.00484316,0.00149038,0.657619,0,0.00858286
-0.00471281,0.00147163,0.667516,0,0.00868881
-0.00544287,0.00146132,0.677127,0,0.00880018
-0.00555644,0.00145539,0.686161,0,0.00891862
-0.00603361,0.0013933,0.69985,0,0.00900534
-0.00652136,0.00138233,0.708604,0,0.00908961
-0.00588873,0.00137621,0.711153,0,0.00918366
-0.00570476,0.00141513,0.722045,0,0.0091927
-0.0060754,0.0015022,0.730916,0,0.00929169
-0.00652118,0.00163119,0.740087,0,0.00935566
-0.00734656,0.00176401,0.74564,0,0.00946118
-0.00827667,0.00189554,0.760022,0,0.00946545
-0.00826125,0.00195468,0.772962,0,0.00963005
-0.00860918,0.00201777,0.785998,0,0.00964674
-0.00867518,0.0021279,0.792619,0,0.00979397
-0.00909305,0.00227655,0.79851,0,0.010008
-0.00941223,0.00242196,0.816526,0,0.0101401
-0.0100001,0.00255624,0.828322,0,0.010234
-0.0106903,0.00274002,0.835612,0,0.0103091
-0.0110947,0.00286582,0.841488,0,0.0105054
-0.0119382,0.00300359,0.848249,0,0.0105625
-0.0125542,0.00313879,0.85467,0,0.0106574
-0.0136576,0.00331694,0.870448,0,0.0107862
-0.0139986,0.00344716,0.886482,0,0.0109342
-0.0145787,0.00350079,0.8932,0,0.0110176
-0.0155082,0.00350718,0.9016,0,0.0111217
-0.0157849,0.00349188,0.911908,0,0.0112149
-0.0155194,0.00348559,0.923178,0,0.0112727
-0.0160201,0.00352986,0.933962,0,0.0113333
-0.015972,0.00356026,0.943735,0,0.0113733
-0.0160925,0.00356027,0.948534,0,0.0115281
-0.0156537,0.00352363,0.955662,0,0.0115685
-0.0152561,0.00339669,0.968886,0,0.0116757
-0.015107,0.00332045,0.980979,0,0.0117864
-0.0149151,0.00311783,1.00039,0,0.0119358
-0.0151732,0.00305602,1.01209,0,0.0120499
-0.015587,0.0029753,1.02069,0,0.0120486
-0.0162087,0.00292511,1.02821,0,0.0121534
-0.0164598,0.00299349,1.04331,0,0.0123161
-0.0171624,0.0031108,1.0577,0,0.0123736
-0.0173576,0.00324405,1.06454,0,0.0124405
-0.0175351,0.00341483,1.08114,0,0.0125472
-0.0173794,0.00355871,1.0862,0,0.0125598
-0.0173995,0.00370886,1.0879,0,0.0126873
-0.0173638,0.00385577,1.08891,0,0.0128206
-0.017159,0.00395398,1.09496,0,0.0128871
-0.0170759,0.00408375,1.10719,0,0.0130061
-0.016834,0.00416242,1.11521,0,0.0131644
-0.0168848,0.00423543,1.12993,0,0.0133343
-0.0174239,0.00429982,1.14015,0,0.0134116
-0.0178104,0.00438096,1.15173,0,0.013542
-0.0171849,0.00446796,1.16759,0,0.0137167
-0.0169686,0.00447929,1.1851,0,0.0137606
-0.0168705,0.00451282,1.19539,0,0.0138435
-0.0172039,0.00454077,1.20731,0,0.0140546
-0.0175884,0.00452927,1.21726,0,0.0141403
-0.0181354,0.0045224,1.2121,0,0.0144127
-0.0190603,0.00447434,1.21627,0,0.0145302
-0.0203124,0.00439352,1.2353,0,0.0145882
-0.0212483,0.00433031,1.24629,0,0.0146422
-0.0219708,0.004267,1.25449,0,0.014794
-0.0224061,0.00420882,1.27203,0,0.0148852
-0.0226693,0.00415582,1.27932,0,0.0149529
-0.0223162,0.00406689,1.293,0,0.0151607
-0.0217559,0.0040004,1.30327,0,0.0153577
-0.0212968,0.00394724,1.3126,0,0.0154867
-0.0211147,0.00385015,1.32174,0,0.0156595
-0.0209141,0.00374,1.3384,0,0.0156323
-0.0215248,0.00367787,1.34748,0,0.0156291
-0.0228894,0.00359625,1.3577,0,0.0157515
-0.024537,0.00360256,1.37327,0,0.0159368
-0.0259089,0.00356126,1.38595,0,0.0159789
-0.0277499,0.00344643,1.40305,0,0.0161232
-0.0289392,0.0033723,1.4241,0,0.0162874
-0.0306225,0.00334914,1.43821,0,0.016413
-0.0320484,0.00332798,1.46036,0,0.0165877
-0.0334339,0.00324588,1.48089,0,0.01665
-0.0350748,0.00313673,1.49258,0,0.0166795
-0.0364319,0.00303651,1.50817,0,0.0167736
-0.0383399,0.00294343,1.52572,0,0.0166837
-0.040024,0.00290957,1.52257,0,0.0167904
-0.0418334,0.00290275,1.54206,0,0.0168939
-0.043457,0.00286799,1.54962,0,0.0170047
-0.0460385,0.00278294,1.54715,0,0.0170807
-0.0479711,0.00276596,1.55597,0,0.0171078
-0.0494464,0.00271545,1.56096,0,0.0172799
-0.0513345,0.00253146,1.57579,0,0.0173641
-0.0531103,0.00234672,1.58297,0,0.0174451
-0.0550631,0.00218574,1.577,0,0.0175793
-0.0568926,0.00201036,1.59612,0,0.0176674
-0.0580757,0.00188582,1.59658,0,0.0178467
-0.0592903,0.00171613,1.60388,0,0.0180078
-0.0605937,0.00162269,1.62169,0,0.0181113
-0.0615052,0.00152538,1.63657,0,0.0182612
-0.0621951,0.001496,1.65193,0,0.0183834
-0.0628388,0.00148506,1.66954,0,0.0183359
-0.0634912,0.00152334,1.68762,0,0.0183737
-0.063937,0.00155225,1.69263,0,0.0185089
-0.06429,0.00155632,1.71403,0,0.0184549
-0.0649077,0.00162249,1.72281,0,0.0184705
-0.0652676,0.00170085,1.73327,0,0.018518
-0.0660073,0.00176922,1.7375,0,0.0186409
-0.0665908,0.00180919,1.73618,0,0.0187025
-0.0678808,0.00185119,1.73823,0,0.0188296
-0.0690567,0.00186516,1.74364,0,0.0190993
-0.0697738,0.00195091,1.74801,0,0.0190541
-0.07038,0.00207091,1.76175,0,0.0191922
-0.0701131,0.0022023,1.76131,0,0.0193479
-0.0697727,0.00229804,1.77664,0,0.0195827
-0.0689414,0.00238861,1.78238,0,0.0196993
-0.0680352,0.00242918,1.79195,0,0.0196382
-0.0663977,0.00251802,1.79861,0,0.0196699
-0.0649495,0.00259616,1.81327,0,0.0197169
-0.0635306,0.00270778,1.81765,0,0.0198743
-0.0628017,0.00276582,1.82787,0,0.0199906
-0.0623167,0.00280638,1.82762,0,0.0199845
-0.0614948,0.00288184,1.82545,0,0.0200232
-0.0607244,0.00288812,1.83645,0,0.0201824
-0.0607124,0.0028984,1.84369,0,0.020386
-0.0603068,0.00291073,1.84521,0,0.0203754
-0.0596674,0.00289621,1.85946,0,0.0204508
-0.0590859,0.00287001,1.86876,0,0.0205567
-0.058008,0.00284759,1.88266,0,0.0206701
-0.0568979,0.00279773,1.88936,0,0.0206752
-0.0557889,0.00279577,1.89833,0,0.0207437
-0.0547775,0.00278433,1.90494,0,0.0208657
-0.0537267,0.00279459,1.91619,0,0.0209486
-0.0532144,0.00285608,1.93801,0,0.0211659
-0.0525812,0.00293024,1.93304,0,0.0213096
-0.0528564,0.00298603,1.94314,0,0.0215299
-0.0531957,0.00309863,1.94455,0,0.0217641
-0.0535052,0.00318286,1.94818,0,0.0216912
-0.0536755,0.00324321,1.95425,0,0.0219267
-0.0533297,0.00334013,1.95827,0,0.0220263
-0.0528919,0.00344669,1.98463,0,0.0220906
-0.052433,0.00352573,1.9884,0,0.0220804
-0.052494,0.00359695,1.99554,0,0.0221285
-0.0522934,0.00366596,2.00466,0,0.0222427
-0.051542,0.00379945,2.02568,0,0.0222047
-0.0507904,0.00395611,2.03725,0,0.022307
-0.050374,0.00409731,2.05333,0,0.0224253
-0.0495617,0.00422956,2.07291,0,0.022403
-0.0489424,0.0043881,2.07516,0,0.0222973
-0.0483479,0.00459894,2.09459,0,0.0224321
-0.0476178,0.00475285,2.09982,0,0.0225251
-0.0471332,0.00493252,2.11604,0,0.0225898
-0.0465783,0.00502481,2.1207,0,0.0226389
-0.04664,0.00508565,2.1366,0,0.0226379
-0.0465453,0.00514119,2.16054,0,0.0227016
-0.046396,0.00516607,2.169,0,0.0228821
-0.0463966,0.00513781,2.18258,0,0.0229278
-0.046229,0.00511581,2.18365,0,0.0229975
-0.0464971,0.0050288,2.20018,0,0.0231251
-0.0463052,0.00495604,2.21294,0,0.0232659
-0.0468724,0.00494266,2.21164,0,0.0234688
-0.0468144,0.00490689,2.23286,0,0.0236146
-0.0460004,0.00478386,2.24288,0,0.0237803
-0.0455675,0.00465309,2.24664,0,0.0237833
-0.0449005,0.00454352,2.25155,0,0.0239964
-0.0444869,0.00447588,2.2519,0,0.0240817
-0.0439573,0.00444496,2.26357,0,0.0242861
-0.0442386,0.00441534,2.27049,0,0.0244802
-0.0441532,0.00445009,2.29618,0,0.0245821
-0.0436591,0.00450647,2.31086,0,0.0246889
-0.0435649,0.00456668,2.31673,0,0.0247877
-0.0438587,0.00461432,2.32112,0,0.024755
-0.0445154,0.00466609,2.32565,0,0.0248459
-0.0451657,0.00472475,2.33433,0,0.0248477
-0.0452546,0.00484523,2.36207,0,0.0250108
-0.0458358,0.00496181,2.36938,0,0.0252133
-0.0467305,0.00507304,2.38108,0,0.0253724
-0.0468179,0.00517229,2.39175,0,0.0254792
-0.0467234,0.00538793,2.40496,0,0.0256353
-0.0468559,0.00548889,2.41774,0,0.0257723
-0.0470576,0.00562634,2.42896,0,0.0259272
-0.046445,0.00574317,2.43172,0,0.0259725
-0.0457602,0.0058288,2.43914,0,0.0261619
-0.0445845,0.00590537,2.44871,0,0.0261887
-0.0429287,0.00593141,2.45493,0,0.0261254
-0.0411964,0.00592923,2.45206,0,0.0264872
-0.0389596,0.00595367,2.45689,0,0.0266148
-0.0379109,0.00599409,2.46726,0,0.0267556
-0.0376813,0.00603375,2.47331,0,0.0268576
-0.0380465,0.00601651,2.46405,0,0.0269409
-0.0378749,0.00598489,2.47948,0,0.0270643
-0.0375267,0.00592135,2.48489,0,0.0271695
-0.037549,0.00589558,2.49972,0,0.027258
-0.0376387,0.00584884,2.50775,0,0.0272863
-0.0371079,0.00580631,2.507,0,0.0274855
-0.0370447,0.00573515,2.52008,0,0.0275133
-0.0366341,0.00561076,2.53414,0,0.0276101
-0.0363567,0.00542652,2.5393,0,0.0279211
-0.0363174,0.00529518,2.55448,0,0.0279315
-0.0362125,0.00523919,2.57245,0,0.0279392
-0.0357758,0.00516646,2.57522,0,0.0281102
-0.0358077,0.00513896,2.58177,0,0.0283538
-0.0357045,0.00515541,2.59889,0,0.0284282
-0.0351059,0.00515905,2.61392,0,0.0285355
-0.0346756,0.00513037,2.62474,0,0.0286472
-0.0337718,0.00509874,2.6339,0,0.0288051
-0.0327967,0.00505363,2.64904,0,0.028977
-0.0320974,0.00509298,2.66896,0,0.02927
-0.0314553,0.00510848,2.67781,0,0.0294138
-0.0298145,0.00514362,2.6688,0,0.0295375
-0.0279915,0.00522044,2.67841,0,0.0295105
-0.025737,0.0053696,2.69017,0,0.0297497
-0.024064,0.00553015,2.68879,0,0.0299519
-0.0224437,0.00564897,2.68853,0,0.0298966
-0.0205889,0.00577845,2.69584,0,0.0299231
-0.0191302,0.00595748,2.6952,0,0.0300985
-0.0177598,0.00609211,2.7171,0,0.030234
-0.0166775,0.00617984,2.72889,0,0.030158
-0.0156806,0.00622113,2.74163,0,0.0302542
-0.0151798,0.00625017,2.76125,0,0.0301817
-0.0140762,0.00627962,2.77388,0,0.0302501
-0.0129579,0.00633845,2.79377,0,0.0304009
-0.0117291,0.00639041,2.80092,0,0.0305313
-0.0110804,0.00644494,2.81398,0,0.0306718
-0.0105069,0.00646793,2.83834,0,0.0308324
-0.0100975,0.00652916,2.85469,0,0.0309305
-0.0101256,0.00663306,2.86612,0,0.0311314
-0.0104024,0.0067541,2.8893,0,0.0311854
-0.0107661,0.00684083,2.90271,0,0.0312978
-0.0109556,0.00690107,2.92343,0,0.0312721
-0.010472,0.00695802,2.92442,0,0.0314635
-0.00999259,0.00702769,2.9236,0,0.0316332
-0.00926013,0.00712854,2.93334,0,0.0318024
-0.00849234,0.0071849,2.93792,0,0.0320145
-0.00802307,0.00728633,2.95388,0,0.0320517
-0.00784729,0.00731712,2.97592,0,0.032097
-0.00813302,0.00738446,2.98966,0,0.0320962
-0.00905195,0.00740876,3.00043,0,0.0322598
-0.00939486,0.00745173,3.01227,0,0.0322632
-0.00986783,0.00747447,3.00192,0,0.0322735
-0.0103372,0.00747514,3.01418,0,0.0323301
-0.0101835,0.00749128,3.01403,0,0.0324394
-0.0101653,0.00745668,3.01998,0,0.0325369
-0.0105715,0.00743812,3.0245,0,0.0327444
-0.0100007,0.00738282,3.04417,0,0.0327859
-0.01015,0.00739792,3.06045,0,0.0328842
-0.00960056,0.0074379,3.06382,0,0.0329847
-0.00947943,0.00746788,3.0723,0,0.0331166
-0.00885068,0.00755848,3.07748,0,0.0332347
-0.00911377,0.00766756,3.09506,0,0.0334088
-0.00915172,0.00769638,3.09473,0,0.033547
-0.00901761,0.00769746,3.10222,0,0.0335932
-0.00910816,0.00765396,3.1132,0,0.0337172
-0.00950947,0.00766464,3.14222,0,0.0336914
-0.0104219,0.00766064,3.123,0,0.0340946
-0.0109205,0.00762419,3.11848,0,0.0340598
-0.0112419,0.00759832,3.11557,0,0.0340937
-0.0117504,0.00750882,3.13394,0,0.0341559
-0.0124975,0.00742952,3.15339,0,0.0342272
-0.0136381,0.00737536,3.15715,0,0.0344684
-0.0145468,0.00738082,3.15527,0,0.0345463
-0.0146959,0.00744632,3.15809,0,0.0346332
-0.0149166,0.00753572,3.17088,0,0.0348654
-0.0152643,0.00756599,3.19392,0,0.0349338
-0.0156033,0.00761916,3.19413,0,0.0349133
-0.016141,0.00767429,3.20594,0,0.0351362
-0.0167466,0.00775353,3.20534,0,0.0352862
-0.0170335,0.00776431,3.21995,0,0.0353066
-0.0168755,0.00775713,3.22606,0,0.0355543
-0.016376,0.00775538,3.22428,0,0.035603
-0.015607,0.00768997,3.24689,0,0.0356802
-0.0148563,0.00759725,3.26043,0,0.0356449
-0.0138304,0.00753184,3.26484,0,0.0357084
-0.0136246,0.00752348,3.27823,0,0.035652
-0.0138982,0.00748198,3.27907,0,0.0356864
-0.0136439,0.00752124,3.28762,0,0.0357641
-0.0137983,0.00760975,3.30561,0,0.035798
-0.0145835,0.0077564,3.31696,0,0.035985
-0.0155595,0.00789693,3.33888,0,0.0361911
-0.0162118,0.00806877,3.34343,0,0.0365254
-0.0167703,0.00821692,3.35576,0,0.0364343
-0.0174602,0.00834064,3.36511,0,0.0365275
-0.0181468,0.00838587,3.38331,0,0.0366193
-0.0189099,0.00851846,3.39754,0,0.03666
-0.0196033,0.00861666,3.40671,0,0.0369617
-0.0204925,0.00870542,3.41627,0,0.0371311
-0.0211869,0.00877389,3.41663,0,0.0372532
-0.02232,0.00888499,3.42446,0,0.0373733
-0.0226153,0.00903186,3.43369,0,0.0374844
-0.0225593,0.00925033,3.42846,0,0.0375929
-0.0225116,0.00941629,3.41928,0,0.0376853
-0.022745,0.00957801,3.43692,0,0.0378326
-0.022129,0.00970237,3.44207,0,0.0377522
-0.0224109,0.00982479,3.47307,0,0.0377526
-0.0227153,0.00991963,3.46829,0,0.0378202
-0.0234051,0.0100059,3.50096,0,0.0378341
-0.023394,0.0101256,3.51102,0,0.0380042
-0.0244301,0.0102539,3.53395,0,0.0380704
-0.0249985,0.010393,3.57386,0,0.0382144
-0.0255422,0.0104971,3.57964,0,0.0382604
-0.0263727,0.0105617,3.58408,0,0.0383427
-0.0267926,0.0105708,3.59312,0,0.0385086
-0.0269835,0.0105671,3.60292,0,0.0385411
-0.0273661,0.0105406,3.61403,0,0.0385668
-0.0271605,0.0105067,3.63904,0,0.0385519
-0.026907,0.0104332,3.64439,0,0.0386692
-0.0262583,0.0103631,3.64689,0,0.0387365
-0.0263,0.0102524,3.66925,0,0.0388605
-0.0271363,0.0101442,3.6957,0,0.0389552
-0.0281603,0.0100645,3.70076,0,0.0391415
-0.0288572,0.00996911,3.72683,0,0.039258
-0.0291241,0.00992175,3.72782,0,0.0394447
-0.0299301,0.0098778,3.73989,0,0.0396683
-0.0313199,0.00983958,3.74164,0,0.0398234
-0.03272,0.00973906,3.75463,0,0.0400197
-0.0331624,0.00960039,3.77949,0,0.0401826
-0.033021,0.00953242,3.79653,0,0.0403329
-0.0318836,0.00947221,3.80738,0,0.0405774
-0.0310706,0.00938977,3.81543,0,0.0409703
-0.0303477,0.00935241,3.82593,0,0.0410917
-0.0296516,0.0093385,3.83554,0,0.0413274
-0.0285982,0.00930772,3.85033,0,0.0416472
-0.0283436,0.00930252,3.87392,0,0.0418282
-0.0283377,0.00933296,3.89282,0,0.0420995
-0.0288847,0.00935757,3.89155,0,0.0424249
-0.028742,0.00932683,3.90418,0,0.0427478
-0.0283188,0.00935745,3.92109,0,0.0430928
-0.0277444,0.00929154,3.92265,0,0.0434411
-0.0268722,0.00921722,3.94625,0,0.0438979
-0.0254863,0.00912887,3.97805,0,0.0443736
-0.0241112,0.00906784,3.98294,0,0.0445927
-0.0222004,0.00902144,3.98342,0,0.0446557
-0.0207083,0.00896388,3.9894,0,0.0448814
-0.0202118,0.00889659,3.99438,0,0.0451131
-0.0197282,0.0088398,4.00772,0,0.0454195
-0.0194865,0.00878619,4.0372,0,0.0456298
-0.0192458,0.00870701,4.0505,0,0.0459546
-0.018762,0.00866448,4.06435,0,0.0461789
-0.018281,0.00864602,4.06912,0,0.0465171
-0.0177239,0.0086426,4.0682,0,0.0467702
-0.0173851,0.00868941,4.08926,0,0.0470168
-0.0174392,0.00874381,4.09366,0,0.0474195
-0.0169517,0.00875742,4.09716,0,0.0477295
-0.0165576,0.00878871,4.10261,0,0.048121
-0.0164108,0.00878265,4.12188,0,0.04854
-0.0161675,0.00874544,4.14322,0,0.0489785
-0.0162999,0.00868519,4.1563,0,0.0494888
-0.0151042,0.0086212,4.17527,0,0.0498724
-0.0139946,0.00856467,4.18254,0,0.0504536
-0.012978,0.00853253,4.20731,0,0.0508916
-0.0126015,0.00851808,4.22034,0,0.0513947
-0.0118609,0.00847367,4.22132,0,0.0518464
-0.0113478,0.00837189,4.23702,0,0.0524267
-0.0109548,0.00829343,4.23603,0,0.0528511
-0.0103529,0.00828078,4.23575,0,0.0533653
-0.00899617,0.0082666,4.23082,0,0.0541057
-0.00791565,0.00822318,4.23088,0,0.0552922
-0.00772827,0.0081996,4.23471,0,0.0563646
-0.00762427,0.00818484,4.25176,0,0.0576002
-0.0073098,0.00812889,4.26658,0,0.0589193
-0.00638861,0.00798718,4.26598,0,0.0599847
-0.00581003,0.00792636,4.2725,0,0.0616339
-0.00496846,0.00786616,4.25876,0,0.062981
-0.00409705,0.00783088,4.27168,0,0.0645011
-0.00383524,0.00780087,4.2885,0,0.0658186
-0.0030411,0.00781495,4.29645,0,0.0673305
-0.00306477,0.00772852,4.29585,0,0.0687635
-0.00333492,0.00766946,4.34081,0,0.0704008
-0.00372045,0.00761003,4.34621,0,0.0723935
-0.00384049,0.00752643,4.36706,0,0.0737338
-0.00358129,0.00750248,4.38634,0,0.0752658
-0.00351933,0.00752521,4.38835,0,0.0770278
-0.00336952,0.0075137,4.37948,0,0.0786239
-0.00281781,0.00747916,4.38258,0,0.0805029
-0.00239469,0.00741653,4.38303,0,0.0824651
-0.00303756,0.00732699,4.40458,0,0.0841243
-0.0038835,0.00721823,4.41634,0,0.0857036
-0.00469558,0.0071381,4.40319,0,0.0876121
-0.00553749,0.00707453,4.41803,0,0.0894888
-0.00618182,0.00699784,4.4258,0,0.0915688
-0.00706676,0.00693363,4.42643,0,0.0936173
-0.0074388,0.00691354,4.43933,0,0.0957041
-0.00778684,0.00692891,4.46874,0,0.0981736
-0.00790004,0.0068964,4.48492,0,0.0998216
-0.00746417,0.00682487,4.48729,0,0.101781
-0.00661364,0.0067949,4.49446,0,0.103855
-0.00549987,0.00679152,4.50358,0,0.105789
-0.0042104,0.00675627,4.53298,0,0.108133
-0.00309461,0.00662591,4.55015,0,0.110217
-0.0013167,0.00650988,4.54272,0,0.112528
0.000417249,0.00637178,4.55192,0,0.114953
0.00214971,0.00627986,4.56297,0,0.116835
0.00419368,0.00614248,4.56869,0,0.119014
0.0060408,0.00605204,4.58566,0,0.121611
0.00796132,0.0059266,4.59171,0,0.124291
0.00969754,0.00577194,4.59926,0,0.127006
0.0111239,0.00566631,4.59564,0,0.129589
0.0124961,0.00550771,4.60384,0,0.132041
0.0131978,0.00531471,4.60613,0,0.134513
0.013711,0.00504082,4.61356,0,0.137092
0.0136841,0.00484022,4.63775,0,0.139979
0.0138243,0.00464405,4.64148,0,0.142551
0.0141032,0.00446246,4.6585,0,0.145765
0.014249,0.0042928,4.65554,0,0.148241
0.0144723,0.00410266,4.67077,0,0.151118
0.0148214,0.00387035,4.69017,0,0.153782
0.0153827,0.00368152,4.6763,0,0.156413
0.0164437,0.00351247,4.69303,0,0.159243
0.0179736,0.00333484,4.70984,0,0.162082
0.0187756,0.00317458,4.71078,0,0.164855
0.0202089,0.00301483,4.74297,0,0.169534
0.0214306,0.0029095,4.75294,0,0.17068
0.0221933,0.00281143,4.76375,0,0.173479
0.0232881,0.00264653,4.76265,0,0.17638
0.0244587,0.00246812,4.79113,0,0.178766
0.0252447,0.00221061,4.80787,0,0.181741
0.0260971,0.0019738,4.79663,0,0.184764
0.0272801,0.00168763,4.8007,0,0.186822
0.0283573,0.00146712,4.81699,0,0.190144
0.0300182,0.00115383,4.83817,0,0.192855
0.031646,0.000826888,4.83427,0,0.196002
0.0333913,0.000517182,4.85176,0,0.199148
0.0354935,0.000108079,4.86796,0,0.202031
0.0368432,-0.000291694,4.87724,0,0.205101
0.0376732,-0.000678597,4.87651,0,0.208119
0.0379713,-0.00102577,4.88687,0,0.210603
0.0380663,-0.00133891,4.88986,0,0.213231
0.0387775,-0.00156851,4.8951,0,0.215934
0.0391306,-0.00182416,4.89092,0,0.219034
0.0397757,-0.00208245,4.898,0,0.221276
0.0399296,-0.00237226,4.92066,0,0.224542
0.0402599,-0.00271594,4.94097,0,0.227604
0.0402809,-0.00310434,4.96677,0,0.230489
0.0398015,-0.00348156,4.97263,0,0.233243
0.0395639,-0.00388522,5.00221,0,0.236213
0.039812,-0.00430939,5.02489,0,0.238865
0.0404959,-0.00471831,5.04477,0,0.242156
0.0410598,-0.00509122,5.06933,0,0.244629
0.0413391,-0.00537768,5.06143,0,0.24754
0.0416526,-0.00570054,5.08423,0,0.251306
0.0418365,-0.00608641,5.10894,0,0.25403
0.0415484,-0.00645625,5.13033,0,0.2567
0.0413408,-0.00682284,5.14457,0,0.259828
0.0405623,-0.00718951,5.16228,0,0.26341
0.0395547,-0.00748895,5.15856,0,0.266527
0.0385152,-0.00780795,5.1845,0,0.2694
0.0384214,-0.00811795,5.19866,0,0.272739
0.038383,-0.00844999,5.20583,0,0.275632
0.0382283,-0.00870573,5.20882,0,0.278326
0.0383983,-0.00891033,5.23392,0,0.281511
0.0388186,-0.00908458,5.22224,0,0.284789
0.0389965,-0.00936909,5.24057,0,0.287854
0.0395611,-0.00966147,5.27,0,0.290547
0.0401154,-0.0100083,5.28767,0,0.293429
0.0409415,-0.0103785,5.29262,0,0.296581
0.0416996,-0.0107788,5.30064,0,0.299842
0.041954,-0.0111131,5.32001,0,0.30348
0.0427963,-0.0114304,5.31263,0,0.306693
0.0430602,-0.0116909,5.3033,0,0.309504
0.0432488,-0.0119903,5.33773,0,0.312757
0.0429728,-0.0122004,5.36449,0,0.314969
0.0428557,-0.0124919,5.39402,0,0.317715
0.0426686,-0.0127484,5.39349,0,0.320607
0.0426221,-0.0129756,5.40791,0,0.324078
0.0431264,-0.0132402,5.41007,0,0.327248
0.0434691,-0.0135023,5.42481,0,0.330054
0.0441647,-0.0137682,5.45029,0,0.332943
0.044824,-0.0140727,5.45571,0,0.33561
0.0452893,-0.0144115,5.48921,0,0.338208
0.0458349,-0.014739,5.5139,0,0.341465
0.0466755,-0.0150647,5.52418,0,0.344535
0.0469423,-0.0154026,5.55804,0,0.347241
0.0473674,-0.0156647,5.55656,0,0.350087
0.0477453,-0.0159595,5.57763,0,0.352911
0.0481464,-0.0162558,5.59911,0,0.355917
0.0489308,-0.0165667,5.6184,0,0.358991
0.0497341,-0.0168403,5.61819,0,0.361984
0.0503107,-0.0171023,5.63148,0,0.364901
0.0508066,-0.017408,5.64002,0,0.367779
0.050859,-0.0177697,5.6594,0,0.371184
0.0514557,-0.0181432,5.66799,0,0.373547
0.0518746,-0.0185145,5.66823,0,0.376683
0.0524247,-0.0189099,5.68718,0,0.379661
0.0523612,-0.0193161,5.71265,0,0.382579
0.05253,-0.0197409,5.7399,0,0.385614
0.0521165,-0.0202257,5.76904,0,0.388192
0.0522162,-0.0207116,5.79275,0,0.390784
0.0524978,-0.0211739,5.80649,0,0.393817
0.0528962,-0.0216163,5.83804,0,0.396994
0.0534459,-0.0219988,5.82592,0,0.399885
0.0540048,-0.0223811,5.83032,0,0.403358
0.0531155,-0.0227622,5.85244,0,0.406798
0.0523427,-0.0230976,5.86175,0,0.408926
0.0509742,-0.0233809,5.8545,0,0.41203
0.0501512,-0.0236866,5.85357,0,0.415088
0.0492444,-0.0240014,5.83738,0,0.418327
0.0480685,-0.0242869,5.85627,0,0.421135
0.0468318,-0.0245643,5.85536,0,0.42406
0.0455019,-0.0248474,5.86164,0,0.426824
0.0442751,-0.0251283,5.86678,0,0.429582
0.0427476,-0.0253758,5.87639,0,0.433296
0.0414236,-0.0255963,5.9066,0,0.436163
0.040421,-0.0258213,5.91024,0,0.438625
0.0388717,-0.0260653,5.9191,0,0.441803
0.0373976,-0.0263375,5.95988,0,0.444395
0.0362161,-0.0265951,5.98715,0,0.447358
0.0359837,-0.0268347,5.99722,0,0.449886
0.0363704,-0.0271282,6.01552,0,0.452575
0.0358979,-0.0274214,6.02452,0,0.45526
0.0357132,-0.0276294,6.05037,0,0.458377
0.0351708,-0.0277744,6.06973,0,0.461753
0.0350271,-0.0278442,6.07204,0,0.464825
0.0347411,-0.0278834,6.07455,0,0.467296
0.0346633,-0.0279699,6.10439,0,0.469616
0.0345307,-0.028081,6.12406,0,0.472479
0.034181,-0.0281885,6.13057,0,0.475302
0.0336316,-0.0283575,6.13256,0,0.478123
0.0332896,-0.0286207,6.17141,0,0.480591
0.0331301,-0.0289153,6.19231,0,0.483157
0.0331607,-0.0291966,6.20462,0,0.485942
0.033663,-0.0294601,6.1924,0,0.489234
0.0344062,-0.0297398,6.21601,0,0.492643
0.0346106,-0.0300365,6.23169,0,0.495053
0.034595,-0.0302649,6.26061,0,0.498243
0.0348268,-0.0305206,6.25637,0,0.500851
0.0349184,-0.0307925,6.28881,0,0.503879
0.0340318,-0.0310437,6.29547,0,0.506208
0.0341825,-0.0312931,6.30284,0,0.508705
0.0354422,-0.0315089,6.33873,0,0.511128
0.0366095,-0.0316995,6.32462,0,0.513539
0.0377988,-0.0318196,6.33008,0,0.51574
0.0386063,-0.031894,6.33465,0,0.518658
0.0392699,-0.0319698,6.33997,0,0.520652
0.0397853,-0.0320278,6.37046,0,0.522911
0.0402408,-0.0320925,6.37874,0,0.525739
0.0403758,-0.032144,6.40046,0,0.528244
0.040715,-0.0322219,6.403,0,0.530555
0.0411994,-0.0323192,6.40919,0,0.532965
0.0413818,-0.0324289,6.43079,0,0.535023
0.0414334,-0.0326052,6.43154,0,0.537654
0.041524,-0.0327626,6.45056,0,0.540425
0.0411117,-0.0328143,6.47898,0,0.544491
0.0402095,-0.0328221,6.47878,0,0.546496
0.0391394,-0.0328787,6.48695,0,0.549484
0.0390384,-0.033002,6.49394,0,0.551877
0.0397145,-0.0330729,6.50771,0,0.55481
0.0402823,-0.0331656,6.52466,0,0.557098
0.039933,-0.0333472,6.54846,0,0.559696
0.0401401,-0.0335586,6.55675,0,0.562516
0.0398143,-0.0337597,6.55313,0,0.565221
0.0396685,-0.0339572,6.55727,0,0.568142
0.0399815,-0.034184,6.57846,0,0.570358
0.0404081,-0.0343333,6.60384,0,0.573339
0.0411419,-0.0344704,6.5956,0,0.575233
0.041565,-0.0345979,6.59315,0,0.577504
0.0414588,-0.0347111,6.61019,0,0.579749
0.0413443,-0.034859,6.63601,0,0.582349
0.0413619,-0.0350552,6.65671,0,0.584891
0.040552,-0.03526,6.65894,0,0.587244
0.0400681,-0.0354678,6.67543,0,0.589029
0.0399513,-0.0356682,6.70371,0,0.591758
0.0395588,-0.0358083,6.74077,0,0.593722
0.0388742,-0.0360367,6.7437,0,0.596172
0.0382073,-0.0362941,6.76618,0,0.598867
0.0383369,-0.0365661,6.78028,0,0.60041
0.038753,-0.0368643,6.81012,0,0.603059
0.0391776,-0.0371636,6.86221,0,0.60521
0.039833,-0.0374501,6.86362,0,0.607358
0.0401089,-0.0377,6.85937,0,0.609844
0.0403429,-0.0379918,6.895,0,0.612049
0.0406303,-0.0382881,6.9106,0,0.613979
0.0406544,-0.0385856,6.92663,0,0.615825
0.0409966,-0.0388769,6.95536,0,0.617565
0.0410143,-0.0391158,6.96374,0,0.61978
0.0413729,-0.0392826,6.95452,0,0.621838
0.0415614,-0.0394235,6.94995,0,0.623747
0.041771,-0.0395927,6.96985,0,0.626462
0.0418945,-0.0397691,6.99675,0,0.628212
0.0414966,-0.0399544,6.99052,0,0.63026
0.0402189,-0.0400823,7.02418,0,0.632228
0.0394759,-0.0402212,7.02207,0,0.633908
0.0380718,-0.0403268,7.03805,0,0.636155
0.0361003,-0.0404251,7.05337,0,0.638375
0.0344032,-0.0405538,7.06727,0,0.639611
0.0329528,-0.0406892,7.08106,0,0.641161
0.0314647,-0.0407988,7.1032,0,0.642962
0.0302673,-0.0409428,7.10632,0,0.645305
0.0297427,-0.0410569,7.13016,0,0.64652
0.0293657,-0.0411787,7.12708,0,0.649046
0.0296548,-0.0413044,7.11411,0,0.65176
0.0302996,-0.0415047,7.16644,0,0.653778
0.0302066,-0.0417518,7.18967,0,0.655471
0.0305187,-0.0419583,7.18319,0,0.657513
0.0305013,-0.042177,7.17554,0,0.659088
0.0302654,-0.0423759,7.19937,0,0.661361
0.0296639,-0.042602,7.20633,0,0.663731
0.0284998,-0.0428469,7.2301,0,0.665717
0.0268259,-0.0430872,7.23781,0,0.668134
0.0250596,-0.0433754,7.25696,0,0.670026
0.0231089,-0.0436468,7.25801,0,0.67275
0.0211271,-0.0438672,7.25188,0,0.673799
0.0193238,-0.0441269,7.2827,0,0.675563
0.016922,-0.0444234,7.27973,0,0.678039
0.0143743,-0.0447481,7.29013,0,0.679541
0.0126073,-0.0450424,7.31286,0,0.681367
0.0112817,-0.0453344,7.3276,0,0.683363
0.0108024,-0.0455554,7.32046,0,0.684199
0.0103018,-0.0457611,7.33443,0,0.684326
0.00986716,-0.0459837,7.34121,0,0.683765
0.00962333,-0.0461352,7.31749,0,0.683079
0.0100072,-0.0462548,7.32825,0,0.682988
0.0097204,-0.0463329,7.33086,0,0.683577
0.00950585,-0.046448,7.30894,0,0.683093
0.0087489,-0.0465586,7.32782,0,0.683235
0.00832517,-0.0466398,7.3257,0,0.683272
0.00765518,-0.0467287,7.34395,0,0.683483
0.00679281,-0.0467722,7.35478,0,0.683231
0.00577166,-0.0467621,7.38401,0,0.683126
0.00544698,-0.0467844,7.3655,0,0.683333
0.0049475,-0.0468304,7.38561,0,0.684198
0.00480208,-0.0468417,7.41975,0,0.684657
0.0045875,-0.0468401,7.42229,0,0.684892
0.00464642,-0.0468326,7.41684,0,0.684931
0.00456775,-0.0468778,7.43166,0,0.685349
0.00532619,-0.0469977,7.42491,0,0.685294
0.00594429,-0.0471156,7.43837,0,0.685105
0.00655925,-0.0472712,7.42351,0,0.684988
0.00695706,-0.0474474,7.42258,0,0.685022
0.0074942,-0.0476076,7.45234,0,0.685696
0.00861885,-0.047716,7.46185,0,0.685833
0.00973941,-0.047775,7.48212,0,0.685433
0.0104305,-0.0478172,7.49824,0,0.685553
0.0114642,-0.0478469,7.51333,0,0.686018
0.0122964,-0.0478599,7.55797,0,0.686336
0.0132122,-0.0478822,7.56007,0,0.686093
0.0141936,-0.0479745,7.55423,0,0.686389
0.0150728,-0.0480744,7.54401,0,0.686698
0.0161283,-0.0481209,7.57282,0,0.687113
0.0165732,-0.048138,7.58412,0,0.686748
0.0171011,-0.0481428,7.6051,0,0.687111
0.0178042,-0.0481707,7.63728,0,0.687247
0.0181935,-0.0481259,7.64676,0,0.687001
0.0180917,-0.0481355,7.64828,0,0.687405
0.0176525,-0.0481041,7.66037,0,0.687278
0.0170428,-0.0480824,7.66731,0,0.687649
0.016498,-0.048013,7.6882,0,0.687773
0.0165557,-0.0479544,7.69031,0,0.688292
0.016683,-0.0478938,7.69145,0,0.68841
0.0161546,-0.0479328,7.70602,0,0.689108
0.0156287,-0.0478952,7.69573,0,0.689139
0.0149724,-0.0478501,7.69612,0,0.689634
0.0143864,-0.0478054,7.69383,0,0.690016
0.0141508,-0.0477582,7.69969,0,0.690616
0.0142201,-0.047675,7.73035,0,0.690548
0.0138633,-0.0476356,7.73015,0,0.690364
0.0135124,-0.0475554,7.73747,0,0.690417
0.013013,-0.0474652,7.76141,0,0.690417
0.0121746,-0.0474286,7.78595,0,0.691112
0.011334,-0.0474623,7.80127,0,0.69159
0.0101056,-0.047459,7.79174,0,0.691442
0.00859253,-0.0474393,7.8313,0,0.691483
0.00732103,-0.0473811,7.83086,0,0.691962
0.00596258,-0.0473362,7.8202,0,0.691611
0.00489194,-0.0472974,7.82268,0,0.691058
0.004725,-0.0472519,7.81884,0,0.691875
0.00453151,-0.0472429,7.80627,0,0.692243
0.00426489,-0.0473154,7.79979,0,0.692718
0.00347988,-0.0473468,7.81755,0,0.69278
0.00284652,-0.0474506,7.8087,0,0.692788
0.00185778,-0.0475554,7.81141,0,0.693037
0.000766795,-0.0476303,7.82276,0,0.693425
-0.000169534,-0.0476177,7.8177,0,0.693281
-0.000636759,-0.0475828,7.8511,0,0.693663
-0.0013161,-0.0475356,7.83402,0,0.694242
-0.0015735,-0.0474891,7.8528,0,0.694679
-0.00153695,-0.0474769,7.8579,0,0.695456
-0.00176523,-0.0474647,7.88789,0,0.695032
-0.00187419,-0.0475243,7.894,0,0.694556
-0.00123121,-0.0476037,7.90918,0,0.694914
-0.000271211,-0.0476589,7.90155,0,0.694993
0.00056653,-0.0477251,7.91569,0,0.695119
0.00150906,-0.0477374,7.92557,0,0.695557
0.00232292,-0.0477359,7.94821,0,0.695522
0.00272576,-0.0477509,7.95087,0,0.695631
0.00315015,-0.0477766,7.98253,0,0.696298
0.00346658,-0.0477962,7.9854,0,0.697252
0.00358554,-0.0478232,7.99208,0,0.697849
0.0035616,-0.0477942,7.99424,0,0.698043
0.00374176,-0.0477237,7.99801,0,0.698116
0.00351671,-0.0476293,8.01495,0,0.69767
0.00337112,-0.0475647,8.01779,0,0.69716
0.00333459,-0.0474356,8.02354,0,0.697386
0.00353482,-0.0473601,8.04785,0,0.697175
0.00412983,-0.0472329,8.06353,0,0.698334
0.00482653,-0.0471161,8.07598,0,0.699449
0.00486764,-0.047101,8.09366,0,0.699966
0.00512435,-0.0470574,8.11619,0,0.700856
0.00535027,-0.0470387,8.1146,0,0.701399
0.00548857,-0.0470206,8.10607,0,0.701351
0.00534716,-0.0470503,8.10596,0,0.701057
0.00503853,-0.0470495,8.09885,0,0.701576
0.0045957,-0.0470394,8.08703,0,0.701275
0.00399302,-0.0470576,8.08977,0,0.701158
0.0040415,-0.0470416,8.12487,0,0.701006
0.00389989,-0.0469755,8.13978,0,0.701045
0.00330842,-0.0469384,8.1679,0,0.701911
0.00265448,-0.0469795,8.18109,0,0.701759
0.00193741,-0.0470078,8.20396,0,0.701746
0.000805507,-0.0470189,8.22599,0,0.700976
3.23354e-05,-0.0470363,8.22482,0,0.7005
-0.00109048,-0.047063,8.2258,0,0.701311
-0.00179169,-0.0470727,8.24455,0,0.701902
-0.00219953,-0.0470975,8.25495,0,0.701203
-0.00231638,-0.0471284,8.28307,0,0.70087
-0.00210168,-0.0471451,8.29143,0,0.700758
-0.00205474,-0.0471612,8.27938,0,0.700521
-0.00167146,-0.0471963,8.29341,0,0.700732
-0.000521656,-0.0472314,8.32249,0,0.699837
3.01818e-05,-0.047234,8.33294,0,0.700035
0.000590136,-0.0472531,8.36578,0,0.701041
0.00142812,-0.0472886,8.3941,0,0.701717
0.00171639,-0.0473113,8.41122,0,0.701269
0.00210862,-0.0472691,8.43332,0,0.700758
0.00253877,-0.0472512,8.42976,0,0.700428
0.00277557,-0.0472752,8.45625,0,0.70099
0.00315036,-0.0473546,8.43207,0,0.701368
0.00353772,-0.0474405,8.44734,0,0.701222
0.00363537,-0.0475687,8.48982,0,0.701479
0.0037248,-0.0476196,8.51376,0,0.701859
0.00438506,-0.0477155,8.52306,0,0.701395
0.00498821,-0.0478446,8.53318,0,0.701898
0.0057287,-0.047918,8.54751,0,0.701174
0.00656424,-0.0479623,8.55933,0,0.702232
0.00701084,-0.047977,8.58478,0,0.702611
0.00763686,-0.047928,8.60811,0,0.703246
0.00781559,-0.0478959,8.60021,0,0.703163
0.00826768,-0.0480158,8.5967,0,0.703387
0.00860908,-0.0481404,8.62321,0,0.703899
0.00865492,-0.0482524,8.62515,0,0.703673
0.00840595,-0.0482585,8.63976,0,0.703893
0.00824136,-0.0482425,8.65278,0,0.703719
0.00811755,-0.0481635,8.66945,0,0.704375
0.00776224,-0.0481411,8.66599,0,0.705455
0.00734614,-0.04815,8.68891,0,0.705453
0.00620927,-0.0482522,8.70094,0,0.705661
0.00531413,-0.0483092,8.72155,0,0.705711
0.00522099,-0.0483722,8.70382,0,0.706014
0.00450238,-0.0484449,8.73759,0,0.706167
0.00439629,-0.0484621,8.72635,0,0.706899
0.00374373,-0.0484681,8.72551,0,0.707576
0.00324098,-0.0484418,8.76154,0,0.707839
0.00316519,-0.0484298,8.7729,0,0.707374
0.00290234,-0.0484623,8.80928,0,0.70735
0.00343556,-0.0484773,8.82218,0,0.707128
0.00396295,-0.048482,8.84045,0,0.707951
0.00424543,-0.0484238,8.82857,0,0.70723
0.00396063,-0.0483305,8.873,0,0.707363
0.00334443,-0.0482484,8.88553,0,0.707784
0.00247486,-0.0481949,8.92283,0,0.708456
0.00189391,-0.0481543,8.9034,0,0.708687
0.000974456,-0.048123,8.912,0,0.709033
-0.000157406,-0.0481501,8.92507,0,0.709024
-0.00137856,-0.0481852,8.93522,0,0.709265
-0.00243137,-0.0482404,8.93905,0,0.709767
-0.0030368,-0.0482561,8.96254,0,0.710153
-0.00327079,-0.0482787,8.98055,0,0.7109
-0.00379092,-0.0483565,8.99828,0,0.710562
-0.00483311,-0.0484917,9.03114,0,0.709596
-0.00554099,-0.0485664,9.04446,0,0.709426
-0.00562476,-0.0486187,9.07092,0,0.709281
-0.00547686,-0.0486245,9.06946,0,0.710258
-0.00536354,-0.0486032,9.069,0,0.710728
-0.00607431,-0.0485007,9.0842,0,0.710342
-0.007185,-0.0484015,9.08221,0,0.710021
-0.00865184,-0.0483504,9.09409,0,0.71018
-0.0098113,-0.0483462,9.09164,0,0.711019
-0.010689,-0.0483339,9.13336,0,0.710462
-0.0106254,-0.0484144,9.1368,0,0.709568
-0.0108768,-0.0485185,9.1587,0,0.710313
-0.0108883,-0.0485579,9.15431,0,0.710524
-0.0108413,-0.0486093,9.16618,0,0.710746
-0.0102719,-0.0486516,9.17307,0,0.710502
-0.00916891,-0.0486093,9.1771,0,0.711061
-0.00745042,-0.0485756,9.1706,0,0.711181
-0.0055919,-0.0485211,9.14923,0,0.711767
-0.00257506,-0.0484472,9.11834,0,0.711927
6.13334e-05,-0.0483544,9.13685,0,0.711188
0.00261252,-0.0482714,9.15247,0,0.71151
0.00470051,-0.0482369,9.15691,0,0.711598
0.00631326,-0.0482708,9.18071,0,0.711385
0.00777892,-0.0482275,9.18382,0,0.711305
0.00960746,-0.0481729,9.1884,0,0.711585
0.0111244,-0.0481106,9.19179,0,0.711948
0.0122609,-0.0481008,9.2253,0,0.711183
0.0131098,-0.0480912,9.23009,0,0.711248
0.0138546,-0.0481139,9.25284,0,0.710732
0.0140518,-0.0481356,9.2648,0,0.710592
0.0146192,-0.0480542,9.25501,0,0.710272
0.014841,-0.04804,9.25189,0,0.710157
0.0146869,-0.0479919,9.24552,0,0.711087
0.0145583,-0.0479743,9.25669,0,0.71104
0.0148244,-0.0479755,9.26939,0,0.710716
0.0155974,-0.0479984,9.31253,0,0.710848
0.016117,-0.048009,9.34343,0,0.710492
0.0167788,-0.0480234,9.36287,0,0.710669
0.0174881,-0.0479971,9.35656,0,0.710545
0.017856,-0.0479787,9.34584,0,0.710222
0.0181526,-0.0479521,9.35698,0,0.710794
0.018553,-0.0479651,9.37685,0,0.710641
0.0188044,-0.0479492,9.37345,0,0.710945
0.0187641,-0.047905,9.39675,0,0.71073
0.0196209,-0.0478863,9.41195,0,0.711768
0.0200896,-0.0478428,9.42285,0,0.712205
0.0201276,-0.0478464,9.4377,0,0.712777
0.020607,-0.0478745,9.46533,0,0.71265
0.0209717,-0.0478508,9.47855,0,0.713176
0.0217534,-0.0478313,9.46537,0,0.714358
0.0230185,-0.0477838,9.47947,0,0.715406
0.0241691,-0.0477387,9.49358,0,0.715152
0.0245308,-0.047713,9.53587,0,0.71547
0.0245862,-0.0476903,9.54066,0,0.715216
0.024713,-0.0476383,9.54074,0,0.715779
0.0251591,-0.0475914,9.56219,0,0.716573
0.0248573,-0.0475665,9.58216,0,0.716761
0.0246975,-0.0475613,9.58711,0,0.716204
0.0247211,-0.0475547,9.59112,0,0.717085
0.0256856,-0.0475628,9.60468,0,0.717786
0.0258947,-0.0475569,9.64189,0,0.717534
0.0258843,-0.0475031,9.67385,0,0.718712
0.026212,-0.0474051,9.70861,0,0.719323
0.0268614,-0.0472941,9.71298,0,0.720511
0.0268711,-0.0471725,9.67706,0,0.722108
0.0276292,-0.0471094,9.70337,0,0.723146
0.0282472,-0.0469863,9.70723,0,0.723763
0.0292869,-0.0469335,9.71887,0,0.723657
0.030159,-0.0468749,9.76,0,0.724804
0.0312999,-0.0468419,9.78256,0,0.725191
0.0326938,-0.0468169,9.78499,0,0.725983
0.0336314,-0.0467795,9.82832,0,0.726881
0.0347973,-0.0467487,9.80082,0,0.727632
0.0359676,-0.0467389,9.80804,0,0.729159
0.0372397,-0.0467205,9.8012,0,0.729098
0.0378265,-0.0466778,9.80629,0,0.730089
0.038095,-0.0466342,9.8363,0,0.730962
0.038352,-0.0466521,9.87321,0,0.732359
0.0380251,-0.0466163,9.87926,0,0.733377
0.0375744,-0.0465079,9.8857,0,0.733389
0.0366891,-0.0463997,9.88529,0,0.733737
0.0356195,-0.046244,9.89006,0,0.734733
0.0345124,-0.0461296,9.93232,0,0.735566
0.0338051,-0.0459772,9.94862,0,0.73684
0.0335699,-0.0457891,9.9582,0,0.737113
0.0335778,-0.0455948,9.97975,0,0.737907
0.0341977,-0.0454586,9.97905,0,0.739795
0.0343515,-0.045303,9.96061,0,0.740698
0.0339539,-0.0451599,9.95231,0,0.741378
0.0334484,-0.0450206,9.95,0,0.743327
0.0333594,-0.0448814,9.95021,0,0.744363
0.0334002,-0.0447677,9.94935,0,0.745875
0.0332397,-0.0446559,9.95843,0,0.746684
0.0333715,-0.0445651,9.97724,0,0.747726
0.0329878,-0.044449,10.0211,0,0.749125
0.0330858,-0.0443931,10.0326,0,0.749961
0.0337589,-0.0442713,10.0381,0,0.750156
0.0341407,-0.0441871,10.0226,0,0.752021
0.0347448,-0.0440826,10.02,0,0.752599
0.0358198,-0.0440045,10.0506,0,0.753362
0.0371152,-0.0439232,10.0657,0,0.75554
0.0382049,-0.0438144,10.0756,0,0.756619
0.039359,-0.0437091,10.0839,0,0.758407
0.0401843,-0.0435948,10.0578,0,0.760438
0.0402831,-0.0434868,10.0487,0,0.762388
0.0394497,-0.0434466,10.07,0,0.763326
0.0386514,-0.0434459,10.0812,0,0.765105
0.0379065,-0.0434431,10.1066,0,0.766028
0.0375421,-0.043456,10.0983,0,0.767325
0.0364528,-0.0434615,10.1096,0,0.767969
0.0355444,-0.0434597,10.1332,0,0.769604
0.0341515,-0.0434246,10.1562,0,0.769999
0.0327827,-0.0433726,10.1596,0,0.77188
0.0308592,-0.0432883,10.1409,0,0.773302
0.0286655,-0.0432361,10.152,0,0.774831
0.0270296,-0.0431053,10.1535,0,0.776648
0.0253526,-0.0430216,10.179,0,0.77758
0.0234615,-0.0429802,10.2011,0,0.778875
0.0214086,-0.0429115,10.2168,0,0.780262
0.019308,-0.0429162,10.2266,0,0.781534
0.0172529,-0.0429136,10.2552,0,0.783218
0.0159815,-0.0429241,10.2537,0,0.784266
0.0151271,-0.0428999,10.2297,0,0.786028
0.0141075,-0.0428376,10.2549,0,0.786811
0.0143941,-0.0427814,10.2452,0,0.787739
0.0140739,-0.0426675,10.2438,0,0.789414
0.0137618,-0.0425201,10.2513,0,0.790049
0.0138132,-0.0423756,10.2353,0,0.791561
0.0146859,-0.0422836,10.2697,0,0.792665
0.0159599,-0.0421962,10.2738,0,0.793576
0.0169042,-0.0420864,10.2528,0,0.795149
0.0178294,-0.041967,10.2614,0,0.796763
0.0194982,-0.041858,10.2894,0,0.798582
0.0206121,-0.0417184,10.3446,0,0.800065
0.0214496,-0.0415969,10.3312,0,0.800971
0.0232022,-0.0414182,10.3291,0,0.802097
0.0243906,-0.0412578,10.3478,0,0.804225
0.025601,-0.0410484,10.321,0,0.8058
0.0264273,-0.0408042,10.3255,0,0.807251
0.0270365,-0.0405296,10.3321,0,0.808407
0.028158,-0.0401754,10.3589,0,0.809828
0.0284702,-0.0399119,10.361,0,0.810815
0.0289559,-0.0396696,10.3488,0,0.812635
0.0303382,-0.039413,10.3373,0,0.813841
0.031267,-0.0391903,10.3374,0,0.815275
0.0321094,-0.0390202,10.3582,0,0.81624
0.032426,-0.0388591,10.3335,0,0.817894
0.0320827,-0.0387129,10.3297,0,0.819833
0.0319825,-0.0385811,10.3265,0,0.822275
0.0316488,-0.0384509,10.3482,0,0.82349
0.0312642,-0.0383354,10.3345,0,0.824761
0.0310053,-0.0381799,10.3628,0,0.825888
0.0310491,-0.038047,10.3755,0,0.828158
0.0313921,-0.0378815,10.3898,0,0.829132
0.0312678,-0.0377619,10.4025,0,0.831131
0.0309066,-0.0376294,10.4596,0,0.833042
0.0309262,-0.0375337,10.4959,0,0.835014
0.0301886,-0.0374648,10.4923,0,0.836823
0.0295899,-0.0373042,10.5026,0,0.8386
0.0286877,-0.0371093,10.5275,0,0.840154
0.0292358,-0.0369139,10.5424,0,0.842754
0.0296888,-0.0366851,10.5544,0,0.843828
0.0300998,-0.0364996,10.5671,0,0.845702
0.0306369,-0.0363653,10.5771,0,0.847586
0.0309863,-0.0362482,10.5956,0,0.850009
0.0316108,-0.0360915,10.6242,0,0.851601
0.0317934,-0.0360015,10.6193,0,0.852954
0.0319948,-0.0359055,10.6533,0,0.854783
0.0324994,-0.0357447,10.6788,0,0.856846
0.0331011,-0.0356591,10.6926,0,0.858644
0.0328394,-0.0355441,10.7171,0,0.861063
0.0331889,-0.0353638,10.7481,0,0.862658
0.0341942,-0.0351814,10.7541,0,0.865135
0.0352695,-0.0350598,10.7815,0,0.868018
0.0359935,-0.0350516,10.782,0,0.870023
0.0364323,-0.0350187,10.8159,0,0.872177
0.0367433,-0.0349811,10.8384,0,0.874185
0.037122,-0.0349162,10.8406,0,0.875224
0.0375326,-0.0348604,10.8401,0,0.877921
0.0383688,-0.0348533,10.8543,0,0.879779
0.0384594,-0.0347999,10.8565,0,0.882282
0.0382854,-0.0347496,10.883,0,0.884461
0.0386619,-0.0347306,10.9331,0,0.886361
0.0395976,-0.0347046,10.9286,0,0.888449
0.040403,-0.0347163,10.9417,0,0.889798
0.0413604,-0.0348105,10.9334,0,0.891164
0.0420825,-0.0348458,10.9318,0,0.892319
0.0434335,-0.034886,10.9553,0,0.892793
0.0447123,-0.034866,10.9779,0,0.895193
0.0455478,-0.0348365,10.9696,0,0.89691
0.047399,-0.0347973,10.9763,0,0.898946
0.0491105,-0.0348131,11.0192,0,0.900964
0.0506837,-0.0348945,11.0384,0,0.903014
0.0520834,-0.0349907,11.0558,0,0.905776
0.0522723,-0.0350667,11.0809,0,0.90869
0.0527279,-0.0351289,11.0929,0,0.910903
0.0530991,-0.0352441,11.1329,0,0.913388
0.0530939,-0.0353759,11.1585,0,0.914587
0.0525772,-0.0354905,11.16,0,0.916471
0.0523747,-0.0355519,11.1753,0,0.918192
0.051944,-0.0355913,11.1732,0,0.920337
0.0516158,-0.0356068,11.1968,0,0.922098
0.0515229,-0.035637,11.1888,0,0.92477
0.0508128,-0.0356612,11.1998,0,0.926972
0.049985,-0.0357152,11.2144,0,0.928883
0.0487891,-0.0357524,11.2051,0,0.930739
0.0477862,-0.0357729,11.2111,0,0.932414
0.0469294,-0.0357869,11.2332,0,0.935018
0.0464008,-0.0357842,11.2585,0,0.936653
0.0459282,-0.0358128,11.3076,0,0.939369
0.0460278,-0.0358396,11.3153,0,0.941512
0.0456301,-0.0358807,11.3023,0,0.942925
0.0449043,-0.0359057,11.3193,0,0.94533
0.0437305,-0.0359324,11.3376,0,0.947376
0.0430879,-0.0359779,11.3536,0,0.949848
0.0425987,-0.0360009,11.3453,0,0.952083
0.0422133,-0.0359539,11.3566,0,0.954286
0.0422337,-0.0358861,11.3608,0,0.95697
0.0423891,-0.0358572,11.3718,0,0.958923
0.0427781,-0.0358579,11.3952,0,0.960774
0.0434026,-0.0358741,11.3876,0,0.963045
0.0431956,-0.035831,11.4121,0,0.965827
0.0425883,-0.035807,11.3979,0,0.968454
0.0423226,-0.0357648,11.4043,0,0.971369
0.0427597,-0.0357271,11.3878,0,0.973538
0.0429056,-0.0356599,11.4093,0,0.976227
0.0441893,-0.0355757,11.439,0,0.979531
0.0451928,-0.0355481,11.4657,0,0.981775
0.045239,-0.0355353,11.4683,0,0.984126
0.0452924,-0.0353866,11.4857,0,0.985829
0.0462208,-0.0352918,11.516,0,0.98807
0.0473846,-0.0352549,11.5256,0,0.990489
0.0475717,-0.0352079,11.529,0,0.992746
0.047542,-0.0351945,11.529,0,0.994468
0.0477926,-0.0352222,11.5518,0,0.996119
0.0473465,-0.0352443,11.5771,0,0.998211
0.0471475,-0.0352046,11.5888,0,1.00071
0.0468655,-0.0351496,11.5937,0,1.0027
0.0467046,-0.0350794,11.6351,0,1.00446
0.0466091,-0.035038,11.6571,0,1.00483
0.0457461,-0.0350577,11.7243,0,1.00528
0.0456388,-0.0350671,11.7241,0,1.00578
0.0455092,-0.0350945,11.7462,0,1.00659
0.0456263,-0.0350538,11.749,0,1.00571
0.0454168,-0.0350019,11.7376,0,1.00547
0.0453715,-0.03497,11.768,0,1.00528
0.0454805,-0.0348702,11.7746,0,1.00534
0.0462901,-0.0347518,11.7953,0,1.00503
0.0467264,-0.0345967,11.8319,0,1.00472
0.0473752,-0.0344289,11.834,0,1.0051
0.0484322,-0.0342809,11.8518,0,1.0039
0.048893,-0.0342313,11.8336,0,1.00417
0.0488931,-0.0342386,11.8459,0,1.004
0.0488639,-0.0341974,11.8475,0,1.00373
0.0485672,-0.0342147,11.8555,0,1.00364
0.0486905,-0.0342928,11.8573,0,1.00416
0.04881,-0.0343474,11.8409,0,1.0044
0.0492265,-0.0343954,11.8847,0,1.0041
0.0493736,-0.0344158,11.915,0,1.0041
0.0494734,-0.0344435,11.9564,0,1.00449
0.0485998,-0.0345074,11.989,0,1.00466
0.047445,-0.0345563,12.0049,0,1.00477
0.0460673,-0.0345332,12.0116,0,1.00563
0.0453806,-0.0344887,12.0328,0,1.00602
0.0451581,-0.0344314,12.0488,0,1.00571
0.0453457,-0.0343625,12.0907,0,1.00576
0.0460971,-0.0343194,12.0723,0,1.00682
0.0466508,-0.0343393,12.0698,0,1.00717
0.0473011,-0.0343333,12.0857,0,1.00678
0.0483684,-0.0343308,12.1123,0,1.00757
0.0500408,-0.0343059,12.1343,0,1.00759
0.0513929,-0.0342516,12.1399,0,1.00809
0.0525252,-0.0341748,12.1401,0,1.0081
0.0536626,-0.0341319,12.1851,0,1.00804
0.0541252,-0.0340703,12.1873,0,1.007
0.0539512,-0.033976,12.2224,0,1.00738
0.0533952,-0.0338492,12.2415,0,1.00914
0.053286,-0.0336698,12.2414,0,1.00977
0.0537395,-0.0334842,12.2226,0,1.00945
0.0535285,-0.0332974,12.24,0,1.01032
0.0534921,-0.0331704,12.2691,0,1.01087
0.0541794,-0.033084,12.2522,0,1.01127
0.0547429,-0.0329775,12.2523,0,1.011
0.054886,-0.0328737,12.2678,0,1.01103
0.0554209,-0.0327792,12.2748,0,1.01204
0.0557824,-0.0326536,12.2865,0,1.01188
0.0563041,-0.032601,12.2918,0,1.01224
0.0570513,-0.0325458,12.276,0,1.01263
0.0576912,-0.0324733,12.2768,0,1.01317
0.0589326,-0.0323978,12.2731,0,1.0136
0.0603382,-0.0324146,12.2896,0,1.01397
0.0619555,-0.0324219,12.3055,0,1.01441
0.0631907,-0.0324493,12.326,0,1.01414
0.0643618,-0.0324697,12.3232,0,1.01449
0.0659575,-0.0324654,12.3199,0,1.01548
0.0677862,-0.0324546,12.3126,0,1.01562
0.0694071,-0.0324128,12.2965,0,1.01649
0.070634,-0.0323652,12.2761,0,1.01672
0.0719042,-0.0323392,12.293,0,1.01713
0.0725317,-0.0322946,12.3162,0,1.01713
0.0734885,-0.0321793,12.3297,0,1.01693
0.0747387,-0.0320653,12.3077,0,1.01623
0.0764436,-0.0320492,12.3363,0,1.01685
0.0774194,-0.0320028,12.3552,0,1.01789
0.0780018,-0.0320035,12.3569,0,1.01754
0.078251,-0.0320228,12.3823,0,1.01801
0.0780995,-0.0320455,12.3958,0,1.01798
0.0785126,-0.0321028,12.4313,0,1.01781
0.0790305,-0.0321267,12.4492,0,1.01768
0.0799335,-0.0320881,12.4628,0,1.01771
0.0810412,-0.0320038,12.4819,0,1.01753
0.082011,-0.0319423,12.4821,0,1.01731
0.0826697,-0.0319172,12.5009,0,1.01731
0.0838061,-0.031919,12.5242,0,1.01685
0.0855095,-0.0319537,12.5467,0,1.0172
0.0871148,-0.0320271,12.5345,0,1.01763
0.0883711,-0.0320281,12.5253,0,1.01783
0.0894367,-0.0321134,12.5502,0,1.01828
0.0909138,-0.0322275,12.5524,0,1.01873
0.091812,-0.0324208,12.5881,0,1.01884
0.0926969,-0.0326055,12.6107,0,1.01946
0.0934748,-0.032775,12.6305,0,1.01991
0.0936766,-0.03293,12.6281,0,1.02058
0.0943862,-0.0331041,12.6117,0,1.02008
0.095312,-0.0332359,12.6092,0,1.02022
0.0951368,-0.0332977,12.6072,0,1.02037
0.0952012,-0.0333244,12.6227,0,1.02085
0.0954161,-0.0333741,12.6065,0,1.02055
0.0959617,-0.0334522,12.5764,0,1.0199
0.096658,-0.0335,12.5777,0,1.01948
0.0971637,-0.0334859,12.5688,0,1.02033
0.0981621,-0.0335228,12.5965,0,1.02086
0.0991787,-0.033511,12.6022,0,1.02087
0.0999254,-0.0334985,12.58,0,1.02126
0.101298,-0.0335351,12.5785,0,1.0222
0.10251,-0.0336091,12.5983,0,1.02224
0.102813,-0.0336405,12.6053,0,1.02173
0.102413,-0.0337158,12.6331,0,1.02219
0.102501,-0.0337627,12.6191,0,1.02284
0.1033,-0.0338574,12.6293,0,1.0223
0.104266,-0.0339376,12.6378,0,1.02249
0.104779,-0.0340024,12.6474,0,1.02172
0.104525,-0.0341471,12.6395,0,1.02109
0.103926,-0.0342755,12.6309,0,1.02084
0.10324,-0.03438,12.6174,0,1.01998
0.10262,-0.0344792,12.6235,0,1.01954
0.102166,-0.034545,12.6463,0,1.01953
0.101648,-0.0346006,12.6616,0,1.01913
0.1021,-0.0346394,12.661,0,1.01874
0.101942,-0.0347068,12.6468,0,1.01936
0.101938,-0.034733,12.6736,0,1.01968
0.101942,-0.0347991,12.6518,0,1.02028
0.102273,-0.0349069,12.638,0,1.01951
0.102605,-0.0350026,12.6435,0,1.01949
0.103361,-0.0350797,12.6734,0,1.02051
0.104048,-0.0351719,12.6914,0,1.02129
0.104705,-0.0351978,12.7117,0,1.02123
0.105408,-0.0351937,12.7246,0,1.02198
0.105888,-0.0351749,12.7182,0,1.02159
0.106593,-0.0351559,12.7303,0,1.02205
0.106801,-0.0351471,12.7443,0,1.02246
0.107429,-0.0350789,12.7649,0,1.02271
0.107579,-0.0350787,12.7552,0,1.02325
0.10769,-0.0351194,12.8153,0,1.02377
0.107527,-0.0351858,12.8349,0,1.02418
0.108116,-0.0352459,12.8469,0,1.02421
0.108032,-0.0353079,12.8221,0,1.02353
0.108041,-0.0353746,12.8479,0,1.02382
0.108526,-0.035422,12.8797,0,1.02385
0.109155,-0.0354512,12.8768,0,1.02297
0.109377,-0.0354257,12.8822,0,1.02365
0.109308,-0.0354178,12.8699,0,1.02419
0.109223,-0.0354151,12.904,0,1.02365
0.108939,-0.0354173,12.9225,0,1.02345
0.10874,-0.0353778,12.8999,0,1.02418
0.109017,-0.0352885,12.9191,0,1.02415
0.109302,-0.035274,12.9121,0,1.0246
0.109599,-0.0352276,12.954,0,1.02544
0.110331,-0.0351709,12.9481,0,1.02555
0.111721,-0.0350883,12.9569,0,1.02576
0.112398,-0.0350324,13.0048,0,1.02623
0.112978,-0.0349745,13.0534,0,1.0263
0.113447,-0.0349866,13.0744,0,1.02635
0.114245,-0.0350124,13.0801,0,1.02685
0.115318,-0.035032,13.0705,0,1.02625
0.116079,-0.0350487,13.0998,0,1.02668
0.117012,-0.0351007,13.1135,0,1.02683
0.118103,-0.0351877,13.1268,0,1.02665
0.120158,-0.035257,13.1171,0,1.02662
0.122553,-0.0353259,13.1259,0,1.02618
0.124463,-0.0353871,13.123,0,1.02662
0.125962,-0.0354299,13.1134,0,1.02652
0.127322,-0.0354672,13.1257,0,1.0267
0.128517,-0.0355218,13.1695,0,1.02703
0.130353,-0.0356197,13.1763,0,1.02648
0.131936,-0.0356486,13.172,0,1.02586
0.132645,-0.035648,13.207,0,1.0262
0.132789,-0.0356453,13.2226,0,1.02638
0.132809,-0.03562,13.246,0,1.02626
0.133563,-0.0355306,13.268,0,1.02687
0.133993,-0.0355056,13.2857,0,1.027
0.13396,-0.0354704,13.2753,0,1.02701
0.134824,-0.0355264,13.2878,0,1.02699
0.135606,-0.0355486,13.294,0,1.0277
0.136065,-0.035567,13.3055,0,1.0277
0.137268,-0.0355973,13.3044,0,1.02852
0.13879,-0.0355885,13.3144,0,1.02803
0.140706,-0.0356024,13.329,0,1.02837
0.142164,-0.0356014,13.33,0,1.02849
0.143458,-0.0355929,13.3318,0,1.02785
0.14416,-0.0355526,13.3607,0,1.02861
0.144943,-0.0355094,13.376,0,1.02912
0.145336,-0.0355156,13.3853,0,1.02953
0.145764,-0.0354809,13.4187,0,1.02866
0.146507,-0.0353932,13.4147,0,1.02834
0.146643,-0.0352516,13.4203,0,1.02842
0.146106,-0.0350944,13.4274,0,1.02798
0.145926,-0.0349163,13.4586,0,1.0283
0.145958,-0.0348082,13.4508,0,1.02861
0.146649,-0.0346819,13.4455,0,1.02883
0.147184,-0.0345688,13.4657,0,1.02813
0.14763,-0.0345129,13.4557,0,1.02756
0.148234,-0.0344719,13.4617,0,1.02777
0.14923,-0.0344501,13.4954,0,1.02795
0.150106,-0.03444,13.4836,0,1.02801
0.150079,-0.0343721,13.472,0,1.02843
0.150355,-0.0342758,13.501,0,1.02831
0.150913,-0.0341896,13.5097,0,1.02862
0.151099,-0.0341557,13.5191,0,1.02816
0.15104,-0.0341154,13.5239,0,1.02792
0.151404,-0.0340361,13.5267,0,1.02825
0.151917,-0.0339818,13.5445,0,1.02676
0.152391,-0.0340012,13.5551,0,1.02731
0.152327,-0.0340184,13.524,0,1.02702
0.152434,-0.0340328,13.5057,0,1.02749
0.151924,-0.0340502,13.4513,0,1.02818
0.151761,-0.034085,13.4379,0,1.02879
0.151959,-0.034125,13.453,0,1.02801
0.152475,-0.0341953,13.4627,0,1.02833
0.153215,-0.0342163,13.4738,0,1.02818
0.153693,-0.0342256,13.4701,0,1.0272
0.154161,-0.0341659,13.4681,0,1.02651
0.154558,-0.034096,13.4654,0,1.02609
0.154808,-0.0340166,13.4523,0,1.02559
0.155874,-0.0339941,13.4506,0,1.02486
0.156981,-0.0339921,13.4955,0,1.02332
0.158093,-0.0340641,13.5366,0,1.02305
0.158235,-0.0341269,13.5046,0,1.02314
0.158842,-0.034202,13.5197,0,1.02243
0.159252,-0.0342335,13.5067,0,1.02211
0.15852,-0.0342282,13.494,0,1.02261
0.157739,-0.0342232,13.4964,0,1.02156
0.157035,-0.0342284,13.4944,0,1.02152
0.156439,-0.0342366,13.4801,0,1.02102
0.156278,-0.0342139,13.4908,0,1.02167
0.156192,-0.0342097,13.4739,0,1.02199
0.155881,-0.0341619,13.4928,0,1.02183
0.155602,-0.0341258,13.4846,0,1.02208
0.156173,-0.0340641,13.5195,0,1.02326
0.156454,-0.034035,13.5352,0,1.02325
0.156627,-0.0339925,13.5213,0,1.02361
0.156783,-0.0338856,13.5204,0,1.02396
0.156672,-0.0337957,13.5174,0,1.02503
0.156298,-0.033678,13.5324,0,1.02573
0.155543,-0.0335576,13.5747,0,1.02671
0.155273,-0.0335147,13.556,0,1.02724
0.154865,-0.0334541,13.5829,0,1.02783
0.154425,-0.0333341,13.6232,0,1.02815
0.153904,-0.0332364,13.6675,0,1.02868
0.152955,-0.0331444,13.6645,0,1.02787
0.152216,-0.0331331,13.659,0,1.02865
0.15179,-0.0331012,13.6713,0,1.02926
0.15198,-0.0330994,13.6876,0,1.02971
0.152232,-0.03312,13.7132,0,1.02975
0.151518,-0.0330875,13.7119,0,1.03139
0.150486,-0.0330199,13.7264,0,1.03231
0.148716,-0.0329439,13.7256,0,1.0328
0.147106,-0.0328931,13.7561,0,1.03389
0.145346,-0.0328997,13.7818,0,1.03496
0.143751,-0.0328867,13.824,0,1.03619
0.142155,-0.0328371,13.8092,0,1.03686
0.140821,-0.032811,13.8143,0,1.03724
0.139877,-0.0327949,13.821,0,1.03787
0.137933,-0.0327627,13.8367,0,1.03779
0.136537,-0.0327465,13.8473,0,1.03847
0.135171,-0.0327228,13.8764,0,1.03928
0.133543,-0.0326946,13.8844,0,1.04082
0.132279,-0.0326369,13.9067,0,1.04126
0.130858,-0.0325954,13.889,0,1.04188
0.130578,-0.0326542,13.8963,0,1.04257
0.129755,-0.0326937,13.9155,0,1.04383
0.128899,-0.0327279,13.9241,0,1.04476
0.128204,-0.0327705,13.9462,0,1.04566
0.128516,-0.0327899,13.9641,0,1.04835
0.129589,-0.0327674,13.9765,0,1.04925
0.130767,-0.0327962,13.9891,0,1.05063
0.130971,-0.0328018,13.9983,0,1.05209
0.130746,-0.0328232,14.0021,0,1.05324
0.130617,-0.0328432,14.0415,0,1.05467
0.130426,-0.0329199,14.0321,0,1.05532
0.130159,-0.0329399,14.0471,0,1.05723
0.129865,-0.0329094,14.0713,0,1.05852
0.129685,-0.03289,14.0633,0,1.06035
0.129679,-0.0328301,14.081,0,1.06103
0.129803,-0.0327947,14.0868,0,1.06246
0.129845,-0.0328182,14.0961,0,1.06386
0.12949,-0.0328393,14.11,0,1.06682
0.129526,-0.032905,14.1147,0,1.06855
0.130365,-0.0329212,14.1064,0,1.07121
0.131178,-0.0328629,14.081,0,1.07235
0.131485,-0.0328033,14.1,0,1.07411
0.13222,-0.0327643,14.1128,0,1.07536
0.132449,-0.0327183,14.1149,0,1.07713
0.132743,-0.0326731,14.1414,0,1.07846
0.132481,-0.0325689,14.1693,0,1.08049
0.132148,-0.0325591,14.1801,0,1.08271
0.131663,-0.032535,14.1852,0,1.08531
0.130858,-0.0325452,14.185,0,1.08686
0.129717,-0.0325754,14.2042,0,1.08904
0.128811,-0.0325472,14.2058,0,1.09045
0.128132,-0.0324827,14.2133,0,1.09187
0.127957,-0.0324021,14.1826,0,1.09338
0.127788,-0.0323033,14.1945,0,1.0951
0.127764,-0.0322133,14.2028,0,1.09683
0.127401,-0.0321106,14.2134,0,1.09848
0.126979,-0.0320151,14.2152,0,1.10068
0.125782,-0.0320006,14.2225,0,1.10247
0.125228,-0.0319797,14.2102,0,1.10479
0.124981,-0.0319708,14.2185,0,1.10664
0.124649,-0.0318935,14.233,0,1.1087
0.123401,-0.0317702,14.2507,0,1.11001
0.122125,-0.0316798,14.2322,0,1.11323
0.121641,-0.0316105,14.217,0,1.11513
0.120988,-0.0315626,14.2209,0,1.11634
0.119704,-0.0315141,14.2399,0,1.11907
0.118393,-0.0314474,14.2664,0,1.12205
0.117577,-0.0313726,14.2842,0,1.12479
0.11624,-0.0313447,14.3176,0,1.12667
0.115018,-0.0313092,14.2947,0,1.12842
0.114185,-0.0312947,14.294,0,1.12969
0.113852,-0.0313038,14.3104,0,1.13184
0.113411,-0.0313743,14.3133,0,1.13343
0.112922,-0.0314295,14.3273,0,1.13582
0.112473,-0.0314259,14.323,0,1.13809
0.111938,-0.0314383,14.3463,0,1.13946
0.1116,-0.0314289,14.316,0,1.1408
0.111477,-0.0313621,14.2816,0,1.14178
0.11167,-0.0313203,14.2846,0,1.14345
0.111487,-0.0312144,14.3096,0,1.14566
0.111104,-0.0310465,14.2986,0,1.14784
0.111336,-0.0308383,14.2928,0,1.15036
0.111741,-0.0307431,14.2958,0,1.15325
0.112192,-0.0306477,14.2512,0,1.15597
0.112497,-0.0305384,14.2667,0,1.15746
0.112487,-0.0304704,14.27,0,1.15958
0.112664,-0.0304769,14.2971,0,1.16257
0.113066,-0.0304551,14.292,0,1.16539
0.113358,-0.0304093,14.3168,0,1.16766
0.114551,-0.0304265,14.3091,0,1.17007
0.11497,-0.0304743,14.3113,0,1.17205
0.11555,-0.0305123,14.3122,0,1.17394
0.116549,-0.0306071,14.3665,0,1.17755
0.116921,-0.0307044,14.3732,0,1.17891
0.11718,-0.030821,14.3562,0,1.18121
0.117036,-0.0308563,14.406,0,1.18381
0.116671,-0.0308324,14.4452,0,1.18544
0.116873,-0.0308612,14.4676,0,1.18865
0.116589,-0.0308802,14.4777,0,1.19223
0.115949,-0.0308791,14.4906,0,1.19399
0.115489,-0.0308658,14.5178,0,1.19685
0.115376,-0.0308267,14.5396,0,1.2002
0.115557,-0.030756,14.5247,0,1.20313
0.115881,-0.0307294,14.5029,0,1.20535
0.11633,-0.0307418,14.5129,0,1.20815
0.11578,-0.0307638,14.5007,0,1.2113
0.115412,-0.0306974,14.5257,0,1.21393
0.114825,-0.0306426,14.541,0,1.21682
0.114853,-0.0305787,14.5456,0,1.21967
0.114581,-0.0305022,14.5477,0,1.22243
0.11447,-0.0304824,14.5883,0,1.22483
0.115002,-0.0304422,14.6087,0,1.22857
0.115103,-0.0303764,14.6163,0,1.23076
0.115149,-0.0303288,14.6012,0,1.23399
0.114675,-0.0302165,14.6269,0,1.23796
0.113977,-0.0300805,14.6659,0,1.24077
0.113047,-0.0300263,14.6544,0,1.24384
0.112218,-0.0298961,14.6432,0,1.2471
0.110912,-0.0297816,14.685,0,1.25001
0.109483,-0.0296234,14.6961,0,1.25322
0.108861,-0.0294719,14.6765,0,1.25598
0.10809,-0.0293038,14.6888,0,1.25934
0.107679,-0.0291415,14.6575,0,1.26208
0.107059,-0.0290094,14.6494,0,1.26438
0.105416,-0.0287846,14.6866,0,1.26734
0.10403,-0.0285258,14.6977,0,1.27008
0.102057,-0.0282844,14.6505,0,1.27359
0.100461,-0.0281113,14.6554,0,1.2769
0.0991712,-0.0279494,14.6209,0,1.27976
0.0981838,-0.0277769,14.6575,0,1.28423
0.0979656,-0.027566,14.6775,0,1.2876
0.0980142,-0.0273139,14.7033,0,1.29019
0.0978589,-0.0271371,14.6824,0,1.29333
0.097858,-0.0269951,14.6865,0,1.296
0.0980784,-0.0268724,14.6849,0,1.29904
0.0974025,-0.026715,14.6916,0,1.30122
0.097268,-0.0265426,14.6949,0,1.30353
0.0966398,-0.0264277,14.7194,0,1.30701
0.0970012,-0.026312,14.7259,0,1.30991
0.0965979,-0.0261431,14.7381,0,1.31233
0.0962216,-0.0259191,14.7849,0,1.31614
0.0951361,-0.0257143,14.7729,0,1.31757
0.093477,-0.025566,14.7824,0,1.32048
0.0917548,-0.0253186,14.8088,0,1.32334
0.0890833,-0.0250836,14.8231,0,1.32628
0.0866097,-0.0248571,14.8202,0,1.32879
0.0843724,-0.024672,14.8413,0,1.33159
0.0829009,-0.0244733,14.8482,0,1.33521
0.0812349,-0.0242859,14.8534,0,1.33784
0.0799298,-0.0241275,14.8824,0,1.34144
0.0785195,-0.0238779,14.8844,0,1.34551
0.07735,-0.0236823,14.895,0,1.34896
0.0767297,-0.0234541,14.8784,0,1.35236
0.0750427,-0.0233041,14.8955,0,1.35496
0.0737848,-0.023128,14.9332,0,1.35867
0.0726722,-0.0228957,14.942,0,1.36124
0.071739,-0.0226463,14.9679,0,1.36596
0.0711633,-0.0224338,14.9575,0,1.3705
0.070939,-0.0221838,14.9901,0,1.37384
0.0711065,-0.0219474,15.037,0,1.37854
0.0709495,-0.0217143,15.0326,0,1.38157
0.0707512,-0.0214942,15.0232,0,1.38375
0.0701744,-0.021334,15.0157,0,1.38636
0.0695216,-0.0211637,15.0002,0,1.38979
0.0692071,-0.0209864,14.9978,0,1.39305
0.0691339,-0.0208466,15.0015,0,1.3956
0.0692643,-0.0207718,15.0122,0,1.39812
0.0698406,-0.0207245,15.0532,0,1.40351
0.0707362,-0.0206593,15.048,0,1.40616
0.0722236,-0.0206498,15.045,0,1.40965
0.0736917,-0.0206422,15.0457,0,1.41303
0.0740736,-0.0206202,15.0415,0,1.41632
0.0746206,-0.0205965,15.0256,0,1.41866
0.0752542,-0.0205517,15.022,0,1.42208
0.0763019,-0.0204706,15.0231,0,1.42541
0.0770095,-0.0203803,15.0229,0,1.42883
0.0779411,-0.0202534,15.0267,0,1.43163
0.0787624,-0.0200442,15.0204,0,1.43546
0.0794557,-0.0197899,15.0572,0,1.43916
0.0799553,-0.0195952,15.0596,0,1.44319
0.0803273,-0.0194429,15.1137,0,1.44956
0.0803395,-0.0192831,15.1289,0,1.45187
0.0802772,-0.0191106,15.1465,0,1.45484
0.0803557,-0.0188987,15.204,0,1.4583
0.0804592,-0.0186751,15.1834,0,1.46111
0.0805116,-0.0184384,15.2008,0,1.46475
0.0806859,-0.0182333,15.2109,0,1.4683
0.0808929,-0.0179693,15.24,0,1.4722
0.0808002,-0.0177805,15.2719,0,1.47625
0.0807627,-0.0175773,15.2516,0,1.48009
0.0808098,-0.0174133,15.3045,0,1.48313
0.0809022,-0.0172399,15.3217,0,1.48635
0.0812759,-0.0170951,15.3424,0,1.49012
0.0813319,-0.0169314,15.3165,0,1.49238
0.0813223,-0.0167489,15.3361,0,1.49597
0.0815136,-0.0165826,15.3063,0,1.4992
0.0819084,-0.0164438,15.3123,0,1.50245
0.0827417,-0.0163504,15.3097,0,1.50468
0.0840514,-0.0162627,15.3381,0,1.5082
0.0854079,-0.0161316,15.3531,0,1.51186
0.0863659,-0.0160254,15.368,0,1.51467
0.0877083,-0.015927,15.3413,0,1.51922
0.0892581,-0.0157647,15.3554,0,1.52224
0.0906484,-0.0156328,15.4158,0,1.5249
0.0912454,-0.0155668,15.4335,0,1.52777
0.0917775,-0.0155098,15.4717,0,1.5311
0.0916783,-0.0154517,15.4701,0,1.53538
0.0910949,-0.0153697,15.5312,0,1.53918
0.0907677,-0.0153787,15.5493,0,1.54272
0.0902609,-0.0153661,15.5881,0,1.54629
0.0891582,-0.0153562,15.5983,0,1.54989
0.0887538,-0.0153338,15.6317,0,1.55345
0.0883271,-0.0152818,15.6519,0,1.55681
0.0878608,-0.015195,15.6419,0,1.56091
0.0874903,-0.0150578,15.6754,0,1.56431
0.0868518,-0.0149292,15.6888,0,1.56888
0.0857081,-0.0148002,15.6671,0,1.57193
0.0847843,-0.0146359,15.6837,0,1.57519
0.0843353,-0.0145194,15.7208,0,1.57897
0.0841561,-0.014422,15.7538,0,1.58187
0.0838504,-0.0143722,15.7732,0,1.58578
0.0838721,-0.0143212,15.767,0,1.58925
0.0838766,-0.0142037,15.7837,0,1.59376
0.0839032,-0.0140626,15.8045,0,1.59727
0.084033,-0.0139701,15.8204,0,1.60108
0.0841923,-0.0138669,15.8411,0,1.60501
0.0840811,-0.0137542,15.9091,0,1.60932
0.0844123,-0.0136491,15.9385,0,1.61353
0.0848468,-0.0135559,15.9238,0,1.61823
0.0846659,-0.0134506,15.9458,0,1.62176
0.0842975,-0.0133239,15.9725,0,1.62527
0.0839444,-0.0131773,15.9806,0,1.6283
0.0835047,-0.0131025,16.003,0,1.63296
0.0829914,-0.013035,16.0314,0,1.63787
0.0823514,-0.0130083,16.0915,0,1.6408
0.0817167,-0.0128831,16.0966,0,1.64395
0.0810446,-0.0128114,16.1099,0,1.64799
0.0799404,-0.0128145,16.079,0,1.65201
0.0787149,-0.0128455,16.0671,0,1.6559
0.0783475,-0.0128284,16.0752,0,1.65913
0.0779668,-0.0127974,16.0884,0,1.66347
0.0776176,-0.0128111,16.1082,0,1.66841
0.0778078,-0.0127916,16.1254,0,1.67223
0.0784211,-0.0127681,16.1599,0,1.67571
0.0786888,-0.012688,16.1686,0,1.67953
0.0794013,-0.0126097,16.1596,0,1.68386
0.0796558,-0.0125874,16.181,0,1.68847
0.0801581,-0.012576,16.2015,0,1.69175
0.08107,-0.012511,16.2029,0,1.6952
0.0818756,-0.0124232,16.1958,0,1.69845
0.0825064,-0.0123643,16.1691,0,1.70276
0.0835784,-0.0123397,16.1726,0,1.70662
0.0841393,-0.0123398,16.1716,0,1.71078
0.0846759,-0.0124299,16.1603,0,1.71449
0.0859034,-0.0124728,16.1437,0,1.71818
0.087285,-0.0124761,16.1453,0,1.72108
0.0882589,-0.0124544,16.1797,0,1.72451
0.088674,-0.012481,16.1809,0,1.72932
0.0886217,-0.0125536,16.2081,0,1.73292
0.0893922,-0.0126471,16.2423,0,1.7378
0.0898378,-0.012678,16.275,0,1.74108
0.0899665,-0.0127708,16.2865,0,1.74505
0.0894553,-0.012832,16.2975,0,1.74977
0.0887652,-0.0128716,16.3251,0,1.7529
0.0877889,-0.0128691,16.3613,0,1.75639
0.0864565,-0.0127895,16.4004,0,1.76044
0.0849788,-0.0127074,16.4248,0,1.76409
0.0838418,-0.0126201,16.4287,0,1.76748
0.0819494,-0.0125881,16.4205,0,1.77306
0.0797227,-0.0125801,16.4204,0,1.77709
0.0774838,-0.0126017,16.4595,0,1.78081
0.0754863,-0.0126192,16.4984,0,1.78494
0.0741262,-0.0125847,16.5121,0,1.78948
0.0720489,-0.0125755,16.4903,0,1.79445
0.0706273,-0.0125782,16.4936,0,1.79975
0.0689002,-0.0126115,16.5236,0,1.80319
0.0676216,-0.0126485,16.5566,0,1.80687
0.0665745,-0.0127283,16.5652,0,1.81007
0.0657543,-0.0127581,16.5844,0,1.81567
0.0651214,-0.0128772,16.606,0,1.81878
0.0645194,-0.0130062,16.627,0,1.82185
0.0640766,-0.013152,16.6381,0,1.82569
0.0630277,-0.0132723,16.6657,0,1.8314
0.0622895,-0.0133971,16.6776,0,1.8347
0.0613776,-0.0135156,16.7038,0,1.83863
0.0610594,-0.0135841,16.7068,0,1.84313
0.059908,-0.0135554,16.7268,0,1.84634
0.0597518,-0.0135079,16.7452,0,1.85009
0.0598627,-0.0134434,16.739,0,1.85514
0.060185,-0.0133593,16.73,0,1.85841
0.0601659,-0.0133386,16.7118,0,1.86239
0.0604669,-0.0133459,16.7309,0,1.86707
0.0608315,-0.0133913,16.7417,0,1.8702
0.0614521,-0.0134155,16.7936,0,1.87411
0.0618444,-0.0134687,16.8047,0,1.87951
0.0624895,-0.0135276,16.8188,0,1.88346
0.0626783,-0.013583,16.8076,0,1.88691
0.0632489,-0.0136587,16.8127,0,1.89147
0.0636711,-0.0137626,16.8442,0,1.89523
0.0637893,-0.0138503,16.896,0,1.89913
0.0638123,-0.0139213,16.8832,0,1.9028
0.0639778,-0.0139824,16.9296,0,1.90619
0.0637663,-0.0140223,16.931,0,1.91072
0.0635994,-0.0140988,16.9596,0,1.91649
0.0628986,-0.0141704,16.9564,0,1.91988
0.0626905,-0.0143147,16.9887,0,1.92322
0.0625419,-0.0144799,17.0206,0,1.92723
0.0620178,-0.014656,17.0445,0,1.93231
0.0613706,-0.0147925,17.0906,0,1.93673
0.0606554,-0.0149797,17.1177,0,1.94095
0.0597838,-0.0152153,17.1396,0,1.94556
0.059302,-0.015472,17.1513,0,1.94933
0.0591326,-0.0156663,17.1305,0,1.95513
0.059055,-0.0157772,17.1539,0,1.95979
0.0596348,-0.0158642,17.1624,0,1.96424
0.0598475,-0.0159584,17.1665,0,1.96829
0.0604084,-0.015988,17.1871,0,1.97215
0.0603205,-0.0160657,17.1562,0,1.97664
0.0605374,-0.0161489,17.1627,0,1.98115
0.0607546,-0.0162878,17.1906,0,1.98523
0.061023,-0.0163516,17.2333,0,1.98949
0.0608392,-0.0165261,17.2424,0,1.99405
0.0606759,-0.0167146,17.2708,0,1.99853
0.0604437,-0.0169398,17.2612,0,2.00283
0.0596131,-0.0170702,17.292,0,2.00686
0.0587211,-0.0171876,17.2948,0,2.01299
0.0582483,-0.0172952,17.2993,0,2.01693
0.058025,-0.0174782,17.3029,0,2.02138
0.0573206,-0.0176944,17.3494,0,2.02649
0.0565526,-0.0179074,17.3536,0,2.03073
0.0558382,-0.0181564,17.372,0,2.03496
0.055305,-0.018284,17.3711,0,2.04015
0.0545586,-0.018396,17.4105,0,2.04333
0.0535972,-0.0184235,17.4144,0,2.04814
0.0528738,-0.0184766,17.387,0,2.0532
0.0524038,-0.0185215,17.411,0,2.05893
0.0524752,-0.0185389,17.4015,0,2.0626
0.0526829,-0.0186131,17.3992,0,2.06746
0.0530077,-0.0186432,17.4216,0,2.07305
0.0534722,-0.0186401,17.4521,0,2.07765
0.0542606,-0.0186098,17.4546,0,2.0818
0.0552869,-0.0186093,17.4697,0,2.08786
0.0563004,-0.0186402,17.4912,0,2.0923
0.0567783,-0.0186723,17.4852,0,2.09675
0.0575152,-0.0187229,17.5156,0,2.10142
0.0577292,-0.0187988,17.5025,0,2.10418
0.0573375,-0.018955,17.51,0,2.10886
0.0570835,-0.0190175,17.5368,0,2.1125
0.0570053,-0.019083,17.553,0,2.11716
0.057132,-0.0191446,17.5993,0,2.12209
0.0577456,-0.0192182,17.6458,0,2.12731
0.0580215,-0.0193744,17.6866,0,2.13155
0.0583405,-0.0195828,17.727,0,2.13624
0.0588396,-0.0197798,17.736,0,2.14027
0.059202,-0.0199115,17.7407,0,2.1444
0.0600034,-0.0200001,17.7682,0,2.14815
0.0613788,-0.0200323,17.8041,0,2.15365
0.062187,-0.0200527,17.8254,0,2.15754
0.0628555,-0.0201154,17.8061,0,2.16269
0.0633259,-0.0201627,17.8347,0,2.16733
0.0637485,-0.0201741,17.8509,0,2.17279
0.0638704,-0.0202365,17.888,0,2.17843
0.0643808,-0.0202885,17.9097,0,2.18361
0.0645394,-0.0204592,17.9233,0,2.1892
0.064612,-0.0206207,17.9334,0,2.19489
0.0644767,-0.0207309,17.9377,0,2.19967
0.0643938,-0.0208349,17.9668,0,2.20387
0.0640812,-0.0209278,17.9697,0,2.20882
0.0638048,-0.0210539,17.9777,0,2.21377
0.0631534,-0.0211361,17.9736,0,2.2183
0.0624523,-0.0211309,18.0143,0,2.22284
0.0622428,-0.021098,18.0022,0,2.22796
0.0622107,-0.021063,17.9958,0,2.23246
0.0619999,-0.0209951,18.017,0,2.23641
0.0627157,-0.0209449,18.0788,0,2.24175
0.0639886,-0.0208778,18.0624,0,2.24595
0.0651175,-0.0208613,18.0777,0,2.25075
0.0659403,-0.0208788,18.1071,0,2.2563
0.0666243,-0.0208767,18.1117,0,2.25984
0.0673088,-0.020879,18.1232,0,2.26471
0.0674409,-0.0208656,18.1087,0,2.2704
0.0676478,-0.0208864,18.1488,0,2.27523
0.0678344,-0.020943,18.1698,0,2.27919
0.067358,-0.0210015,18.188,0,2.28319
0.0669099,-0.0210302,18.2574,0,2.28808
0.0661317,-0.0210841,18.2823,0,2.29149
0.0654237,-0.0211436,18.284,0,2.294
0.0647018,-0.0211977,18.3105,0,2.29963
0.0636035,-0.0212736,18.3256,0,2.30266
0.0630268,-0.0212997,18.3308,0,2.30695
0.0627304,-0.0213583,18.3501,0,2.31129
0.0626369,-0.0214232,18.4001,0,2.31506
0.0628356,-0.0214898,18.3395,0,2.32026
0.0623242,-0.021566,18.3566,0,2.32465
0.0611924,-0.0216587,18.4079,0,2.33019
0.0598113,-0.0217549,18.4173,0,2.33467
0.058622,-0.021809,18.4144,0,2.33994
0.0570921,-0.0218129,18.4032,0,2.34518
0.0556157,-0.0218874,18.3789,0,2.34991
0.0543054,-0.0220237,18.3869,0,2.35467
0.0533102,-0.022173,18.4206,0,2.35981
0.0524614,-0.0222879,18.4341,0,2.3651
0.0516855,-0.0223826,18.444,0,2.36859
0.050667,-0.0225102,18.454,0,2.37415
0.0502107,-0.0225774,18.4793,0,2.37853
0.0498829,-0.0225812,18.4661,0,2.38341
0.0493566,-0.0225962,18.5047,0,2.3879
0.049223,-0.0226015,18.5348,0,2.39421
0.049382,-0.0225732,18.538,0,2.39879
0.0502686,-0.0225871,18.5306,0,2.40386
0.0506704,-0.0226314,18.5476,0,2.40951
0.0509903,-0.0227387,18.5934,0,2.41453
0.0508791,-0.022839,18.5966,0,2.41952
0.0505084,-0.0229131,18.626,0,2.42678
0.0507653,-0.023013,18.6405,0,2.43212
0.051223,-0.0231009,18.7033,0,2.43561
0.0519911,-0.0231736,18.6939,0,2.43987
0.0522939,-0.02323,18.7274,0,2.4455
0.0516556,-0.023323,18.7345,0,2.44942
0.0509313,-0.0233317,18.7823,0,2.45246
0.0502397,-0.0233666,18.8109,0,2.45764
0.0491025,-0.0234232,18.8379,0,2.4627
0.0481526,-0.023507,18.8474,0,2.46778
0.0467441,-0.0236647,18.8793,0,2.47436
0.0454393,-0.0238114,18.8828,0,2.48003
0.0450285,-0.0239641,18.8559,0,2.48615
0.0440527,-0.0241306,18.8601,0,2.48988
0.042401,-0.0242289,18.9239,0,2.49618
0.0414411,-0.0243594,18.9395,0,2.49986
0.0406387,-0.0243576,18.9332,0,2.50492
0.0405697,-0.0242708,18.9434,0,2.51089
0.0404823,-0.0241435,18.9597,0,2.51758
0.0404265,-0.0240328,18.9607,0,2.52131
0.0406252,-0.0239397,19.0119,0,2.5263
0.0405533,-0.0239357,19.0389,0,2.53162
0.0407428,-0.0239288,19.0288,0,2.53614
0.0406752,-0.0239563,19.066,0,2.54061
0.0407085,-0.0240146,19.0708,0,2.54692
0.0412557,-0.0240388,19.1175,0,2.55115
0.0423081,-0.0240207,19.1594,0,2.55598
0.0431428,-0.0240124,19.1866,0,2.561
0.0438342,-0.0240132,19.2116,0,2.56625
0.0446263,-0.02402,19.2124,0,2.57193
0.0447425,-0.024042,19.232,0,2.57679
0.0457287,-0.0240707,19.263,0,2.58093
0.0463658,-0.0241225,19.2898,0,2.5861
0.0470815,-0.0242155,19.2946,0,2.59125
0.0467214,-0.0243535,19.298,0,2.59788
0.0465091,-0.024484,19.3148,0,2.60209
0.0457438,-0.024588,19.3228,0,2.60705
0.0452831,-0.0246944,19.3552,0,2.6134
0.0449679,-0.0248043,19.3562,0,2.61769
0.0447968,-0.0248899,19.3757,0,2.62255
0.0447944,-0.0249447,19.3874,0,2.62731
0.0440341,-0.0250478,19.4335,0,2.63236
0.0435248,-0.0251911,19.4629,0,2.63829
0.0433686,-0.02535,19.5063,0,2.64302
0.0426758,-0.0255248,19.5814,0,2.64746
0.0418672,-0.0256316,19.5909,0,2.65068
0.0406774,-0.0257367,19.643,0,2.65469
0.0400685,-0.0258431,19.6898,0,2.65862
0.0398087,-0.0259766,19.6805,0,2.66533
0.0396637,-0.0261169,19.6795,0,2.66917
0.039675,-0.0262496,19.7071,0,2.6756
0.0401329,-0.0263455,19.725,0,2.68048
0.0401489,-0.0263884,19.6991,0,2.68679
0.0401889,-0.0264823,19.7223,0,2.69065
0.040105,-0.026565,19.7251,0,2.69678
0.0403412,-0.0265817,19.7826,0,2.7031
0.0405004,-0.0266527,19.8204,0,2.70944
0.0406528,-0.0265927,19.8596,0,2.71423
0.0405018,-0.0266006,19.8815,0,2.72074
0.0397402,-0.0266297,19.8594,0,2.72546
0.0393143,-0.0266772,19.8573,0,2.73094
0.0391439,-0.0267511,19.903,0,2.73707
0.0388376,-0.0267956,19.88,0,2.73653
0.0388948,-0.0268479,19.8877,0,2.7363
0.0381632,-0.0268717,19.8759,0,2.73596
0.0379907,-0.0268681,19.9178,0,2.73612
0.0382721,-0.0268262,19.9006,0,2.73574
0.038344,-0.0267922,19.8721,0,2.73533
0.0386287,-0.0267914,19.9056,0,2.73602
0.038853,-0.026771,19.9022,0,2.73606
0.0389034,-0.0267648,19.8771,0,2.73606
0.0385216,-0.026716,19.9407,0,2.73561
0.0386584,-0.0266915,19.9549,0,2.7356
0.0397747,-0.0267853,19.98,0,2.73512
0.0409652,-0.0268471,19.9629,0,2.73599
0.042675,-0.0269027,19.9759,0,2.73617
0.0436926,-0.0269054,19.9678,0,2.73523
0.0445093,-0.0268953,19.9937,0,2.73567
0.0453157,-0.0269187,19.9733,0,2.7361
0.0460498,-0.0269772,19.9734,0,2.73638
0.0476932,-0.0270219,19.9744,0,2.73802
0.0491433,-0.0270774,19.9529,0,2.7388
0.0501216,-0.0271781,19.982,0,2.73838
0.0508521,-0.0272638,20.0284,0,2.73754
0.0513762,-0.0274127,20.0541,0,2.73926
0.0514101,-0.0275311,20.1081,0,2.74008
0.0514198,-0.0276663,20.0896,0,2.73952
0.0513183,-0.0277957,20.0762,0,2.74002
0.0510511,-0.0279908,20.1057,0,2.73956
0.0509464,-0.0282208,20.1032,0,2.73991
0.0515341,-0.028356,20.1149,0,2.74079
0.0517433,-0.0284512,20.1134,0,2.74091
0.0525607,-0.028513,20.1471,0,2.74039
0.0530491,-0.0285764,20.1577,0,2.74039
0.053899,-0.0285662,20.1414,0,2.74147
0.0548858,-0.0285272,20.1471,0,2.74207
0.0558558,-0.0285138,20.1181,0,2.74197
0.0572338,-0.0284957,20.1217,0,2.74215
0.0584571,-0.0284436,20.1516,0,2.74161
0.0592303,-0.028346,20.2012,0,2.74231
0.0598093,-0.0282599,20.2359,0,2.74256
0.0607206,-0.0281835,20.2297,0,2.74304
0.0614434,-0.0280729,20.2402,0,2.743
0.0623504,-0.0279809,20.2787,0,2.7424
0.0632044,-0.027925,20.3183,0,2.74234
0.0636773,-0.0279709,20.3623,0,2.74071
0.0642103,-0.0279668,20.3557,0,2.74086
0.0644718,-0.0279931,20.3482,0,2.73898
0.0651303,-0.0280504,20.3375,0,2.73982
0.065117,-0.0280719,20.391,0,2.74051
0.0652437,-0.0281225,20.4112,0,2.7406
0.0648454,-0.0281897,20.4664,0,2.74075
0.0642494,-0.028261,20.4846,0,2.74082
0.0625458,-0.0283513,20.4767,0,2.7399
0.0609863,-0.0284404,20.4735,0,2.73876
0.060253,-0.0284889,20.5122,0,2.7373
0.0600231,-0.0285626,20.533,0,2.73823
0.0598824,-0.0286403,20.5341,0,2.73818
0.0591971,-0.0287059,20.5559,0,2.73692
0.0583406,-0.0287129,20.5501,0,2.73743
0.0574901,-0.0287224,20.6039,0,2.73626
0.0569466,-0.0287259,20.6303,0,2.73436
0.0565511,-0.0287758,20.6436,0,2.73353
0.0565571,-0.0288672,20.6744,0,2.73367
0.0571503,-0.0289242,20.7115,0,2.73593
0.0579369,-0.0290003,20.7201,0,2.73532
0.0588663,-0.0290616,20.7031,0,2.73492
0.0593819,-0.0290856,20.7065,0,2.73502
0.0599108,-0.0290811,20.7025,0,2.73547
0.0605432,-0.029068,20.7129,0,2.7365
0.061102,-0.0289427,20.7113,0,2.73753
0.0615321,-0.0287812,20.6851,0,2.73653
0.0617508,-0.0286797,20.6647,0,2.7355
0.0622232,-0.0285742,20.6434,0,2.73652
0.062541,-0.0285612,20.6636,0,2.73751
0.0630128,-0.0285537,20.6506,0,2.73712
0.0629701,-0.0285525,20.6424,0,2.73645
0.0638938,-0.028571,20.6531,0,2.73391
0.0643767,-0.0285627,20.6516,0,2.733
0.0643608,-0.0284981,20.7041,0,2.73319
0.0646975,-0.0284096,20.6679,0,2.73469
0.0646895,-0.0283734,20.6646,0,2.73638
0.0643341,-0.0282987,20.6856,0,2.73583
0.0640389,-0.0282052,20.6548,0,2.73561
0.0639228,-0.0280893,20.6385,0,2.73585
0.0637315,-0.0279927,20.6788,0,2.73534
0.0636477,-0.0278992,20.6939,0,2.73505
0.0641812,-0.0278912,20.6904,0,2.73559
0.0647243,-0.027855,20.6725,0,2.73645
0.064999,-0.0278594,20.685,0,2.73685
0.0654891,-0.0278763,20.727,0,2.73599
0.0660206,-0.0278848,20.7376,0,2.7366
0.0655831,-0.0279918,20.7444,0,2.73692
0.0655916,-0.0281155,20.7382,0,2.73552
0.0655639,-0.028158,20.7453,0,2.73623
0.0659556,-0.0282233,20.7519,0,2.73594
0.0657483,-0.0283541,20.7542,0,2.7367
0.0650303,-0.0284762,20.7618,0,2.73574
0.0646034,-0.0285612,20.7705,0,2.73513
0.0642334,-0.0286597,20.806,0,2.73604
0.0645226,-0.0287364,20.8018,0,2.73596
0.0647923,-0.0287552,20.7904,0,2.73547
0.065376,-0.0287818,20.7893,0,2.73552
0.0663296,-0.0288408,20.7999,0,2.73524
0.0674494,-0.0288797,20.8441,0,2.73497
0.0690156,-0.0289281,20.8769,0,2.73518
0.06994,-0.0290118,20.8978,0,2.73669
0.0706109,-0.0290632,20.8657,0,2.73498
0.0705951,-0.0291161,20.8633,0,2.73474
0.0708507,-0.0291539,20.8787,0,2.73285
0.0712066,-0.0292045,20.9262,0,2.73269
0.071578,-0.0292478,20.9506,0,2.73292
0.0721892,-0.0292864,20.9274,0,2.73311
0.0728585,-0.0292511,20.9714,0,2.73358
0.0730738,-0.0292287,20.9528,0,2.73412
0.072742,-0.0291955,20.9611,0,2.73461
0.0724426,-0.0291802,20.9771,0,2.73503
0.0716702,-0.0291035,20.9644,0,2.73693
0.0710791,-0.029045,20.9568,0,2.73965
0.0707672,-0.0290372,20.9476,0,2.7394
0.0698746,-0.0290503,20.9927,0,2.73928
0.0690664,-0.0290962,20.9919,0,2.73869
0.0683468,-0.0292069,21.0316,0,2.74003
0.0681918,-0.029313,21.0472,0,2.73848
0.0675673,-0.0294248,21.0756,0,2.73717
0.067493,-0.0295482,21.0835,0,2.73787
0.0675818,-0.0296368,21.1248,0,2.73756
0.0677423,-0.029662,21.129,0,2.73866
0.0680143,-0.0296432,21.1447,0,2.73811
0.0677576,-0.0295952,21.1246,0,2.73956
0.0673639,-0.0296169,21.1156,0,2.73993
0.0673687,-0.0295929,21.1224,0,2.73886
0.067351,-0.0296081,21.1429,0,2.73806
0.0670367,-0.0296156,21.1269,0,2.73882
0.0668385,-0.0295963,21.1748,0,2.73904
0.0665356,-0.0295784,21.1694,0,2.73917
0.0659785,-0.0296105,21.1965,0,2.73995
0.0657886,-0.0296867,21.2201,0,2.73952
0.0656514,-0.0297424,21.2252,0,2.73948
0.0659139,-0.029793,21.2261,0,2.74038
0.0664803,-0.0298651,21.2182,0,2.73999
0.0667592,-0.0298989,21.2504,0,2.73896
0.06708,-0.0299338,21.2589,0,2.73841
0.0662779,-0.0299859,21.2521,0,2.73861
0.0656567,-0.0299767,21.2764,0,2.73755
0.0648664,-0.0299563,21.2797,0,2.73733
0.0644805,-0.0299578,21.2585,0,2.73781
0.0640749,-0.0299812,21.2644,0,2.73797
0.0640766,-0.0300672,21.3037,0,2.73873
0.0642841,-0.0301329,21.2873,0,2.73832
0.0645289,-0.0301782,21.315,0,2.7386
0.0651493,-0.0302017,21.3237,0,2.73922
0.065931,-0.030207,21.3629,0,2.74029
0.0663915,-0.0302255,21.3317,0,2.73934
0.0676947,-0.0302349,21.3657,0,2.73954
0.0691257,-0.0301614,21.4141,0,2.73995
0.0703456,-0.0300704,21.4176,0,2.73931
0.0714756,-0.0300309,21.4041,0,2.74144
0.0720463,-0.0299967,21.4088,0,2.74123
0.0725666,-0.0299438,21.3593,0,2.74191
0.0726516,-0.0299033,21.3802,0,2.74239
0.0727075,-0.0298712,21.3998,0,2.74132
0.0729444,-0.0298407,21.4356,0,2.74177
0.0731861,-0.0297836,21.4513,0,2.74162
0.0734286,-0.0296995,21.5046,0,2.74371
0.0735113,-0.0297206,21.5096,0,2.74325
0.0736381,-0.0297157,21.5243,0,2.74323
0.0740053,-0.0296243,21.5412,0,2.74354
0.0748293,-0.0296064,21.54,0,2.74199
0.0757315,-0.0296318,21.5378,0,2.74112
0.0764628,-0.0296034,21.6015,0,2.74101
0.0774837,-0.0295816,21.6516,0,2.7412
0.0785644,-0.0295614,21.652,0,2.74248
0.0800881,-0.0295525,21.6441,0,2.74376
0.0812861,-0.0295036,21.6778,0,2.74451
0.0818769,-0.0294549,21.6809,0,2.74393
0.0825872,-0.029406,21.6516,0,2.74402
0.0836812,-0.0293996,21.6434,0,2.74521
0.0852604,-0.029357,21.657,0,2.74415
0.0868881,-0.0292579,21.6472,0,2.74452
0.087671,-0.0291591,21.6569,0,2.74516
0.0880151,-0.0291032,21.6375,0,2.7453
0.0885949,-0.0290563,21.6512,0,2.74791
0.0890487,-0.0290807,21.6654,0,2.74772
0.0898267,-0.0291924,21.6614,0,2.74893
0.0901642,-0.0292753,21.6954,0,2.74951
0.0904479,-0.0293355,21.7707,0,2.75016
0.0906152,-0.0294157,21.7907,0,2.75044
0.0909296,-0.0295624,21.7732,0,2.75082
0.0914622,-0.0296675,21.7719,0,2.75035
0.091997,-0.0297869,21.7919,0,2.75172
0.0923719,-0.0299348,21.7981,0,2.75075
0.093056,-0.0300779,21.8042,0,2.75145
0.0936656,-0.0302351,21.8222,0,2.75171
0.0942671,-0.0304425,21.8769,0,2.75111
0.0944096,-0.030603,21.8845,0,2.74969
0.0947923,-0.0307128,21.8936,0,2.74917
0.0949239,-0.0308409,21.9109,0,2.74929
0.0951171,-0.0309862,21.9282,0,2.75016
0.0956034,-0.0310559,21.9462,0,2.75072
0.0958403,-0.0311133,21.9557,0,2.75198
0.0961611,-0.0311374,21.9522,0,2.75102
0.0967712,-0.0311392,21.9594,0,2.75046
0.0977338,-0.0311344,21.9881,0,2.7507
0.0981786,-0.0311272,21.963,0,2.75029
0.0990491,-0.031072,21.9737,0,2.74916
0.0995555,-0.0309885,21.9746,0,2.74916
0.100312,-0.0308941,21.9686,0,2.74731
0.100777,-0.0307928,21.9773,0,2.74824
0.100762,-0.0306883,22.0006,0,2.74882
0.0999512,-0.0306214,22.028,0,2.74698
0.0995897,-0.0305691,22.0459,0,2.7459
0.0991632,-0.0305767,22.0696,0,2.74596
0.0988022,-0.0305941,22.0833,0,2.74668
0.0986708,-0.0305909,22.0836,0,2.74743
0.0988518,-0.0305778,22.0872,0,2.74851
0.099305,-0.0305099,22.1153,0,2.7507
0.0998078,-0.0304727,22.1077,0,2.75025
0.0994579,-0.0304311,22.1057,0,2.7516
0.099059,-0.0303598,22.1152,0,2.75098
0.0995322,-0.0303502,22.181,0,2.75064
0.100197,-0.030365,22.2125,0,2.75002
0.100525,-0.0303931,22.2361,0,2.74956
0.100558,-0.0304403,22.2145,0,2.75056
0.100761,-0.0304943,22.1995,0,2.75007
0.100956,-0.0305537,22.242,0,2.74999
0.10106,-0.0306059,22.2389,0,2.75026
0.101668,-0.0306951,22.2377,0,2.75137
0.102128,-0.0307302,22.2763,0,2.75337
0.101967,-0.0307555,22.3132,0,2.75485
0.102463,-0.0307913,22.2844,0,2.75557
0.103037,-0.0308414,22.2782,0,2.75595
0.10404,-0.0308788,22.2986,0,2.75602
0.105507,-0.0308693,22.3036,0,2.75733
0.106646,-0.0308467,22.3428,0,2.75831
0.10731,-0.0308722,22.3503,0,2.75896
0.107881,-0.0307685,22.3094,0,2.75836
0.108281,-0.0307129,22.2759,0,2.75907
0.108686,-0.0306377,22.3091,0,2.75915
0.109554,-0.0305629,22.3519,0,2.76052
0.110256,-0.03049,22.3981,0,2.76044
0.111164,-0.0305026,22.4433,0,2.76137
0.112071,-0.0305854,22.478,0,2.76039
0.112659,-0.0307206,22.487,0,2.75923
0.113766,-0.0308551,22.4944,0,2.7593
0.114785,-0.0309757,22.5099,0,2.76026
0.115206,-0.0311082,22.519,0,2.76057
0.115894,-0.0312942,22.495,0,2.75997
0.116999,-0.0314786,22.5186,0,2.76092
0.117867,-0.031619,22.5652,0,2.76261
0.118885,-0.0318089,22.5931,0,2.7633
0.119935,-0.0319891,22.5645,0,2.76462
0.121055,-0.032145,22.6016,0,2.76539
0.122338,-0.0323316,22.6059,0,2.76692
0.122707,-0.0324997,22.6432,0,2.76835
0.122473,-0.032633,22.6471,0,2.76775
0.122103,-0.0327306,22.6529,0,2.76824
0.122185,-0.0327681,22.6665,0,2.76915
0.122267,-0.0328678,22.6701,0,2.76955
0.122019,-0.0329803,22.6882,0,2.77098
0.122462,-0.0330387,22.7105,0,2.77173
0.1231,-0.0331251,22.7055,0,2.7737
0.123625,-0.0332745,22.7151,0,2.77445
0.123036,-0.0334394,22.6857,0,2.7748
0.122804,-0.033555,22.7439,0,2.77566
0.122591,-0.0336524,22.7589,0,2.77677
0.122433,-0.0337669,22.778,0,2.77849
0.121981,-0.0339065,22.7983,0,2.78106
0.122148,-0.0339979,22.8109,0,2.78205
0.12178,-0.0340652,22.8029,0,2.78347
0.121366,-0.0341321,22.8768,0,2.78398
0.121493,-0.0342197,22.8659,0,2.78495
0.121798,-0.03435,22.8657,0,2.78626
0.122336,-0.0344525,22.8478,0,2.78636
0.122794,-0.0345397,22.8519,0,2.78755
0.123015,-0.0346363,22.8736,0,2.78943
0.122912,-0.0347367,22.897,0,2.79183
0.123521,-0.0348166,22.9062,0,2.79341
0.123922,-0.0348774,22.9584,0,2.79507
0.124389,-0.0349272,23.0538,0,2.79643
0.124805,-0.0349944,23.0942,0,2.79651
0.125168,-0.0351724,23.088,0,2.79892
0.125472,-0.0353075,23.0871,0,2.80104
0.12528,-0.035474,23.1127,0,2.8031
0.124208,-0.0356516,23.1165,0,2.80536
0.123281,-0.0358668,23.131,0,2.80721
0.122323,-0.0361019,23.1442,0,2.81021
0.121624,-0.036331,23.1385,0,2.81262
0.120986,-0.0364831,23.1317,0,2.81585
0.120523,-0.0365905,23.1186,0,2.81664
0.119988,-0.0367196,23.1338,0,2.81964
0.118697,-0.0368959,23.1618,0,2.81996
0.116578,-0.0370489,23.1467,0,2.8223
0.11522,-0.0371526,23.1858,0,2.82482
0.113874,-0.0372793,23.2165,0,2.82628
0.112643,-0.0374725,23.213,0,2.82774
0.111725,-0.0377415,23.2578,0,2.83148
0.110552,-0.0379111,23.298,0,2.83383
0.109067,-0.0380455,23.3047,0,2.83727
0.108153,-0.0382225,23.345,0,2.84038
0.107919,-0.0383961,23.3495,0,2.84302
0.10746,-0.0386041,23.3388,0,2.84584
0.106443,-0.0388158,23.3257,0,2.84796
0.105431,-0.0390349,23.3515,0,2.85088
0.105141,-0.0392338,23.3347,0,2.85389
0.105218,-0.0394787,23.3719,0,2.85782
0.104979,-0.0396768,23.3962,0,2.86049
0.104913,-0.0397902,23.3848,0,2.86382
0.105533,-0.039873,23.4147,0,2.86702
0.106105,-0.0398859,23.4127,0,2.87079
0.106374,-0.0398951,23.3949,0,2.87489
0.107317,-0.0398831,23.407,0,2.87872
0.108191,-0.0399263,23.4583,0,2.88258
0.109561,-0.0399016,23.466,0,2.8854
0.11103,-0.0398105,23.4665,0,2.88819
0.113097,-0.0397281,23.486,0,2.89329
0.114877,-0.039684,23.5461,0,2.8971
0.116439,-0.0396091,23.5863,0,2.90023
0.11698,-0.0396039,23.6597,0,2.90405
0.117154,-0.0396564,23.6829,0,2.90671
0.117394,-0.0397416,23.7123,0,2.91056
0.118339,-0.0398392,23.7805,0,2.9135
0.118812,-0.0399525,23.7584,0,2.91677
0.119357,-0.0400547,23.8031,0,2.92045
0.119491,-0.0401713,23.8195,0,2.92436
0.119769,-0.040348,23.799,0,2.92757
0.119451,-0.04051,23.8447,0,2.92961
0.119491,-0.0406601,23.8598,0,2.93294
0.119793,-0.0407722,23.8376,0,2.93444
0.120287,-0.0408763,23.8478,0,2.93905
0.120461,-0.0409263,23.8495,0,2.94191
0.120567,-0.0409721,23.8961,0,2.94608
0.120346,-0.0410461,23.9067,0,2.94935
0.120003,-0.0410979,23.8951,0,2.95228
0.119537,-0.0411427,23.9103,0,2.95686
0.119099,-0.0411499,23.8715,0,2.95885
0.119169,-0.0411772,23.884,0,2.96313
0.119379,-0.0412616,23.8561,0,2.96549
0.119272,-0.0413004,23.875,0,2.97081
0.119547,-0.0413539,23.8898,0,2.97623
0.119278,-0.0414066,23.8939,0,2.98123
0.118761,-0.0414915,23.8718,0,2.98491
0.118113,-0.0415428,23.8582,0,2.98928
0.117903,-0.0415873,23.8466,0,2.99214
0.117632,-0.041666,23.8729,0,2.99544
0.117313,-0.0417597,23.8821,0,2.99852
0.11699,-0.0418957,23.8897,0,3.00246
0.116047,-0.041942,23.8947,0,3.00557
0.115642,-0.0419144,23.9089,0,3.01076
0.11569,-0.041905,23.9577,0,3.01456
0.115837,-0.0418218,23.9472,0,3.01892
0.116253,-0.041818,23.9631,0,3.02362
0.116205,-0.0417601,23.9187,0,3.02772
0.11583,-0.0415361,23.9453,0,3.03406
0.115108,-0.0413698,23.9425,0,3.0385
0.114576,-0.0412402,23.9905,0,3.04348
0.113368,-0.0411,23.9506,0,3.04779
0.112985,-0.0409957,23.9648,0,3.05283
0.112329,-0.0408733,23.952,0,3.05928
0.111632,-0.040768,23.9863,0,3.06387
0.110644,-0.0406895,24.0389,0,3.06841
0.109528,-0.0405807,24.0564,0,3.07306
0.108782,-0.0404553,24.1241,0,3.07871
0.108355,-0.0403385,24.1443,0,3.08415
0.107924,-0.0402742,24.1272,0,3.0892
0.107678,-0.0402808,24.0942,0,3.0929
0.107743,-0.0402601,24.0621,0,3.09836
0.107797,-0.040255,24.0679,0,3.10295
0.107409,-0.0402079,24.0895,0,3.10712
0.106963,-0.0401583,24.1105,0,3.11292
0.106594,-0.0400733,24.1468,0,3.11682
0.105869,-0.0400057,24.127,0,3.12124
0.104837,-0.039912,24.1373,0,3.12546
0.10379,-0.0398247,24.1686,0,3.13165
0.103724,-0.0397631,24.1318,0,3.13786
0.103603,-0.0397132,24.1326,0,3.14356
0.103448,-0.0397081,24.1719,0,3.14831
0.103065,-0.0396781,24.2338,0,3.15463
0.102273,-0.0397143,24.2482,0,3.15871
0.101626,-0.0397659,24.2323,0,3.16487
0.101537,-0.0397249,24.2408,0,3.17077
0.100777,-0.0396592,24.3042,0,3.17781
0.100395,-0.0396347,24.2943,0,3.18221
0.0996487,-0.0396079,24.3273,0,3.18761
0.0989867,-0.0395693,24.3431,0,3.1932
0.0985477,-0.0395634,24.3904,0,3.20066
0.0980225,-0.0395693,24.3764,0,3.20526
0.0973773,-0.0395568,24.3961,0,3.21231
0.0972254,-0.0394826,24.4309,0,3.21975
0.0978014,-0.0393796,24.4441,0,3.22371
0.0982856,-0.039281,24.4462,0,3.2297
0.0986311,-0.0392033,24.4471,0,3.23489
0.0986659,-0.0391047,24.4954,0,3.23901
0.0992692,-0.0390452,24.4759,0,3.24365
0.0990935,-0.0390226,24.4861,0,3.24965
0.0993535,-0.0389892,24.5173,0,3.25501
0.0995325,-0.0389763,24.5665,0,3.26198
0.0997761,-0.0389656,24.5855,0,3.26673
0.099842,-0.0388988,24.5901,0,3.27361
0.100409,-0.0388348,24.6457,0,3.27988
0.100876,-0.0387778,24.6901,0,3.28698
0.101275,-0.0387309,24.661,0,3.29211
0.101789,-0.038712,24.6821,0,3.29628
0.102157,-0.038676,24.683,0,3.30076
0.10246,-0.0386016,24.6888,0,3.30898
0.102426,-0.038476,24.7324,0,3.31463
0.102122,-0.038375,24.7181,0,3.32332
0.100794,-0.0382892,24.7178,0,3.32399
0.0998458,-0.0382102,24.7144,0,3.32491
0.0992277,-0.0381567,24.7353,0,3.32511
0.0983617,-0.0381054,24.7347,0,3.32531
0.0982313,-0.0379837,24.7043,0,3.32582
0.0980677,-0.0378751,24.7188,0,3.32626
0.0975,-0.0377955,24.7419,0,3.32649
0.0962622,-0.0377716,24.7454,0,3.32744
0.095843,-0.0377642,24.777,0,3.3279
0.0952828,-0.0377525,24.7558,0,3.32752
0.0946904,-0.0377895,24.8242,0,3.32832
0.0943205,-0.0378613,24.8278,0,3.32818
0.0939922,-0.0378782,24.8445,0,3.32701
0.0930841,-0.0379385,24.8423,0,3.32656
0.0920699,-0.0379979,24.8891,0,3.32635
0.0911021,-0.038088,24.9098,0,3.3273
0.0901805,-0.0381724,24.8877,0,3.32641
0.0900075,-0.0382183,24.8573,0,3.32675
0.0900343,-0.0382232,24.8741,0,3.32688
0.0898399,-0.0382541,24.8793,0,3.32732
0.0890311,-0.0382727,24.9116,0,3.32758
0.0880434,-0.0381716,24.8968,0,3.32932
0.0869227,-0.0380772,24.9041,0,3.32837
0.0863877,-0.0379692,24.8869,0,3.32749
0.0858753,-0.0379254,24.8808,0,3.32866
0.0852847,-0.0379088,24.8821,0,3.32815
0.0849028,-0.0379056,24.9308,0,3.32587
0.0847088,-0.0378683,24.9887,0,3.32497
0.0841404,-0.0378626,25.0112,0,3.32457
0.0838214,-0.037934,25.0137,0,3.32566
0.0836201,-0.0380351,25.0226,0,3.3245
0.0837419,-0.0381358,24.9898,0,3.32478
0.0836543,-0.0382564,24.9976,0,3.32474
0.084319,-0.0383857,25.0161,0,3.32533
0.0843872,-0.038522,24.9356,0,3.3262
0.0849268,-0.0386135,24.9442,0,3.32626
0.0854412,-0.0386662,24.9687,0,3.32563
0.0861094,-0.0387549,24.9747,0,3.32598
0.0865171,-0.0388706,24.968,0,3.32734
0.0870003,-0.0388934,24.9795,0,3.32655
0.0876206,-0.0389372,24.9777,0,3.32815
0.087927,-0.0389267,24.9693,0,3.32847
0.0878054,-0.0389016,24.9708,0,3.32738
0.0876557,-0.0388874,25.0329,0,3.32788
0.0874464,-0.0388597,25.0413,0,3.32909
0.0878125,-0.0388334,24.9826,0,3.32866
0.0884414,-0.0388599,25.0221,0,3.32938
0.0889404,-0.0388519,25.0307,0,3.33124
0.0883513,-0.038769,25.0439,0,3.33097
0.0878664,-0.0386772,25.0401,0,3.33067
0.0871461,-0.0385917,25.0762,0,3.33056
0.0868284,-0.0384734,25.0623,0,3.33086
0.0870342,-0.0383341,25.0673,0,3.33263
0.0870333,-0.0382066,25.1117,0,3.33426
0.0871968,-0.0381428,25.141,0,3.33474
0.0875581,-0.0381099,25.15,0,3.33514
0.0874954,-0.0380878,25.1432,0,3.33579
0.0875758,-0.038161,25.1426,0,3.33491
0.0874661,-0.0382503,25.1651,0,3.33486
0.0873275,-0.0383333,25.2055,0,3.3342
0.087264,-0.0383883,25.2268,0,3.33256
0.0874224,-0.0384297,25.2625,0,3.33186
0.0871264,-0.0384604,25.2739,0,3.33022
0.0862765,-0.0384029,25.2423,0,3.33085
0.0855934,-0.0383144,25.1989,0,3.32989
0.0854721,-0.0382523,25.2064,0,3.3289
0.0857367,-0.0382221,25.2322,0,3.32854
0.0859869,-0.0381976,25.223,0,3.32951
0.0861041,-0.0382007,25.2062,0,3.32991
0.0866031,-0.0382641,25.2478,0,3.32884
0.0868902,-0.0383446,25.2595,0,3.32907
0.0868265,-0.0383772,25.2507,0,3.32929
0.0872365,-0.0384745,25.2291,0,3.32814
0.0875849,-0.0385142,25.2708,0,3.32674
0.0877315,-0.0385484,25.3138,0,3.32719
0.088027,-0.0385529,25.3253,0,3.32665
0.088148,-0.0385183,25.303,0,3.32559
0.0881364,-0.0384632,25.261,0,3.32386
0.0878191,-0.0383769,25.2627,0,3.32328
0.087518,-0.0383215,25.3095,0,3.32209
0.0870277,-0.0382387,25.2949,0,3.3225
0.0867788,-0.0382303,25.2991,0,3.323
0.0857115,-0.0382491,25.272,0,3.32452
0.0847558,-0.0382853,25.2963,0,3.32567
0.0838291,-0.0383145,25.2713,0,3.32621
0.0824698,-0.0383314,25.2688,0,3.32608
0.0818992,-0.0383214,25.3095,0,3.32583
0.0817532,-0.0382672,25.3585,0,3.32602
0.0816114,-0.0382144,25.3635,0,3.32542
0.081389,-0.0381803,25.3854,0,3.32385
0.0811172,-0.0381542,25.395,0,3.32494
0.0807602,-0.0381448,25.3706,0,3.32485
0.0803253,-0.0380822,25.4005,0,3.32585
0.0803514,-0.038003,25.4106,0,3.3261
0.0806597,-0.0379658,25.3961,0,3.32499
0.0805322,-0.037909,25.4015,0,3.32388
0.0805738,-0.0378987,25.4104,0,3.32464
0.0804195,-0.0378852,25.4553,0,3.32402
0.0807772,-0.0378973,25.4532,0,3.32154
0.0803786,-0.0378174,25.5183,0,3.32145
0.080175,-0.0376988,25.5387,0,3.32081
0.0800287,-0.0376096,25.5328,0,3.32115
0.0795487,-0.0375865,25.5097,0,3.32198
0.0792852,-0.0375775,25.537,0,3.32189
0.0790427,-0.0375767,25.5639,0,3.32138
0.0788309,-0.0375909,25.5689,0,3.32255
0.0790273,-0.0376075,25.6288,0,3.32388
0.0786641,-0.0376139,25.6392,0,3.32341
0.0782335,-0.0375926,25.652,0,3.32469
0.0776634,-0.0375543,25.6663,0,3.32565
0.0772153,-0.0375501,25.6682,0,3.32489
0.0775491,-0.0375159,25.652,0,3.32511
0.07799,-0.037524,25.6716,0,3.32561
0.0781124,-0.0375638,25.6625,0,3.32612
0.0785751,-0.0376356,25.672,0,3.3255
0.078571,-0.0377167,25.7018,0,3.32554
0.0785513,-0.0378089,25.6805,0,3.3248
0.0788379,-0.0378964,25.6927,0,3.32542
0.0795109,-0.0379893,25.6712,0,3.32521
0.0796701,-0.0380742,25.6838,0,3.32529
0.0797556,-0.0382579,25.6987,0,3.32669
0.0795178,-0.0383703,25.703,0,3.32711
0.0786691,-0.0384904,25.7123,0,3.32766
0.0774477,-0.0385673,25.7061,0,3.32753
0.0762495,-0.038632,25.7013,0,3.32815
0.0756885,-0.0387028,25.7158,0,3.32803
0.0752969,-0.0387467,25.7235,0,3.32703
0.0748183,-0.038776,25.7437,0,3.32749
0.0747289,-0.0388035,25.7649,0,3.32716
0.0743712,-0.0388133,25.7705,0,3.32792
0.0740142,-0.0387933,25.7508,0,3.327
0.0731192,-0.038745,25.7506,0,3.32607
0.071041,-0.0387652,25.8008,0,3.32599
0.0695439,-0.0387968,25.8227,0,3.32604
0.0685959,-0.0388755,25.828,0,3.32526
0.0676147,-0.0389786,25.8106,0,3.32446
0.0673052,-0.0390651,25.8007,0,3.3243
0.0676473,-0.0391331,25.7901,0,3.32614
0.0684273,-0.0392373,25.8326,0,3.32692
0.069514,-0.0393258,25.8276,0,3.32656
0.0704409,-0.0394388,25.8537,0,3.32496
0.0721737,-0.0394802,25.8828,0,3.32241
0.0744241,-0.0394864,25.9321,0,3.32254
0.0769613,-0.0394386,25.9495,0,3.32193
0.0790085,-0.0394286,25.9914,0,3.32035
0.0803921,-0.0393897,26.0052,0,3.32147
0.0822771,-0.0392525,25.9979,0,3.32309
0.0833493,-0.039151,26.0435,0,3.3238
0.0843835,-0.0390963,26.0631,0,3.32531
0.085594,-0.0390647,26.043,0,3.3255
0.0862931,-0.0390879,26.0202,0,3.32703
0.0861447,-0.0391618,25.9939,0,3.32849
0.085847,-0.0391764,26.0169,0,3.32999
0.0858811,-0.039234,26.0601,0,3.33178
0.0863402,-0.0393026,26.1092,0,3.332
0.0869795,-0.0393798,26.0872,0,3.33304
0.0876366,-0.0394078,26.1085,0,3.33376
0.0879771,-0.0394276,26.123,0,3.33556
0.0879001,-0.0394906,26.1015,0,3.33682
0.0877452,-0.0395715,26.0802,0,3.33708
0.0872799,-0.0396819,26.0547,0,3.33778
0.0875697,-0.0398329,26.0295,0,3.33774
0.089055,-0.039924,26.0623,0,3.34102
0.0896272,-0.0399839,26.0345,0,3.3431
0.0893079,-0.0401152,26.1121,0,3.34523
0.0891938,-0.0402732,26.1244,0,3.34525
0.0894269,-0.0403912,26.1177,0,3.34637
0.0890776,-0.0405447,26.1447,0,3.34875
0.0891126,-0.0406764,26.1306,0,3.34983
0.0892329,-0.0407697,26.1324,0,3.34951
0.0893013,-0.0408191,26.1555,0,3.35072
0.0889097,-0.0408578,26.1405,0,3.35142
0.0882844,-0.0408422,26.1635,0,3.35221
0.0872747,-0.0408438,26.1478,0,3.35389
0.0858726,-0.0408014,26.2013,0,3.3555
0.0848521,-0.0407693,26.213,0,3.35575
0.083956,-0.0407755,26.2339,0,3.35626
0.08374,-0.0407208,26.2506,0,3.35769
0.083788,-0.0407222,26.3068,0,3.35836
0.0838394,-0.0407228,26.3195,0,3.36006
0.0842594,-0.0407272,26.2988,0,3.36119
0.0844725,-0.0407554,26.3229,0,3.36505
0.0852615,-0.0407954,26.2973,0,3.36587
0.0853103,-0.04077,26.3045,0,3.36771
0.0857365,-0.0407383,26.3029,0,3.36958
0.0862257,-0.0406674,26.2992,0,3.37023
0.0868096,-0.0406044,26.2829,0,3.37059
0.0874071,-0.0405699,26.2976,0,3.37064
0.0878302,-0.040511,26.3419,0,3.3735
0.0882559,-0.0404197,26.304,0,3.37601
0.0890594,-0.040322,26.3302,0,3.37656
0.0896742,-0.0402747,26.3372,0,3.37814
0.0904766,-0.0401714,26.3654,0,3.37775
0.0917331,-0.0400386,26.3987,0,3.37854
0.0931981,-0.0399392,26.384,0,3.37961
0.094067,-0.0398521,26.4036,0,3.38158
0.0945429,-0.0397694,26.4214,0,3.38281
0.0952146,-0.0396784,26.4421,0,3.3834
0.095946,-0.039665,26.4329,0,3.38627
0.0964236,-0.0396648,26.4675,0,3.3889
0.097078,-0.0396734,26.4105,0,3.39062
0.0976666,-0.0397324,26.4026,0,3.39068
0.0984157,-0.0397596,26.389,0,3.39338
0.0992361,-0.0398084,26.3963,0,3.39432
0.10023,-0.0398136,26.4096,0,3.396
0.100692,-0.0398343,26.4404,0,3.39776
0.101134,-0.0398673,26.5065,0,3.39959
0.100846,-0.0398908,26.4864,0,3.39914
0.100716,-0.0399016,26.5013,0,3.39941
0.100378,-0.0399377,26.5283,0,3.40152
0.0999377,-0.0398916,26.4997,0,3.40161
0.0995134,-0.0398116,26.4982,0,3.4013
0.0992056,-0.0397493,26.4997,0,3.40358
0.0990347,-0.0396928,26.4952,0,3.40488
0.0991623,-0.0396718,26.5176,0,3.40603
0.099265,-0.039626,26.5469,0,3.40791
0.099221,-0.0396075,26.5483,0,3.40897
0.0993195,-0.0395727,26.575,0,3.4113
0.0998585,-0.0395379,26.6081,0,3.41271
0.10053,-0.0394397,26.6237,0,3.41223
0.101324,-0.0393995,26.6474,0,3.41407
0.101874,-0.0393202,26.6391,0,3.41451
0.102022,-0.0391776,26.6683,0,3.41657
0.101447,-0.0390165,26.7372,0,3.41774
0.100726,-0.0388735,26.7439,0,3.41732
0.100709,-0.0387746,26.7413,0,3.41946
0.100705,-0.0386711,26.7531,0,3.42105
0.100123,-0.0385194,26.7716,0,3.42179
0.100073,-0.0384244,26.7969,0,3.42621
0.0997545,-0.0383003,26.8317,0,3.42774
0.0996543,-0.038216,26.8265,0,3.43006
0.0997991,-0.0381686,26.9105,0,3.4323
0.100482,-0.0381445,26.9408,0,3.43658
0.100845,-0.038037,26.9784,0,3.4387
0.101291,-0.0379359,26.9571,0,3.44231
0.102125,-0.0378498,26.9526,0,3.44378
0.10279,-0.0377494,26.892,0,3.4461
0.103779,-0.037645,26.9174,0,3.44932
0.104758,-0.037507,26.9127,0,3.4494
0.105602,-0.0373663,26.9163,0,3.45176
0.106111,-0.0372371,26.9156,0,3.45351
0.106251,-0.0370982,26.9003,0,3.45667
0.106344,-0.037026,26.9076,0,3.45702
0.106464,-0.0369312,26.858,0,3.45888
0.107405,-0.0368347,26.8501,0,3.45999
0.108028,-0.0367486,26.8814,0,3.46143
0.108676,-0.036683,26.9286,0,3.46361
0.109672,-0.0366669,26.9422,0,3.46632
0.11047,-0.0366231,26.9464,0,3.46822
0.110719,-0.0365531,26.9715,0,3.47033
0.110781,-0.0365084,26.9451,0,3.47171
0.110333,-0.0364508,26.9279,0,3.47423
0.110091,-0.0363878,26.9292,0,3.47782
0.110092,-0.0362849,26.9131,0,3.47843
0.110236,-0.0362292,26.9344,0,3.48002
0.110788,-0.0362252,26.952,0,3.48246
0.111314,-0.0362189,26.9768,0,3.48476
0.111473,-0.0361938,27.0045,0,3.48713
0.1108,-0.0361104,27.0134,0,3.48876
0.110082,-0.0360197,27.0546,0,3.48939
0.110183,-0.0359449,27.0627,0,3.4905
0.110475,-0.0358965,27.0653,0,3.49446
0.110922,-0.0358444,27.105,0,3.4986
0.111401,-0.0358086,27.1208,0,3.50077
0.111619,-0.035843,27.1502,0,3.50462
0.112072,-0.0359045,27.1679,0,3.50704
0.113011,-0.0359596,27.188,0,3.50993
0.113747,-0.0359926,27.1931,0,3.51158
0.11394,-0.0359927,27.2219,0,3.51345
0.114212,-0.0359362,27.2763,0,3.51655
0.114167,-0.035891,27.311,0,3.51783
0.114074,-0.0358165,27.3516,0,3.51874
0.114316,-0.0356954,27.3684,0,3.51994
0.114259,-0.0356271,27.392,0,3.52246
0.114532,-0.0356237,27.4308,0,3.52404
0.114095,-0.0355581,27.4738,0,3.5266
0.11347,-0.0355523,27.4927,0,3.5278
0.112677,-0.0355294,27.4914,0,3.53014
0.11235,-0.0354586,27.5215,0,3.53205
0.112465,-0.0353761,27.4779,0,3.53649
0.112627,-0.0353209,27.4456,0,3.53835
0.112606,-0.035323,27.4507,0,3.54077
0.112511,-0.0352681,27.4717,0,3.54296
0.113387,-0.0352362,27.5382,0,3.54625
0.114326,-0.0352315,27.5381,0,3.54699
0.115246,-0.0352184,27.5489,0,3.5501
0.116237,-0.0352353,27.5784,0,3.55387
0.117782,-0.0352147,27.5676,0,3.55528
0.118936,-0.0351764,27.5742,0,3.55764
0.119694,-0.0351625,27.6017,0,3.55912
0.119975,-0.0351757,27.627,0,3.56317
0.119809,-0.0352087,27.6201,0,3.56716
0.118998,-0.0352147,27.6519,0,3.56972
0.117819,-0.0351943,27.6571,0,3.57145
0.116454,-0.0351714,27.6847,0,3.57378
0.114872,-0.035114,27.7231,0,3.57505
0.113323,-0.0350535,27.7887,0,3.57712
0.112544,-0.0349716,27.7992,0,3.5802
0.112394,-0.0348559,27.7845,0,3.58129
0.112113,-0.0347155,27.7949,0,3.5838
0.112138,-0.034558,27.8185,0,3.58612
0.111733,-0.034404,27.7978,0,3.58763
0.111911,-0.0342657,27.8074,0,3.59021
0.111712,-0.0341519,27.842,0,3.59211
0.110657,-0.0341053,27.9367,0,3.59465
0.109894,-0.0340333,27.9766,0,3.59802
0.109291,-0.0339534,27.9775,0,3.60223
0.108701,-0.0338788,27.9601,0,3.60479
0.107938,-0.0338416,27.9496,0,3.60711
0.10739,-0.0338247,27.9351,0,3.6093
0.106983,-0.0337865,27.9475,0,3.61213
0.10659,-0.0337107,27.9617,0,3.61402
0.106989,-0.0335775,27.9705,0,3.61673
0.107826,-0.0334187,27.9594,0,3.62068
0.108349,-0.0332734,27.9847,0,3.62423
0.108608,-0.0331411,27.9832,0,3.62493
0.108815,-0.0330437,28.0411,0,3.62712
0.108689,-0.0329364,28.0518,0,3.62963
0.108437,-0.0328213,28.0511,0,3.63254
0.107918,-0.0327252,28.0554,0,3.63358
0.106575,-0.0325921,28.1007,0,3.63827
0.105093,-0.0324489,28.1079,0,3.6402
0.103952,-0.0322998,28.1193,0,3.64176
0.103251,-0.0321575,28.1022,0,3.64456
0.102725,-0.0320315,28.1065,0,3.64652
0.102195,-0.0318594,28.0651,0,3.64928
0.101563,-0.0316597,28.0619,0,3.6513
0.100897,-0.0314725,28.0638,0,3.6548
0.100687,-0.0313153,28.1112,0,3.65551
0.100347,-0.0310959,28.0813,0,3.65854
0.100225,-0.0309308,28.0904,0,3.66216
0.100167,-0.0307738,28.0923,0,3.6649
0.100109,-0.0306065,28.0962,0,3.66725
0.0998458,-0.0303652,28.1091,0,3.67019
0.100009,-0.0300812,28.0787,0,3.67249
0.100449,-0.029899,28.0721,0,3.67379
0.101601,-0.0296733,28.0761,0,3.67588
0.10287,-0.0295528,28.0916,0,3.67822
0.103609,-0.0294203,28.1138,0,3.68106
0.10411,-0.0293278,28.1417,0,3.68247
0.103799,-0.029313,28.134,0,3.68449
0.10334,-0.0292664,28.1641,0,3.68831
0.10319,-0.0291945,28.1859,0,3.68989
0.103557,-0.02906,28.2162,0,3.69216
0.103896,-0.0289172,28.1946,0,3.69623
0.104728,-0.0287572,28.248,0,3.6995
0.105732,-0.0286536,28.2571,0,3.70252
0.107114,-0.0285586,28.2807,0,3.7055
0.10799,-0.0285307,28.2882,0,3.70768
0.10945,-0.0285135,28.3037,0,3.70935
0.110693,-0.0284753,28.2603,0,3.71185
0.111949,-0.0283533,28.2896,0,3.71455
0.113141,-0.0281628,28.3113,0,3.71491
0.114037,-0.0279375,28.3094,0,3.71948
0.1147,-0.0276952,28.3218,0,3.72326
0.115299,-0.0274348,28.3234,0,3.72483
0.116066,-0.0271509,28.3148,0,3.72919
0.117094,-0.0269456,28.339,0,3.73241
0.117926,-0.0268009,28.3124,0,3.73526
0.118114,-0.0266633,28.311,0,3.74021
0.118444,-0.0265538,28.3026,0,3.74189
0.118311,-0.0264645,28.3335,0,3.74703
0.118051,-0.0263355,28.384,0,3.75077
0.117804,-0.026178,28.4161,0,3.75451
0.117542,-0.0260072,28.4033,0,3.75794
0.117432,-0.0258157,28.3931,0,3.76078
0.117509,-0.0256692,28.4085,0,3.76257
0.117728,-0.0255165,28.4179,0,3.76704
0.117804,-0.0253996,28.3531,0,3.77062
0.118326,-0.0253005,28.3504,0,3.77528
0.118985,-0.0252191,28.3975,0,3.78002
0.119594,-0.025172,28.4478,0,3.78405
0.11992,-0.0251083,28.4674,0,3.78738
0.119879,-0.0250697,28.518,0,3.79017
0.119685,-0.0250321,28.5226,0,3.79329
0.118888,-0.0250355,28.515,0,3.79497
0.117624,-0.0250632,28.5423,0,3.79977
0.115771,-0.0250981,28.535,0,3.80287
0.114318,-0.025126,28.5022,0,3.80532
0.112723,-0.0251102,28.5281,0,3.80784
0.110336,-0.0250704,28.5561,0,3.81136
0.108084,-0.0250825,28.5615,0,3.81375
0.105951,-0.0250899,28.5665,0,3.81612
0.104037,-0.0250865,28.5832,0,3.81965
0.10275,-0.0251187,28.6059,0,3.82407
0.101347,-0.0251548,28.6118,0,3.82823
0.100269,-0.0251671,28.5732,0,3.83144
0.0998161,-0.0251302,28.5702,0,3.83559
0.0994042,-0.0250225,28.5807,0,3.83799
0.0988057,-0.0249177,28.5309,0,3.84179
0.0982966,-0.0248712,28.5177,0,3.84406
0.0976962,-0.0248207,28.5465,0,3.84645
0.0964137,-0.0248816,28.588,0,3.84987
0.0951144,-0.0249422,28.6057,0,3.85349
0.0939214,-0.0249846,28.6215,0,3.85546
0.0929557,-0.0250025,28.6362,0,3.8594
0.0912903,-0.0249826,28.6554,0,3.86332
0.0902252,-0.0249707,28.6322,0,3.86584
0.0898055,-0.0249326,28.6669,0,3.86819
0.0893504,-0.0249269,28.7072,0,3.87277
0.0895023,-0.0248858,28.7239,0,3.87693
0.0897538,-0.0248596,28.7041,0,3.88133
0.0900702,-0.0247616,28.7229,0,3.88541
0.0909247,-0.0246493,28.6924,0,3.88683
0.0912157,-0.0245309,28.6839,0,3.89096
0.0917881,-0.0244447,28.7,0,3.89442
0.0918936,-0.0243244,28.6845,0,3.89754
0.091718,-0.024169,28.7263,0,3.90099
0.0907015,-0.0239991,28.7467,0,3.90307
0.0895705,-0.0238892,28.7693,0,3.90632
0.0885164,-0.0237644,28.8059,0,3.90908
0.0881145,-0.0236991,28.8179,0,3.91255
0.0879909,-0.0236565,28.8446,0,3.91614
0.0879124,-0.0235914,28.8791,0,3.9191
0.0888862,-0.0234908,28.9059,0,3.92255
0.0899031,-0.0233648,28.9613,0,3.92551
0.0909368,-0.0232849,28.9844,0,3.93074
0.0918085,-0.0232103,28.9323,0,3.9322
0.0928023,-0.0231391,28.905,0,3.93615
0.0936249,-0.0230091,28.9656,0,3.94048
0.0943602,-0.0229181,29.0123,0,3.94385
0.0949211,-0.0227596,28.9785,0,3.94759
0.0956482,-0.0226648,28.9483,0,3.95356
0.0960186,-0.0225751,28.9141,0,3.95592
0.0956381,-0.0224593,28.8935,0,3.95921
0.0951458,-0.0222969,28.9181,0,3.96383
0.0949677,-0.0221216,28.9408,0,3.96793
0.093932,-0.0220209,28.9195,0,3.97002
0.0933508,-0.0219247,28.9707,0,3.97323
0.0925047,-0.0218137,29.0066,0,3.9783
0.0915553,-0.0216903,28.9943,0,3.98389
0.0907916,-0.0216009,29.0055,0,3.9863
0.0899013,-0.0215715,29.0509,0,3.98973
0.0892377,-0.0215253,29.0324,0,3.99275
0.0881481,-0.0214483,29.0252,0,3.99682
0.0869531,-0.0213306,29.0457,0,4
0.0857263,-0.0212373,29.0664,0,4.0028
0.0847803,-0.0211786,29.1024,0,4.00557
0.0840682,-0.0211569,29.0885,0,4.01011
0.0831501,-0.0210773,29.1011,0,4.01403
0.0831364,-0.0210431,29.1102,0,4.0167
0.083197,-0.021031,29.133,0,4.02028
0.0825933,-0.0209789,29.1539,0,4.02378
0.0823104,-0.020949,29.1595,0,4.03013
0.0809569,-0.0209633,29.1647,0,4.03264
0.0798209,-0.0209729,29.1448,0,4.03712
0.0789492,-0.0209064,29.2011,0,4.04073
0.0779054,-0.0208188,29.2071,0,4.04292
0.0766052,-0.0207396,29.2005,0,4.04626
0.0758553,-0.020671,29.208,0,4.04906
0.0755331,-0.0205965,29.2387,0,4.05255
0.0755532,-0.0205144,29.3079,0,4.05674
0.075159,-0.0204519,29.3272,0,4.06101
0.0744185,-0.0203866,29.3771,0,4.06422
0.0740313,-0.0203059,29.3712,0,4.06889
0.0739069,-0.0201547,29.4034,0,4.07338
0.0742041,-0.0199924,29.4197,0,4.07794
0.0739971,-0.019863,29.4363,0,4.08423
0.0742988,-0.0197681,29.4182,0,4.0883
0.0748347,-0.0196818,29.4101,0,4.09305
0.0756907,-0.0196527,29.4154,0,4.09562
0.0758993,-0.0196131,29.4313,0,4.10006
0.0766763,-0.0196298,29.4237,0,4.1032
0.0774178,-0.0197108,29.4683,0,4.10597
0.078565,-0.0197552,29.4967,0,4.10851
0.0794449,-0.0198242,29.5167,0,4.11232
0.0797651,-0.0199269,29.496,0,4.11415
0.0803584,-0.0199877,29.506,0,4.11736
0.0806013,-0.0200111,29.4847,0,4.12282
0.0810832,-0.0200395,29.5242,0,4.12608
0.0822145,-0.0201136,29.5113,0,4.13233
0.0834558,-0.0201779,29.5279,0,4.13662
0.0838818,-0.0201637,29.5771,0,4.13867
0.0841451,-0.0200837,29.5481,0,4.14273
0.0838971,-0.0200221,29.5827,0,4.14656
0.0841566,-0.0199833,29.5886,0,4.1498
0.084532,-0.0199197,29.6174,0,4.15267
0.0856624,-0.0198711,29.6061,0,4.15471
0.0863989,-0.0198345,29.5699,0,4.15776
0.087546,-0.0197635,29.556,0,4.16257
0.0882478,-0.019777,29.5776,0,4.16675
0.0891998,-0.0197881,29.5978,0,4.17154
0.0894125,-0.0197778,29.5818,0,4.17199
0.0893994,-0.0197127,29.6383,0,4.17651
0.0893876,-0.0196126,29.625,0,4.17922
0.089137,-0.0195672,29.6518,0,4.18248
0.0884827,-0.0195111,29.6752,0,4.1851
0.0879027,-0.0194799,29.6496,0,4.18926
0.0870604,-0.0194961,29.7174,0,4.19374
0.0862119,-0.0194857,29.7149,0,4.19876
0.0856455,-0.0195364,29.7936,0,4.20278
0.0854856,-0.0196178,29.7918,0,4.20688
0.0849079,-0.0197119,29.795,0,4.21094
0.0839664,-0.0197216,29.7264,0,4.21289
0.0832393,-0.0197444,29.6569,0,4.21738
0.0828462,-0.0197207,29.673,0,4.22015
0.0832878,-0.019662,29.6905,0,4.22406
0.0839451,-0.0196543,29.7084,0,4.22734
0.0838958,-0.0196822,29.7601,0,4.23086
0.0837936,-0.0196876,29.7817,0,4.23516
0.0839211,-0.0196386,29.8306,0,4.23973
0.0842337,-0.0196323,29.8472,0,4.24237
0.084715,-0.019644,29.8348,0,4.24593
0.0854131,-0.0196653,29.8863,0,4.24904
0.0854318,-0.0196983,29.9321,0,4.25693
0.0857029,-0.0196492,29.9222,0,4.26143
0.0855101,-0.0194994,29.9516,0,4.26718
0.0847245,-0.0193821,29.9545,0,4.27135
0.0844547,-0.0192664,29.9667,0,4.27786
0.0844392,-0.0191938,29.9974,0,4.28234
0.0842877,-0.0191595,30.0205,0,4.28738
0.0840633,-0.0191278,30.057,0,4.29344
0.0851335,-0.01907,30.0714,0,4.29825
0.0860871,-0.0189744,30.0498,0,4.30353
0.0868523,-0.018821,30.0823,0,4.30546
0.0876771,-0.0186544,30.1727,0,4.3092
0.0884722,-0.0185251,30.1656,0,4.31172
0.0884604,-0.0184081,30.1933,0,4.31427
0.0879708,-0.0183698,30.2746,0,4.31784
0.0872545,-0.018331,30.2764,0,4.32272
0.0861607,-0.0183002,30.2971,0,4.32565
0.0843225,-0.0182706,30.3049,0,4.32932
0.0822258,-0.0182861,30.3205,0,4.33243
0.0803199,-0.0182655,30.3125,0,4.33458
0.0780118,-0.0182025,30.319,0,4.33907
0.0762662,-0.0181122,30.3923,0,4.34366
0.0753111,-0.0180613,30.4188,0,4.34856
0.074087,-0.0180093,30.4237,0,4.35223
0.0729485,-0.0179212,30.3912,0,4.35567
0.0720187,-0.0178809,30.3757,0,4.36086
0.0714001,-0.0178654,30.3906,0,4.36462
0.070409,-0.0179115,30.4265,0,4.36707
0.0695705,-0.0179339,30.4329,0,4.37186
0.0693057,-0.0179021,30.4465,0,4.37673
0.0689207,-0.017868,30.4066,0,4.38098
0.0685273,-0.0178435,30.4303,0,4.38621
0.0683918,-0.0177998,30.4212,0,4.39025
0.0686796,-0.017745,30.4569,0,4.3949
0.0695348,-0.017691,30.5186,0,4.40042
0.0705635,-0.0176277,30.5531,0,4.40613
0.0711864,-0.0176245,30.5315,0,4.40797
0.0709921,-0.017666,30.5298,0,4.41219
0.0710263,-0.0177682,30.5107,0,4.41587
0.070659,-0.0178839,30.5576,0,4.42003
0.0701481,-0.0179929,30.575,0,4.42444
0.0692416,-0.0181043,30.5715,0,4.42894
0.0685373,-0.0182011,30.5359,0,4.43267
0.0673902,-0.0182874,30.56,0,4.43724
0.0664268,-0.0183718,30.5395,0,4.44082
0.0660988,-0.0184644,30.582,0,4.44416
0.0667132,-0.0186325,30.5971,0,4.44911
0.0672243,-0.0187004,30.5754,0,4.45199
0.0671492,-0.0187063,30.5685,0,4.45715
0.0676541,-0.0187883,30.5564,0,4.4615
0.0682729,-0.0189126,30.5759,0,4.46461
0.0690084,-0.0190019,30.6065,0,4.46309
0.0693045,-0.019014,30.6033,0,4.46365
0.0693398,-0.0189586,30.61,0,4.46453
0.0690957,-0.0188936,30.5847,0,4.46472
0.0686559,-0.0188468,30.562,0,4.46536
0.068457,-0.018739,30.5642,0,4.46484
0.0687037,-0.0186978,30.5771,0,4.46662
0.0687543,-0.0186861,30.631,0,4.46622
0.0688028,-0.018687,30.6198,0,4.46664
0.0686594,-0.0186503,30.6662,0,4.46694
0.0684192,-0.0187065,30.6843,0,4.46711
0.0681684,-0.0187375,30.6547,0,4.46597
0.0680744,-0.0187182,30.6863,0,4.46477
0.0681333,-0.018716,30.6585,0,4.46497
0.0673762,-0.0186504,30.6594,0,4.46488
0.0666986,-0.0185739,30.6939,0,4.46525
0.0655641,-0.0185139,30.7152,0,4.46382
0.0642661,-0.0184504,30.7589,0,4.46434
0.0627467,-0.0183675,30.8123,0,4.46441
0.0613893,-0.0182857,30.8669,0,4.46324
0.0602816,-0.0182197,30.8399,0,4.46247
0.0589788,-0.018177,30.8484,0,4.46448
0.0580053,-0.0182469,30.8828,0,4.46579
0.0574789,-0.0182858,30.9167,0,4.46523
0.0572046,-0.018365,30.9438,0,4.46416
0.0572189,-0.01846,30.9659,0,4.46398
0.0567816,-0.0186032,30.9428,0,4.46329
0.0566421,-0.0187688,30.9804,0,4.4632
0.0568233,-0.0188965,30.9847,0,4.4631
0.0571336,-0.0190843,30.9818,0,4.46141
0.0576516,-0.0192677,30.9963,0,4.4617
0.0572752,-0.0194404,30.9704,0,4.46205
0.0566148,-0.0195763,30.9955,0,4.4629
0.0559597,-0.019648,31.0557,0,4.46433
0.0555755,-0.0197066,31.0145,0,4.46546
0.0553503,-0.0197836,31.0173,0,4.46371
0.054818,-0.0199053,31.0095,0,4.46408
0.0551715,-0.0200371,30.9861,0,4.46417
0.0559441,-0.0200955,31.0308,0,4.46501
0.0562253,-0.0202035,30.9919,0,4.46391
0.0561304,-0.0202871,31.0016,0,4.46586
0.0564023,-0.0203757,31.0266,0,4.46502
0.056464,-0.0203464,31.0453,0,4.46394
0.0562442,-0.0202526,31.0463,0,4.46458
0.0558435,-0.0202213,31.0858,0,4.46686
0.0556813,-0.0202457,31.0784,0,4.4667
0.0553268,-0.0202733,31.1137,0,4.46811
0.0549335,-0.0202158,31.0974,0,4.46907
0.0540686,-0.0201508,31.1163,0,4.46735
0.0532394,-0.0200556,31.0659,0,4.46874
0.0519796,-0.0199904,31.0718,0,4.46881
0.0512896,-0.0199282,31.1225,0,4.46924
0.0505035,-0.0198383,31.1622,0,4.47227
0.0499572,-0.0197684,31.1624,0,4.47232
0.0490601,-0.0197399,31.1784,0,4.47158
0.048146,-0.019648,31.2037,0,4.47197
0.04749,-0.0195394,31.221,0,4.47246
0.0468017,-0.0195141,31.2348,0,4.47065
0.046712,-0.0194699,31.2324,0,4.47214
0.0463526,-0.019425,31.1929,0,4.47107
0.0465619,-0.0193304,31.2349,0,4.47107
0.0473949,-0.0193161,31.2222,0,4.47084
0.0484137,-0.0192755,31.2084,0,4.47137
0.0493712,-0.0192981,31.1696,0,4.47158
0.0502602,-0.0193141,31.1708,0,4.47039
0.0512175,-0.0193909,31.0788,0,4.47013
0.0510886,-0.0193386,31.1136,0,4.47052
0.0509872,-0.0192816,31.1406,0,4.46985
0.051255,-0.019302,31.1859,0,4.46721
0.0521467,-0.0193191,31.1888,0,4.46755
0.0528891,-0.0192792,31.1682,0,4.46697
0.053473,-0.0192196,31.1964,0,4.4657
0.0538964,-0.0191484,31.2321,0,4.46464
0.0539099,-0.0191251,31.2648,0,4.46338
0.0542048,-0.0191221,31.2377,0,4.46215
0.0548664,-0.0191062,31.2155,0,4.46407
0.0555423,-0.0190839,31.2559,0,4.46332
0.0552303,-0.019085,31.2538,0,4.463
0.0556076,-0.0190799,31.2339,0,4.46303
0.0554485,-0.0191474,31.2108,0,4.46197
0.0550824,-0.0192016,31.2129,0,4.46022
0.0549317,-0.0193044,31.2477,0,4.46216
0.055131,-0.0193862,31.2215,0,4.46002
0.0551304,-0.0194504,31.2296,0,4.46057
0.0544774,-0.0194593,31.2434,0,4.4608
0.053794,-0.0194871,31.3098,0,4.4607
0.0531958,-0.0194275,31.3037,0,4.45984
0.0532423,-0.0193754,31.327,0,4.45859
0.0529951,-0.0193114,31.3288,0,4.45842
0.0527566,-0.0192669,31.3289,0,4.45835
0.0526495,-0.019192,31.3708,0,4.45805
0.0522472,-0.0191324,31.3647,0,4.45838
0.051355,-0.0190453,31.4015,0,4.45952
0.0499878,-0.0189179,31.3658,0,4.45922
0.0498156,-0.0187755,31.3489,0,4.46005
0.0493754,-0.0186646,31.3427,0,4.45865
0.0501847,-0.0186202,31.4181,0,4.46113
0.0509029,-0.0185382,31.4257,0,4.46412
0.0508967,-0.0184689,31.3913,0,4.46639
0.0510659,-0.0184763,31.4235,0,4.4702
0.0510011,-0.0185166,31.4433,0,4.47207
0.0514364,-0.0185397,31.4922,0,4.47302
0.0517392,-0.018562,31.4814,0,4.47394
0.0522462,-0.0186239,31.5264,0,4.47525
0.0530679,-0.0187047,31.5676,0,4.47647
0.0539108,-0.0187572,31.5449,0,4.47639
0.0547001,-0.0187353,31.5481,0,4.47817
0.0555435,-0.0187384,31.5116,0,4.48018
0.0564686,-0.01869,31.4782,0,4.48266
0.0575028,-0.0186612,31.4799,0,4.48157
0.0586685,-0.0186791,31.5147,0,4.48461
0.0594903,-0.0186547,31.5296,0,4.4873
0.059947,-0.0186656,31.5822,0,4.48888
0.0604245,-0.0186822,31.6111,0,4.49091
0.0610963,-0.0186666,31.6203,0,4.49345
0.0615398,-0.01872,31.6464,0,4.49554
0.0615023,-0.0187518,31.6278,0,4.49889
0.061519,-0.018809,31.6351,0,4.49954
0.061429,-0.0188327,31.6378,0,4.50068
0.0614804,-0.0188218,31.6419,0,4.50188
0.0618064,-0.0188719,31.6855,0,4.50208
0.0619136,-0.0188835,31.7236,0,4.50366
0.0617184,-0.0189104,31.7275,0,4.50564
0.0617813,-0.0189146,31.7359,0,4.50757
0.0625596,-0.0189089,31.7351,0,4.50966
0.0631367,-0.0188268,31.7665,0,4.50999
0.0639848,-0.0187389,31.7694,0,4.50942
0.0645934,-0.0186543,31.7183,0,4.51133
0.0655866,-0.01856,31.7212,0,4.51234
0.0659155,-0.0183931,31.7455,0,4.51204
0.0661978,-0.0183101,31.7607,0,4.51379
0.0667267,-0.0182507,31.799,0,4.51512
0.0671669,-0.0181971,31.7651,0,4.51746
0.0675529,-0.0181346,31.7307,0,4.51979
0.0678536,-0.0180481,31.7164,0,4.51951
0.0677289,-0.0180359,31.7258,0,4.5217
0.0675409,-0.0180382,31.7188,0,4.52403
0.067468,-0.018016,31.6671,0,4.52487
0.0668056,-0.018009,31.7263,0,4.52703
0.0660272,-0.0180543,31.7422,0,4.52831
0.0654957,-0.0180774,31.7389,0,4.53044
0.0646793,-0.0180255,31.7918,0,4.53201
0.0643171,-0.0178876,31.7861,0,4.53513
0.0644257,-0.0177669,31.7923,0,4.53756
0.0647161,-0.0176713,31.8033,0,4.53917
0.0643719,-0.0176263,31.8038,0,4.54274
0.0648366,-0.0175953,31.8012,0,4.54221
0.0653144,-0.0175849,31.7837,0,4.54366
0.0654386,-0.0175936,31.7799,0,4.54694
0.0653099,-0.0175717,31.7869,0,4.54884
0.0656976,-0.0175262,31.7834,0,4.54925
0.0660827,-0.0175257,31.8051,0,4.55005
0.0664773,-0.0175445,31.8563,0,4.55112
0.0671636,-0.0175894,31.9062,0,4.55275
0.0672634,-0.0176287,31.9383,0,4.55376
0.0672317,-0.0176533,31.8976,0,4.55703
0.0675072,-0.0176184,31.9461,0,4.55882
0.0676382,-0.0176082,31.9873,0,4.5598
0.067656,-0.0176255,31.9882,0,4.5617
0.0677447,-0.0176656,31.9744,0,4.56541
0.0672456,-0.0176719,31.9706,0,4.56727
0.0670511,-0.0176785,31.9636,0,4.56756
0.0666052,-0.0176681,31.9718,0,4.56813
0.0662676,-0.0176227,31.9839,0,4.56978
0.066094,-0.0175397,32.012,0,4.57131
0.0666249,-0.0174844,32.0165,0,4.57229
0.0674962,-0.0173357,32.0424,0,4.57374
0.0679996,-0.0172487,32.0206,0,4.5756
0.068547,-0.0171976,32.0356,0,4.57817
0.0693594,-0.0171253,32.0603,0,4.58062
0.0702537,-0.0171252,32.021,0,4.58292
0.0708492,-0.0171539,31.975,0,4.58405
0.0713789,-0.0171509,32.0053,0,4.58559
0.0717152,-0.0171394,32.0362,0,4.5859
0.0716612,-0.017211,32.0618,0,4.58694
0.0722192,-0.0172015,32.1194,0,4.5886
0.0724295,-0.0172094,32.0884,0,4.58769
0.0729075,-0.0171384,32.1078,0,4.58813
0.0728857,-0.0170912,32.1026,0,4.588
0.0724643,-0.0170712,32.0572,0,4.58965
0.0723547,-0.0170237,32.0438,0,4.59089
0.0727961,-0.0169689,32.1102,0,4.5939
0.0736365,-0.016932,32.1174,0,4.59669
0.075118,-0.0169282,32.1178,0,4.60022
0.0764019,-0.0168846,32.0725,0,4.60078
0.0780807,-0.0168555,32.101,0,4.60242
0.0792528,-0.0168701,32.2077,0,4.60391
0.0791704,-0.0168625,32.2364,0,4.60677
0.0791446,-0.0168096,32.2721,0,4.60845
0.0790292,-0.0168135,32.2323,0,4.60871
0.0787712,-0.0168856,32.2051,0,4.61013
0.0780209,-0.0169309,32.2223,0,4.61177
0.0776171,-0.017006,32.2307,0,4.61448
0.0773484,-0.0171143,32.2176,0,4.61761
0.0775065,-0.0171856,32.1925,0,4.61885
0.077531,-0.0172277,32.2122,0,4.62088
0.0774749,-0.0172397,32.2332,0,4.61924
0.0774718,-0.0172363,32.2243,0,4.6193
0.0770224,-0.0172714,32.24,0,4.62178
0.0765752,-0.0172784,32.3253,0,4.62074
0.0762884,-0.0173319,32.2572,0,4.62247
0.0759524,-0.0174223,32.2672,0,4.6256
0.0753969,-0.0174848,32.2721,0,4.62808
0.0748255,-0.0175125,32.3263,0,4.63011
0.0749743,-0.0175388,32.3073,0,4.63145
0.0755005,-0.0175492,32.279,0,4.63164
0.076817,-0.0175709,32.2838,0,4.63297
0.0775816,-0.0176414,32.3281,0,4.63263
0.0786975,-0.0176871,32.3157,0,4.63775
0.079356,-0.0177019,32.3209,0,4.63738
0.0802,-0.0177323,32.3029,0,4.637
0.0805101,-0.0177572,32.3156,0,4.63948
0.0803393,-0.0177283,32.3331,0,4.63955
0.0797687,-0.0177695,32.3265,0,4.64255
0.0788132,-0.0177329,32.3819,0,4.64254
0.0780259,-0.0176678,32.3898,0,4.64184
0.0769049,-0.017605,32.3739,0,4.6436
0.0757899,-0.0175523,32.4112,0,4.64727
0.0752929,-0.017408,32.445,0,4.64991
0.0756231,-0.0172829,32.4631,0,4.65137
0.0752718,-0.0171583,32.4579,0,4.65348
0.0744871,-0.0170504,32.4552,0,4.65362
0.074329,-0.016939,32.4584,0,4.65336
0.0737565,-0.0168593,32.4911,0,4.65491
0.0736267,-0.0167614,32.5038,0,4.6577
0.0740855,-0.0166819,32.5674,0,4.65929
0.0740066,-0.0165936,32.5762,0,4.66018
0.0742329,-0.0166007,32.5496,0,4.6638
0.0745682,-0.0165783,32.5034,0,4.66524
0.0744859,-0.0165956,32.5399,0,4.66703
0.0740147,-0.0166493,32.5599,0,4.66965
0.0744505,-0.0166475,32.5638,0,4.67244
0.074594,-0.0166907,32.5912,0,4.67253
0.0748767,-0.0167262,32.5597,0,4.67433
0.075071,-0.0167039,32.5653,0,4.67675
0.0748088,-0.0167056,32.6201,0,4.6772
0.0752688,-0.01678,32.6659,0,4.67771
0.0754476,-0.0168294,32.7339,0,4.67746
0.0754911,-0.0168685,32.8148,0,4.67939
0.0753371,-0.0168839,32.8196,0,4.68171
0.0753223,-0.0168631,32.8451,0,4.68321
0.0750243,-0.0168225,32.8466,0,4.68475
0.0747422,-0.0167949,32.8729,0,4.68654
0.0748272,-0.0167907,32.8252,0,4.68736
0.0749568,-0.0167992,32.8189,0,4.68831
0.0748228,-0.016797,32.8187,0,4.6907
0.0746026,-0.0167845,32.7608,0,4.69166
0.0742286,-0.0167413,32.7473,0,4.69363
0.0739165,-0.0166599,32.8052,0,4.69401
0.073542,-0.0166596,32.8263,0,4.69777
0.0727145,-0.0166518,32.8264,0,4.70117
0.0717385,-0.0166567,32.8496,0,4.70422
0.0704352,-0.0165869,32.8495,0,4.70545
0.06881,-0.0165591,32.9153,0,4.70662
0.0676704,-0.0165343,33.0082,0,4.70989
0.067135,-0.0165748,33.0305,0,4.71174
0.0664321,-0.0166219,33.0773,0,4.71608
0.0656018,-0.0167061,33.0776,0,4.71524
0.0651713,-0.0167562,33.072,0,4.717
0.0641785,-0.0167675,33.0698,0,4.71842
0.0637704,-0.0167404,33.0757,0,4.72089
0.063465,-0.0167735,33.0718,0,4.72193
0.0625479,-0.0167588,33.0845,0,4.72214
0.0625479,-0.0166962,33.0928,0,4.72442
0.0625406,-0.016665,33.1233,0,4.72669
0.0624346,-0.0165823,33.1564,0,4.72965
0.0620784,-0.0165037,33.1393,0,4.73132
0.0621378,-0.0164123,33.1498,0,4.73381
0.0624454,-0.01633,33.1661,0,4.73531
0.0629606,-0.0163421,33.1692,0,4.7344
0.0636581,-0.0163002,33.1958,0,4.73528
0.0639323,-0.0163142,33.2179,0,4.73668
0.0641552,-0.0163295,33.2544,0,4.73814
0.064853,-0.0163436,33.3283,0,4.73871
0.06528,-0.0162941,33.3721,0,4.73904
0.0655115,-0.0162947,33.3925,0,4.74026
0.0657118,-0.0163398,33.3514,0,4.74389
0.065775,-0.0163366,33.3767,0,4.74602
0.0658746,-0.0163588,33.3958,0,4.7501
0.0656778,-0.0164546,33.4556,0,4.753
0.0659661,-0.0165404,33.4906,0,4.75399
0.0659677,-0.0165437,33.5018,0,4.75489
0.0657729,-0.0165308,33.5332,0,4.75754
0.0658055,-0.0165312,33.5347,0,4.7606
0.0655705,-0.0165433,33.4857,0,4.76386
0.0650562,-0.0165676,33.5097,0,4.76534
0.064646,-0.0165373,33.5277,0,4.76852
0.0641569,-0.0164649,33.5111,0,4.77047
0.0637381,-0.0163614,33.5498,0,4.77393
0.0631678,-0.0161824,33.5245,0,4.77702
0.0623262,-0.0159519,33.5095,0,4.77903
0.0619878,-0.015757,33.483,0,4.77926
0.0612635,-0.0155529,33.5208,0,4.78197
0.0607637,-0.0153616,33.5732,0,4.78364
0.0597843,-0.0151393,33.5947,0,4.78567
0.0588151,-0.0149218,33.6213,0,4.7883
0.0577397,-0.0146903,33.6202,0,4.78988
0.057018,-0.0144731,33.6428,0,4.79344
0.0564078,-0.0142981,33.6544,0,4.79427
0.056205,-0.014113,33.6263,0,4.79748
0.055752,-0.0140259,33.6407,0,4.7985
0.0554656,-0.013919,33.5748,0,4.79877
0.0551371,-0.0138778,33.6036,0,4.79997
0.055545,-0.0137884,33.632,0,4.80367
0.0564522,-0.0136893,33.614,0,4.80423
0.0575032,-0.0135359,33.6437,0,4.8046
0.0580704,-0.013325,33.665,0,4.80477
0.0590092,-0.0131714,33.6241,0,4.80666
0.0596152,-0.01303,33.5806,0,4.80779
0.0605024,-0.0128543,33.6183,0,4.81226
0.061932,-0.0127212,33.606,0,4.81385
0.0627152,-0.0125213,33.6154,0,4.81422
0.0629941,-0.012283,33.6353,0,4.81634
0.0629449,-0.0121051,33.5899,0,4.82005
0.0624737,-0.0119349,33.5792,0,4.82222
0.062135,-0.0117981,33.6166,0,4.8235
0.061834,-0.0116218,33.6403,0,4.82461
0.0615834,-0.0114245,33.6771,0,4.82644
0.0613232,-0.0112526,33.7215,0,4.83015
0.0606915,-0.011104,33.7106,0,4.83124
0.0605582,-0.0110042,33.6957,0,4.83349
0.0607712,-0.0108781,33.6761,0,4.83746
0.0610549,-0.010825,33.7085,0,4.83903
0.0615297,-0.010786,33.6826,0,4.84075
0.0620608,-0.0107439,33.6899,0,4.84001
0.0626899,-0.0107136,33.694,0,4.84148
0.063535,-0.010751,33.7494,0,4.84327
0.0638323,-0.0108409,33.7329,0,4.84537
0.0642318,-0.0108967,33.725,0,4.8455
0.064981,-0.0109657,33.6874,0,4.84569
0.0658024,-0.0110935,33.6572,0,4.84673
0.0668713,-0.0112005,33.6813,0,4.84905
0.0683928,-0.0113073,33.6899,0,4.85079
0.0695897,-0.0113876,33.7296,0,4.8508
0.0702193,-0.0114218,33.7579,0,4.85395
0.0705415,-0.011501,33.7754,0,4.85736
0.0702734,-0.0115777,33.8039,0,4.85855
0.0700802,-0.0116258,33.8359,0,4.86014
0.0698751,-0.0116522,33.8472,0,4.86437
0.0684911,-0.0116727,33.8252,0,4.86555
0.0667754,-0.0117205,33.8774,0,4.86597
0.0656141,-0.011781,33.9168,0,4.86853
0.0646643,-0.0117532,33.9481,0,4.87053
0.064232,-0.0116539,34.0023,0,4.87235
0.0636374,-0.0115676,33.9958,0,4.87634
0.0631557,-0.011454,34.0229,0,4.87875
0.0626745,-0.0113524,34.0182,0,4.88029
0.0614271,-0.0112395,33.9987,0,4.88094
0.0596459,-0.0111581,34.07,0,4.88147
0.0583467,-0.0110751,34.083,0,4.88573
0.0568593,-0.011012,34.1463,0,4.8862
0.0551719,-0.0108869,34.0891,0,4.88529
0.0537157,-0.0107263,34.0929,0,4.88719
0.0520991,-0.0105391,34.1173,0,4.89015
0.0506277,-0.0103761,34.1456,0,4.89132
0.049206,-0.0102636,34.1703,0,4.88981
0.0480685,-0.0101774,34.19,0,4.88965
0.0470206,-0.0100299,34.1922,0,4.89118
0.0460056,-0.00983621,34.1507,0,4.89061
0.0443791,-0.00971555,34.1699,0,4.88971
0.0439127,-0.00958519,34.1523,0,4.88891
0.043007,-0.00955153,34.1049,0,4.88697
0.0427407,-0.00950465,34.1424,0,4.88813
0.0428923,-0.00951896,34.1839,0,4.88975
0.0424757,-0.00953918,34.2543,0,4.88907
0.0415533,-0.0094695,34.2521,0,4.89037
0.0408622,-0.00941148,34.226,0,4.88905
0.0398966,-0.00934535,34.2784,0,4.88883
0.0383037,-0.00927228,34.239,0,4.8863
0.036917,-0.00914998,34.188,0,4.88388
0.0359851,-0.00907319,34.2218,0,4.88205
0.0352779,-0.00904311,34.2363,0,4.88364
0.0350101,-0.0091225,34.2049,0,4.88291
0.0346804,-0.00921246,34.2282,0,4.88391
0.0339034,-0.00918178,34.2236,0,4.88458
0.0332335,-0.00916009,34.2516,0,4.88484
0.0327794,-0.00911696,34.2788,0,4.8828
0.033012,-0.00908419,34.2359,0,4.88376
0.0326993,-0.00904252,34.2548,0,4.88418
0.0326428,-0.00898814,34.3045,0,4.88142
0.0324277,-0.008948,34.3116,0,4.8817
0.0321029,-0.00902855,34.3231,0,4.88055
0.0316524,-0.00909558,34.2982,0,4.88244
0.0316927,-0.00912711,34.3267,0,4.88278
0.0318146,-0.00916553,34.3091,0,4.88358
0.0317765,-0.00922654,34.2729,0,4.88486
0.0316789,-0.00932216,34.3114,0,4.8843
0.0320474,-0.00939894,34.3222,0,4.88379
0.0318889,-0.00945028,34.3692,0,4.884
0.0314773,-0.00950253,34.3645,0,4.88374
0.0312574,-0.00964706,34.3951,0,4.8846
0.0310687,-0.00976033,34.4337,0,4.88676
0.0309498,-0.00990525,34.4184,0,4.88784
0.0307073,-0.010055,34.4471,0,4.88841
0.0313208,-0.0101281,34.4791,0,4.88996
0.0310742,-0.0101497,34.4413,0,4.88937
0.0313999,-0.0101149,34.4514,0,4.89084
0.0315263,-0.0101304,34.4336,0,4.8896
0.0323768,-0.0101287,34.4338,0,4.88928
0.0335648,-0.010164,34.4444,0,4.89059
0.0341351,-0.0102144,34.4593,0,4.89075
0.0347323,-0.0102999,34.482,0,4.89141
0.0348528,-0.0103709,34.4553,0,4.8887
0.0353366,-0.0104032,34.4293,0,4.89005
0.0360371,-0.0104669,34.4667,0,4.89112
0.0367838,-0.0104919,34.4892,0,4.88941
0.0372605,-0.0105674,34.5174,0,4.89
0.0387328,-0.0106098,34.4909,0,4.89264
0.039388,-0.0106214,34.502,0,4.89514
0.0403968,-0.010595,34.5331,0,4.89378
0.0414235,-0.0105715,34.5556,0,4.89464
0.0419963,-0.0106506,34.5622,0,4.89618
0.042425,-0.0107001,34.6305,0,4.89813
0.043094,-0.0107862,34.6318,0,4.89846
0.0437417,-0.0108614,34.6633,0,4.89877
0.0432154,-0.0109336,34.7042,0,4.89723
0.042669,-0.0109255,34.6977,0,4.89648
0.04138,-0.0109194,34.6852,0,4.89834
0.0405068,-0.0109457,34.6832,0,4.8994
0.0395534,-0.0109521,34.7389,0,4.89925
0.0388966,-0.0109923,34.7596,0,4.89862
0.0382413,-0.0110698,34.7468,0,4.90085
0.0372757,-0.0110762,34.7899,0,4.89904
0.0369315,-0.011013,34.7867,0,4.89867
0.0365507,-0.0109562,34.7896,0,4.90097
0.0360986,-0.0108895,34.8112,0,4.9
0.0357885,-0.0107273,34.7855,0,4.9018
0.0357673,-0.0105232,34.8009,0,4.90347
0.0356031,-0.0103644,34.8036,0,4.90355
0.0363307,-0.0101876,34.8217,0,4.90315
0.0365905,-0.00998079,34.8275,0,4.90114
0.0366489,-0.00978952,34.8938,0,4.90047
0.0361485,-0.00962149,34.9064,0,4.89916
0.0355505,-0.00947076,34.949,0,4.90096
0.0353232,-0.00929618,34.9824,0,4.89964
0.0359915,-0.00910959,34.9491,0,4.90135
0.0359388,-0.00889861,35.0288,0,4.90249
0.03629,-0.00867605,35.0287,0,4.90369
0.0366042,-0.0085102,35.1087,0,4.90351
0.0368848,-0.0083712,35.1389,0,4.90326
0.0364106,-0.00825213,35.1273,0,4.90486
0.0359104,-0.00816881,35.1366,0,4.90221
0.0350534,-0.00812403,35.1262,0,4.90303
0.0340305,-0.00808111,35.1517,0,4.90352
0.0330359,-0.0080539,35.1717,0,4.90409
0.0321476,-0.00801904,35.1834,0,4.90416
0.0307947,-0.00790888,35.1435,0,4.90494
0.029276,-0.00771073,35.1461,0,4.90656
0.0282268,-0.00754612,35.1296,0,4.90559
0.0272204,-0.00745055,35.1772,0,4.90741
0.026775,-0.00736172,35.2263,0,4.90658
0.026195,-0.00720432,35.2032,0,4.90589
0.0261056,-0.00706817,35.2076,0,4.90616
0.0265755,-0.00694014,35.2013,0,4.90582
0.0271557,-0.00685233,35.1706,0,4.90747
0.0276343,-0.00682175,35.1241,0,4.90783
0.0282602,-0.00678022,35.1696,0,4.90718
0.0283637,-0.00675242,35.2168,0,4.90863
0.0282444,-0.00666178,35.2811,0,4.90921
0.0279778,-0.00660233,35.2669,0,4.90974
0.0276369,-0.00652972,35.333,0,4.90917
0.0277377,-0.00649097,35.3676,0,4.90696
0.0286181,-0.00642252,35.3449,0,4.90586
0.030044,-0.00636759,35.3693,0,4.90615
0.0311626,-0.00635648,35.3904,0,4.90507
0.0327295,-0.00625686,35.4156,0,4.90565
0.0335887,-0.00621928,35.4168,0,4.90741
0.0337142,-0.0062252,35.466,0,4.90849
0.0332206,-0.0062233,35.4898,0,4.90852
0.0330055,-0.00618611,35.5502,0,4.90846
0.0326523,-0.00616782,35.596,0,4.90766
0.0326512,-0.00620335,35.5992,0,4.90801
0.0327123,-0.0061295,35.5987,0,4.90854
0.0328328,-0.00610913,35.6443,0,4.90718
0.033005,-0.00607785,35.7169,0,4.90629
0.0332603,-0.00602675,35.7927,0,4.90547
0.0326928,-0.00597614,35.8479,0,4.90584
0.0324781,-0.00598031,35.8615,0,4.90585
0.0325753,-0.00598858,35.9385,0,4.9071
0.0322821,-0.00602698,35.9232,0,4.90812
0.0324809,-0.00604554,35.951,0,4.9078
0.0330244,-0.0060698,35.937,0,4.90731
0.0338408,-0.00603505,35.9011,0,4.90776
0.0343959,-0.00602798,35.8678,0,4.90793
0.0349281,-0.0060012,35.9125,0,4.9072
0.0356685,-0.0059814,35.9079,0,4.90485
0.0360503,-0.00600198,35.8837,0,4.90417
0.0366469,-0.0059899,35.8846,0,4.90301
0.0372123,-0.00595494,35.8829,0,4.90075
0.0378411,-0.0059262,35.8956,0,4.90236
0.0387979,-0.00587062,35.886,0,4.90287
0.038507,-0.0057702,35.8971,0,4.90265
0.0381682,-0.00571485,35.9096,0,4.90123
0.0381604,-0.00567353,35.9574,0,4.90187
0.0382767,-0.00567427,35.9341,0,4.90124
0.0391154,-0.00568697,35.9297,0,4.89999
0.0400418,-0.00572584,35.9271,0,4.90214
0.0412322,-0.00571806,35.9576,0,4.90207
0.0423627,-0.0057497,35.9681,0,4.90037
0.044185,-0.00577737,36.0121,0,4.90036
0.0459496,-0.00586386,36.062,0,4.90297
0.0478419,-0.00596223,35.9915,0,4.90412
0.0490089,-0.00603219,36.0304,0,4.904
0.0494228,-0.00609896,36.078,0,4.90544
0.0497563,-0.00615325,36.0648,0,4.90608
0.0497453,-0.00620353,36.0405,0,4.90539
0.0495823,-0.0062879,35.9937,0,4.90663
0.0496843,-0.00628762,36.0168,0,4.90678
0.0500061,-0.00626408,36.0202,0,4.90518
0.0502469,-0.00623986,36.0214,0,4.90592
0.0501342,-0.00628727,36.0412,0,4.9047
0.0499099,-0.00634047,36.0034,0,4.90224
0.0499382,-0.00637637,35.9682,0,4.90203
0.0497443,-0.00646226,35.9518,0,4.90112
0.0490504,-0.00655092,35.9371,0,4.90105
0.0487075,-0.0066702,35.9632,0,4.90194
0.04873,-0.00679537,35.9741,0,4.90144
0.04864,-0.0069309,35.9875,0,4.90068
0.0482054,-0.00705288,36.0119,0,4.90097
0.0479496,-0.00717445,36.0357,0,4.9016
0.0482006,-0.00725643,36.0837,0,4.9014
0.0487316,-0.0073334,36.0777,0,4.90146
0.0494286,-0.00735277,36.0635,0,4.90323
0.0497364,-0.00742357,36.0903,0,4.90182
0.0504106,-0.00750466,36.1118,0,4.90282
0.0507894,-0.0075332,36.0897,0,4.90135
0.050829,-0.00759938,36.1911,0,4.9025
0.051658,-0.007676,36.189,0,4.90089
0.0518242,-0.00777699,36.2281,0,4.90213
0.0523815,-0.00789889,36.2241,0,4.90294
0.0531209,-0.00801359,36.2007,0,4.90076
0.0538879,-0.0081356,36.2008,0,4.89996
0.0547761,-0.00821804,36.2258,0,4.89986
0.0548721,-0.00825326,36.1892,0,4.90039
0.0557856,-0.0082379,36.2123,0,4.9018
0.0566104,-0.00824674,36.2105,0,4.90141
0.0576992,-0.00820178,36.2672,0,4.89975
0.0579101,-0.00815667,36.2887,0,4.90037
0.0583439,-0.00809219,36.3074,0,4.90095
0.0594672,-0.00799582,36.3537,0,4.9011
0.0604185,-0.00791248,36.3562,0,4.90335
0.0614447,-0.0078052,36.3757,0,4.90436
0.062454,-0.00770398,36.3839,0,4.90632
0.0638027,-0.00757068,36.396,0,4.90692
0.0650588,-0.00741203,36.3736,0,4.90885
0.066462,-0.00729622,36.3687,0,4.90921
0.0672125,-0.00712352,36.399,0,4.91065
0.0682319,-0.00686661,36.3454,0,4.91165
0.068469,-0.00668545,36.3991,0,4.9128
0.0686799,-0.00649414,36.4257,0,4.91248
0.0693082,-0.00630383,36.4424,0,4.91352
0.0702909,-0.00615133,36.4156,0,4.91341
0.0702684,-0.00606043,36.4468,0,4.91244
0.0701011,-0.00600132,36.4593,0,4.91474
0.0700813,-0.00592586,36.4834,0,4.91446
0.0699937,-0.00589175,36.4963,0,4.91476
0.0700216,-0.00586486,36.4886,0,4.91351
0.0694514,-0.00584334,36.5308,0,4.91209
0.0678162,-0.00578741,36.5981,0,4.91199
0.0676869,-0.0057606,36.6194,0,4.91025
0.0682071,-0.00576577,36.638,0,4.91088
0.0693158,-0.00582224,36.6342,0,4.91063
0.070523,-0.00588471,36.6948,0,4.90841
0.0716143,-0.00595104,36.6965,0,4.90753
0.0726724,-0.00593911,36.7319,0,4.9058
0.0732138,-0.00592901,36.711,0,4.90487
0.0741226,-0.00588635,36.7478,0,4.90447
0.0752995,-0.0058218,36.7605,0,4.90311
0.0758819,-0.00573306,36.7764,0,4.90071
0.076744,-0.00566362,36.7551,0,4.89772
0.0773345,-0.0055046,36.748,0,4.8982
0.0784306,-0.00539587,36.7065,0,4.89847
0.0793766,-0.0052712,36.7663,0,4.89702
0.0804152,-0.00517586,36.7972,0,4.89407
0.0809223,-0.0050327,36.7692,0,4.89136
0.0808974,-0.00487541,36.7695,0,4.89138
0.0805767,-0.00477936,36.8006,0,4.89044
0.080036,-0.00474266,36.8678,0,4.89056
0.0795509,-0.00469923,36.8832,0,4.89112
0.078979,-0.00465086,36.9001,0,4.891
0.0790223,-0.00457176,36.8746,0,4.88992
0.0792157,-0.00443043,36.8613,0,4.88867
0.0796085,-0.00428573,36.9743,0,4.88662
0.0794081,-0.00418902,36.9891,0,4.88632
0.0793951,-0.00414506,37.0194,0,4.88505
0.0795469,-0.00401582,37.0324,0,4.8828
0.0793957,-0.00392358,37.0628,0,4.88257
0.0789443,-0.00383703,37.0415,0,4.87978
0.0780228,-0.00367606,37.0602,0,4.87975
0.076354,-0.00356173,37.062,0,4.88014
0.0753541,-0.00345626,37.073,0,4.87875
0.0745906,-0.00337608,37.0936,0,4.87773
0.073829,-0.00324568,37.1425,0,4.87674
0.0723905,-0.00311255,37.1985,0,4.876
0.0711215,-0.00301895,37.1629,0,4.87604
0.0704444,-0.00293758,37.1396,0,4.87492
0.0695533,-0.00285342,37.1664,0,4.876
0.0691412,-0.00277609,37.1643,0,4.87463
0.0681847,-0.00272013,37.1531,0,4.87179
0.0676971,-0.0027071,37.1466,0,4.86989
0.067472,-0.00265677,37.1184,0,4.8703
0.0674971,-0.00255397,37.1416,0,4.86976
0.0667852,-0.00252352,37.1087,0,4.86929
0.0664461,-0.00247382,37.1058,0,4.86614
0.0664472,-0.00241847,37.1286,0,4.86639
0.0663413,-0.00239012,37.1203,0,4.86426
0.0661567,-0.00234417,37.1262,0,4.86395
0.065616,-0.00232592,37.1113,0,4.86408
0.0641687,-0.00235273,37.1414,0,4.86353
0.0629886,-0.00236093,37.1485,0,4.86469
0.0615186,-0.00238531,37.1303,0,4.86254
0.0606142,-0.00244559,37.1086,0,4.86214
0.0598337,-0.00248456,37.1422,0,4.86153
0.0600544,-0.00251878,37.1316,0,4.86256
0.0594719,-0.00255709,37.1995,0,4.86342
0.0586064,-0.00257356,37.2206,0,4.86459
0.0587051,-0.00260233,37.2211,0,4.86513
0.0587378,-0.00260348,37.265,0,4.86417
0.0591289,-0.00258261,37.2614,0,4.8643
0.0596235,-0.00245725,37.2974,0,4.86542
0.0595188,-0.00232545,37.3204,0,4.86598
0.0594175,-0.00214627,37.3225,0,4.8649
0.0595115,-0.00196893,37.3082,0,4.86442
0.059446,-0.00180922,37.3168,0,4.8646
0.0596967,-0.00160106,37.3444,0,4.86417
0.0599787,-0.00147491,37.4023,0,4.86391
0.059252,-0.00134878,37.4134,0,4.86651
0.0587002,-0.00125737,37.4567,0,4.86661
0.0578805,-0.00112927,37.4883,0,4.86557
0.0576259,-0.000963288,37.58,0,4.86629
0.0568315,-0.00079382,37.576,0,4.86703
0.0562025,-0.00062527,37.6098,0,4.86785
0.0552923,-0.000482677,37.6453,0,4.8676
0.0540413,-0.000341959,37.6597,0,4.86718
0.0532381,-0.000179388,37.6814,0,4.86442
0.0523115,8.01156e-06,37.6741,0,4.86394
0.0518147,0.000295249,37.6448,0,4.86369
0.0515429,0.00054858,37.6452,0,4.86059
0.0513498,0.000850942,37.6741,0,4.86082
0.0518391,0.00114742,37.6731,0,4.86218
0.0523035,0.00143421,37.7158,0,4.8621
0.0537348,0.0016643,37.7009,0,4.86276
0.0546718,0.00190876,37.7482,0,4.86218
0.0557607,0.00207566,37.7551,0,4.86095
0.0569396,0.00225766,37.8339,0,4.85895
0.057319,0.00239598,37.9208,0,4.8606
0.0578371,0.00255333,37.9342,0,4.8607
0.0581518,0.00274994,37.9266,0,4.85882
0.0585424,0.00295276,37.9566,0,4.85919
0.0588531,0.00313411,37.9527,0,4.85843
0.0592813,0.00330951,37.9911,0,4.85767
0.0597623,0.00348217,37.9596,0,4.85831
0.060193,0.00361713,37.9771,0,4.85579
0.0608942,0.00372941,38.0074,0,4.85813
0.0619084,0.00380861,38.053,0,4.85962
0.0632673,0.00382566,38.1221,0,4.85971
0.0650107,0.00389674,38.1612,0,4.85769
0.066702,0.00390402,38.1417,0,4.85687
0.0680176,0.00388929,38.1776,0,4.85668
0.0693304,0.00388683,38.2425,0,4.85681
0.0709196,0.0038666,38.221,0,4.85716
0.0722894,0.00383558,38.2396,0,4.85687
0.0740338,0.00378825,38.2832,0,4.85782
0.0747577,0.00372903,38.308,0,4.85825
0.0751846,0.00361996,38.3422,0,4.85705
0.0755394,0.00351817,38.365,0,4.85614
0.0755464,0.00340366,38.3688,0,4.85613
0.0754073,0.00326769,38.4448,0,4.8566
0.0753547,0.00311347,38.4351,0,4.85494
0.0757913,0.00300376,38.4582,0,4.85604
0.0760045,0.0029244,38.5125,0,4.85567
0.0761241,0.00282262,38.6254,0,4.8552
0.0760431,0.00277368,38.6775,0,4.85422
0.0758579,0.00276623,38.6709,0,4.85373
0.0758266,0.00278616,38.6591,0,4.85468
0.0762084,0.00278377,38.7107,0,4.85474
0.0770811,0.00280408,38.709,0,4.85416
0.077887,0.00279238,38.7041,0,4.85336
0.0790331,0.00276782,38.7203,0,4.85584
0.0807663,0.00271984,38.7761,0,4.8564
0.0822174,0.00268449,38.7491,0,4.85682
0.0834815,0.00267782,38.7329,0,4.85733
0.0844532,0.002684,38.7354,0,4.85726
0.0853077,0.00273244,38.7756,0,4.85658
0.0861902,0.00280673,38.8004,0,4.85815
0.0868711,0.00292096,38.8125,0,4.8565
0.087083,0.0029813,38.8022,0,4.85731
0.0879927,0.00306548,38.8096,0,4.85754
0.0883666,0.00312646,38.7926,0,4.8597
0.0887434,0.00316282,38.798,0,4.86099
0.0888757,0.00320579,38.8375,0,4.86096
0.0887839,0.00323126,38.8272,0,4.85982
0.0887283,0.00324798,38.8986,0,4.8601
0.0884631,0.00324147,38.891,0,4.85923
0.087697,0.00331008,38.907,0,4.85807
0.0878265,0.00343023,38.9748,0,4.85855
0.0883292,0.00354974,39.012,0,4.85872
0.0885058,0.00366005,39.0401,0,4.85995
0.0884607,0.00367595,39.0084,0,4.85916
0.0885943,0.00366528,38.9863,0,4.8588
0.0890648,0.00365144,38.9892,0,4.85916
0.0890372,0.00359574,38.9512,0,4.86035
0.0889732,0.00356481,38.9501,0,4.86042
0.0894288,0.00351131,38.9942,0,4.86037
0.0897733,0.00346675,38.9765,0,4.86088
0.0898941,0.00349227,38.9952,0,4.86201
0.0892305,0.00350946,39.0388,0,4.85853
0.0880122,0.0035318,39.0777,0,4.86008
0.0872519,0.00350738,39.1106,0,4.8602
0.0869704,0.00354031,39.1204,0,4.86063
0.0862322,0.00358185,39.1198,0,4.86159
0.0851867,0.00370206,39.1351,0,4.86044
0.0844317,0.00381687,39.1554,0,4.86066
0.0832386,0.00385448,39.1472,0,4.86108
0.082683,0.00386816,39.149,0,4.8629
0.0820383,0.00389367,39.2013,0,4.86161
0.0813566,0.0039143,39.1811,0,4.86185
0.0812788,0.0039133,39.2087,0,4.8635
0.0813376,0.00394922,39.2029,0,4.86464
0.0808142,0.00394409,39.2007,0,4.86459
0.0808202,0.00394446,39.2261,0,4.86334
0.0804444,0.0038721,39.2366,0,4.86298
0.0803416,0.00373671,39.2277,0,4.86202
0.0800018,0.00362444,39.2292,0,4.86396
0.0800712,0.00354927,39.188,0,4.8645
0.0800236,0.0034506,39.1905,0,4.86468
0.0803752,0.00336675,39.1594,0,4.86688
0.0799579,0.00323725,39.2384,0,4.8662
0.0794491,0.00314035,39.2021,0,4.86643
0.0784322,0.00304366,39.2012,0,4.86609
0.0775547,0.00295818,39.1896,0,4.86707
0.0763216,0.00289639,39.2168,0,4.86877
0.0757625,0.00286536,39.2099,0,4.86882
0.0747634,0.00284273,39.2707,0,4.86807
0.0743479,0.00280818,39.2755,0,4.86783
0.0739437,0.00276352,39.2962,0,4.86931
0.0734769,0.00273675,39.2878,0,4.87048
0.0729249,0.00271029,39.3156,0,4.87099
0.0727231,0.00263713,39.3295,0,4.87142
0.0722192,0.00260326,39.3039,0,4.8716
0.0718731,0.00259279,39.2799,0,4.87084
0.0715295,0.00254045,39.275,0,4.87038
0.0712229,0.00243227,39.291,0,4.87027
0.0707473,0.00236939,39.2575,0,4.8703
0.0703888,0.00229384,39.2697,0,4.86962
0.0696222,0.00223588,39.3234,0,4.87196
0.0686567,0.00219344,39.3578,0,4.87132
0.0678557,0.00220572,39.3187,0,4.87019
0.0668912,0.00217408,39.3052,0,4.87141
0.0662128,0.0021524,39.2797,0,4.8709
0.0656434,0.00209804,39.2569,0,4.87093
0.0649107,0.00203183,39.2789,0,4.86929
0.0643681,0.00198685,39.2406,0,4.86848
0.0644386,0.00197177,39.2208,0,4.8674
0.064228,0.00195637,39.2169,0,4.86683
0.0645826,0.00191404,39.2302,0,4.86516
0.0651485,0.00188258,39.2385,0,4.86517
0.0651352,0.00185419,39.2789,0,4.8671
0.0649865,0.00182235,39.2702,0,4.86703
0.064192,0.00174572,39.2773,0,4.86756
0.064025,0.00168147,39.2775,0,4.86824
0.0632629,0.00163235,39.3094,0,4.86693
0.0625478,0.0016095,39.3328,0,4.86531
0.0620048,0.001619,39.3865,0,4.86523
0.0616644,0.00168765,39.3921,0,4.86404
0.0616368,0.00172974,39.387,0,4.86424
0.0622056,0.00172307,39.4185,0,4.86535
0.0629549,0.00170183,39.3909,0,4.8666
0.0633003,0.00173897,39.3958,0,4.86695
0.0631738,0.00173046,39.3721,0,4.86788
0.0634141,0.00172818,39.3981,0,4.86748
0.0635559,0.00171808,39.4784,0,4.8676
0.0636517,0.0016524,39.5422,0,4.87038
0.064022,0.0015563,39.5129,0,4.87076
0.0644527,0.00152252,39.4638,0,4.87042
0.0651692,0.00149717,39.4406,0,4.86991
0.0664418,0.00151876,39.4473,0,4.86911
0.0673274,0.00149561,39.4621,0,4.86927
0.0682328,0.00156756,39.4747,0,4.8696
0.0694839,0.00163045,39.5127,0,4.869
0.0698932,0.00167041,39.501,0,4.86931
0.0707418,0.00164528,39.4678,0,4.8677
0.0716312,0.00154048,39.4694,0,4.86853
0.0723106,0.00145866,39.4195,0,4.86897
0.072937,0.00141523,39.4237,0,4.8681
0.0737451,0.00142306,39.4155,0,4.86915
0.0751375,0.00140171,39.4146,0,4.86799
0.0767707,0.00135933,39.4059,0,4.86778
0.0784933,0.00131649,39.4529,0,4.86929
0.0807472,0.00128117,39.4508,0,4.86985
0.0827905,0.00135134,39.4116,0,4.86803
0.0843883,0.00139732,39.4561,0,4.86661
0.0857982,0.00144953,39.3765,0,4.86528
0.0867843,0.00155477,39.3924,0,4.86423
0.088038,0.00164762,39.3895,0,4.86408
0.0891644,0.00171358,39.4319,0,4.86387
0.0903204,0.00177526,39.428,0,4.86149
0.0914074,0.00184852,39.441,0,4.86111
0.0919646,0.00194544,39.4399,0,4.86029
0.0933091,0.00203042,39.4478,0,4.85971
0.0955872,0.00204947,39.4417,0,4.85853
0.0980874,0.00204398,39.4471,0,4.85944
0.100642,0.00204361,39.4613,0,4.85893
0.102978,0.00205405,39.4814,0,4.85914
0.105081,0.0019589,39.498,0,4.85982
0.107013,0.00178435,39.5241,0,4.85971
0.108532,0.00171965,39.5839,0,4.85896
0.109721,0.00164165,39.5805,0,4.85815
0.111011,0.00161057,39.6042,0,4.85984
0.112404,0.00157151,39.628,0,4.86019
0.113929,0.00154738,39.682,0,4.85964
0.115545,0.00151811,39.7029,0,4.86131
0.117264,0.0014541,39.7645,0,4.86492
0.118578,0.00130905,39.7432,0,4.86639
0.120089,0.00117802,39.8044,0,4.8681
0.121115,0.000999812,39.8184,0,4.86731
0.122319,0.000809312,39.7918,0,4.8675
0.124432,0.000653414,39.8615,0,4.86915
0.125735,0.00053315,39.8365,0,4.86895
0.126977,0.000470516,39.8574,0,4.8691
0.127451,0.00039274,39.8272,0,4.87144
0.127639,0.000336367,39.851,0,4.87195
0.127127,0.000316031,39.8488,0,4.87128
0.126836,0.000247096,39.8769,0,4.87128
0.126772,0.000202811,39.9426,0,4.87064
0.126057,0.000177217,39.9426,0,4.86961
0.125502,0.000174071,39.9541,0,4.87035
0.125064,0.000155531,40.0255,0,4.86962
0.12449,0.00010768,40.0417,0,4.86809
0.124454,6.59298e-05,40.0275,0,4.86828
0.124646,6.18806e-06,40.0119,0,4.86861
0.125479,4.34316e-05,40.012,0,4.86804
0.126258,0.000127323,40.0278,0,4.86855
0.126914,0.000214393,40.017,0,4.86849
0.128249,0.000261149,39.9678,0,4.86875
0.129363,0.000361093,39.9412,0,4.86813
0.129862,0.000529893,39.9812,0,4.8683
0.129984,0.000665455,40.0196,0,4.86698
0.130116,0.000720312,40.025,0,4.86706
0.13007,0.000692911,39.9539,0,4.86815
0.13031,0.0006627,39.954,0,4.86922
0.130064,0.000644569,39.9585,0,4.86797
0.129918,0.000717583,39.9915,0,4.86961
0.129756,0.000753637,39.9895,0,4.87082
0.129544,0.000802495,40.0334,0,4.87074
0.129218,0.000855686,40.0719,0,4.87226
0.128828,0.000874404,39.9843,0,4.87122
0.128841,0.000938522,40.0199,0,4.86962
0.128946,0.000955376,40.0273,0,4.86866
0.129733,0.000970436,40.0182,0,4.86793
0.129946,0.00105096,40.0331,0,4.86842
0.130117,0.00115225,40,0,4.8695
0.129898,0.00123647,39.994,0,4.86822
0.129373,0.00131574,40.034,0,4.86767
0.128734,0.00135126,40.0277,0,4.86719
0.128077,0.00131799,40.0385,0,4.86677
0.127305,0.00135021,40.0614,0,4.86626
0.126554,0.00142247,40.0265,0,4.86755
0.125535,0.00150384,40.0261,0,4.86743
0.125137,0.00154498,40.0475,0,4.86663
0.124943,0.00155521,40.066,0,4.86723
0.124829,0.001498,40.1215,0,4.86754
0.125078,0.0013773,40.1027,0,4.86836
0.125239,0.00125667,40.1396,0,4.86895
0.125203,0.00113394,40.163,0,4.86739
0.125708,0.00104087,40.1811,0,4.86689
0.126432,0.000947233,40.1629,0,4.8684
0.127186,0.000867009,40.1382,0,4.86857
0.128057,0.000832873,40.1351,0,4.86922
0.128458,0.000746598,40.1016,0,4.87053
0.1291,0.000678399,40.1067,0,4.8689
0.129872,0.000548603,40.0956,0,4.86966
0.131354,0.000418065,40.1113,0,4.86824
0.132844,0.000286999,40.186,0,4.86733
0.133884,0.00019438,40.1694,0,4.86815
0.134244,4.11056e-05,40.2113,0,4.86776
0.134848,-0.000133877,40.2266,0,4.86761
0.135573,-0.000284341,40.2234,0,4.86788
0.136424,-0.000463804,40.1957,0,4.86816
0.137797,-0.000580519,40.2078,0,4.86736
0.139662,-0.00064187,40.2008,0,4.86528
0.141105,-0.000655363,40.2383,0,4.86492
0.141171,-0.00067471,40.175,0,4.86611
0.141068,-0.000652581,40.1337,0,4.86537
0.141096,-0.000629782,40.1405,0,4.8658
0.141525,-0.000630352,40.1759,0,4.86493
0.142482,-0.000601915,40.1673,0,4.86477
0.143316,-0.000600768,40.1318,0,4.86484
0.144548,-0.000648534,40.1043,0,4.86482
0.145629,-0.000594114,40.1221,0,4.86583
0.146577,-0.000495214,40.1017,0,4.86735
0.147123,-0.000437799,40.1575,0,4.86938
0.147375,-0.000394699,40.1709,0,4.86918
0.147355,-0.000407314,40.1349,0,4.86992
0.146964,-0.000379207,40.0991,0,4.87116
0.146682,-0.00036279,40.0606,0,4.87234
0.146374,-0.000340119,40.0759,0,4.87346
0.145902,-0.000292551,40.0826,0,4.87444
0.145702,-0.000270219,40.107,0,4.87385
0.145525,-0.000213959,40.1231,0,4.87582
0.144968,-0.000143397,40.1225,0,4.87731
0.144438,-0.000103455,40.1569,0,4.87578
0.144059,-4.26536e-05,40.1255,0,4.87464
0.143216,5.85375e-05,40.1649,0,4.8732
0.141555,9.23263e-05,40.1851,0,4.87271
0.139826,0.00015361,40.1556,0,4.87386
0.138165,0.000178685,40.1411,0,4.8745
0.137275,0.000183421,40.1467,0,4.87429
0.137105,0.000146152,40.135,0,4.87656
0.137007,0.000110003,40.1277,0,4.87733
0.13681,5.60822e-05,40.1458,0,4.8772
0.136873,-1.28708e-05,40.1505,0,4.87569
0.137314,-8.05408e-05,40.1268,0,4.87712
0.137723,-8.72085e-05,40.1061,0,4.87807
0.138678,-0.000138588,40.1346,0,4.87732
0.139438,-0.00025804,40.1396,0,4.87572
0.139558,-0.000364814,40.1123,0,4.87576
