x,y,p_xx,p_xy,p_yy
0,0,0.13,0,0.103
0,0,0.16,0,0.106
0,0,0.19,0,0.109
0,0,0.22,0,0.112
0,0,0.25,0,0.115
0,0,0.28,0,0.118
0,0,0.31,0,0.121
0,0,0.34,0,0.124
0,0,0.37,0,0.127
0,0,0.4,0,0.13
0,0,0.43,0,0.133
0,0,0.46,0,0.136
0,0,0.49,0,0.139
0,0,0.52,0,0.142
0,0,0.55,0,0.145
0,0,0.58,0,0.148
0,0,0.61,0,0.151
0,0,0.64,0,0.154
0,0,0.67,0,0.157
0,0,0.7,0,0.16
0,0,0.73,0,0.163
0,0,0.76,0,0.166
0,0,0.79,0,0.169
0,0,0.82,0,0.172
0,0,0.85,0,0.175
0,0,0.88,0,0.178
0,0,0.91,0,0.181
0,0,0.94,0,0.184
0,0,0.97,0,0.187
0,0,1,0,0.19
0,0,1.03,0,0.193
0,0,1.06,0,0.196
0,0,1.09,0,0.199
0,0,1.12,0,0.202
0,0,1.15,0,0.205
0,0,1.18,0,0.208
0,0,1.21,0,0.211
0,0,1.24,0,0.214
0,0,1.27,0,0.217
0,0,1.3,0,0.22
0,0,1.33,0,0.223
0,0,1.36,0,0.226
0,0,1.39,0,0.229
0,0,1.42,0,0.232
0,0,1.45,0,0.235
0,0,1.48,0,0.238
0,0,1.51,0,0.241
0,0,1.54,0,0.244
0,0,1.57,0,0.247
0,0,1.6,0,0.25
0,0,1.63,0,0.253
0,0,1.66,0,0.256
0,0,1.69,0,0.259
0,0,1.72,0,0.262
0,0,1.75,0,0.265
0,0,1.78,0,0.268
0,0,1.81,0,0.271
0,0,1.84,0,0.274
0,0,1.87,0,0.277
0,0,1.9,0,0.28
0,0,1.93,0,0.283
0,0,1.96,0,0.286
0,0,1.99,0,0.289
0,0,2.02,0,0.292
0,0,2.05,0,0.295
0,0,2.08,0,0.298
0,0,2.11,0,0.301
0,0,2.14,0,0.304
0,0,2.17,0,0.307
0,0,2.2,0,0.31
0,0,2.23,0,0.313
0,0,2.26,0,0.316
0,0,2.29,0,0.319
0,0,2.32,0,0.322
0,0,2.35,0,0.325
0,0,2.38,0,0.328
0,0,2.41,0,0.331
0,0,2.44,0,0.334
0,0,2.47,0,0.337
0,0,2.5,0,0.34
0,0,2.53,0,0.343
0,0,2.56,0,0.346
0,0,2.59,0,0.349
0,0,2.62,0,0.352
0,0,2.65,0,0.355
0,0,2.68,0,0.358
0,0,2.71,0,0.361
0,0,2.74,0,0.364
0,0,2.77,0,0.367
0,0,2.8,0,0.37
0,0,2.83,0,0.373
0,0,2.86,0,0.376
0,0,2.89,0,0.379
0,0,2.92,0,0.382
0,0,2.95,0,0.385
0,0,2.98,0,0.388
0,0,3.01,0,0.391
0,0,3.04,0,0.394
0,0,3.07,0,0.397
0,0,3.1,0,0.4
0,0,3.13,0,0.403
0,0,3.16,0,0.406
0,0,3.19,0,0.409
-0.00428486,0,0.0589024,0,0.0523729
-0.00428486,0,0.0889024,0,0.0553729
-0.00430616,7.7801e-07,0.0398773,0,0.0295876
-0.00430616,7.7801e-07,0.0698773,0,0.0325876
-0.00430816,1.16793e-06,0.0374827,0,0.0223382
-0.00428971,1.71937e-06,0.0317609,0,0.0178149
-0.00428971,1.71937e-06,0.0617609,0,0.0208149
-0.00429326,1.87629e-06,0.0362785,0,0.0170482
-0.00429326,1.87629e-06,0.0662785,0,0.0200482
-0.00433766,1.34522e-06,0.0369642,0,0.0166517
-0.00433766,1.34522e-06,0.0669642,0,0.0196517
-0.00429978,1.77666e-06,0.0370648,0,0.0164437
-0.00429978,1.77666e-06,0.0670648,0,0.0194437
-0.00429978,1.77666e-06,0.0970648,0,0.0224437
-0.00429978,1.77666e-06,0.127065,0,0.0254437
-0.00432843,1.48174e-06,0.0434151,0,0.0192961
-0.00432843,1.48174e-06,0.0734151,0,0.0222961
-0.00435497,1.00201e-06,0.0379702,0,0.0177941
-0.00435497,1.00201e-06,0.0679702,0,0.0207941
-0.00435497,1.00201e-06,0.0979702,0,0.0237941
-0.00433748,1.06035e-06,0.040848,0,0.0185225
-0.00430173,1.59154e-06,0.0324872,0,0.0158404
-0.00430173,1.59154e-06,0.0624872,0,0.0188404
-0.0043497,1.02771e-06,0.0363915,0,0.016012
-0.00441963,-1.37767e-07,0.0315171,0,0.0144373
-0.00441963,-1.37767e-07,0.0615171,0,0.0174373
-0.00445375,-1.01735e-06,0.0362403,0,0.0152446
-0.00445375,-1.01735e-06,0.0662403,0,0.0182446
-0.00445296,-1.49377e-06,0.0369586,0,0.0156894
-0.00445296,-1.49377e-06,0.0669586,0,0.0186894
-0.00447006,-2.09269e-06,0.037064,0,0.0159306
-0.00447249,-2.44405e-06,0.0316678,0,0.0143903
-0.00447249,-2.44405e-06,0.0616678,0,0.0173903
-0.00450639,-3.16843e-06,0.0362639,0,0.0152185
-0.00450639,-3.16843e-06,0.0662639,0,0.0182185
-0.00451108,-3.6031e-06,0.0369621,0,0.0156751
-0.00451108,-3.6031e-06,0.0669621,0,0.0186751
-0.00448441,-3.54324e-06,0.0370645,0,0.0159229
-0.00448441,-3.54324e-06,0.0670645,0,0.0189229
-0.00440225,-2.53005e-06,0.0370795,0,0.0160563
-0.00435662,-1.5915e-06,0.0316713,0,0.0144628
-0.00435662,-1.5915e-06,0.0616713,0,0.0174628
-0.00435662,-1.5915e-06,0.0916713,0,0.0204628
-0.00423953,4.21629e-07,0.040184,0,0.016867
-0.00421827,1.55813e-06,0.0323468,0,0.0149251
-0.00421827,1.55813e-06,0.0623468,0,0.0179251
-0.00429139,1.30835e-06,0.0363697,0,0.0155144
-0.00429139,1.30835e-06,0.0663697,0,0.0185144
-0.00433951,8.64764e-07,0.0369776,0,0.015836
-0.00433951,8.64764e-07,0.0669776,0,0.018836
-0.00434802,6.73452e-07,0.0370668,0,0.0160096
-0.00434802,6.73452e-07,0.0670668,0,0.0190096
-0.00435086,5.3813e-07,0.0370798,0,0.0161027
-0.00435086,5.3813e-07,0.0670798,0,0.0191027
-0.00435086,5.3813e-07,0.0970798,0,0.0221027
-0.00427123,1.55691e-06,0.0407569,0,0.0176982
-0.00420839,2.82864e-06,0.032468,0,0.0153893
-0.00420839,2.82864e-06,0.062468,0,0.0183893
-0.0041543,4.10477e-06,0.0363885,0,0.0157682
-0.00406384,6.01034e-06,0.0315164,0,0.0142962
-0.00406384,6.01034e-06,0.0615164,0,0.0172962
-0.00401917,7.48549e-06,0.0362402,0,0.015166
-0.00404282,7.93375e-06,0.0314829,0,0.0139442
-0.00404282,7.93375e-06,0.0614829,0,0.0169442
-0.00409281,7.80271e-06,0.0362349,0,0.0149686
-0.00409281,7.80271e-06,0.0662349,0,0.0179686
-0.00417353,6.87449e-06,0.0369578,0,0.0155383
-0.00417353,6.87449e-06,0.0669578,0,0.0185383
-0.00417353,6.87449e-06,0.0969578,0,0.0215383
-0.00439188,3.55849e-06,0.0407443,0,0.0174158
-0.00439188,3.55849e-06,0.0707443,0,0.0204158
-0.00439188,3.55849e-06,0.100744,0,0.0234158
-0.00452534,1.7972e-07,0.0411266,0,0.0183409
-0.00452534,1.7972e-07,0.0711266,0,0.0213409
-0.00452534,1.7972e-07,0.101127,0,0.0243409
-0.00461252,-2.85424e-06,0.0411643,0,0.0187822
-0.00461252,-2.85424e-06,0.0711643,0,0.0217822
-0.00461252,-2.85424e-06,0.101164,0,0.0247822
-0.00461252,-2.85424e-06,0.131164,0,0.0277822
-0.0045565,-3.88505e-06,0.0437225,0,0.0203447
-0.0045565,-3.88505e-06,0.0737225,0,0.0233447
-0.00461252,-5.57851e-06,0.0380116,0,0.0183066
-0.00461252,-5.57851e-06,0.0680116,0,0.0213066
-0.00462719,-6.60914e-06,0.0372169,0,0.0172987
-0.00462719,-6.60914e-06,0.0672169,0,0.0202987
-0.00462719,-6.60914e-06,0.0972169,0,0.0232987
-0.00463958,-7.47383e-06,0.040771,0,0.0182844
-0.00463958,-7.47383e-06,0.070771,0,0.0212844
-0.00464013,-7.99711e-06,0.0376079,0,0.0172875
-0.00464013,-7.99711e-06,0.0676079,0,0.0202875
-0.00456232,-7.23202e-06,0.0371585,0,0.0167762
-0.0045558,-7.02772e-06,0.0316889,0,0.0148738
-0.0045558,-7.02772e-06,0.0616889,0,0.0178738
-0.0045558,-7.02772e-06,0.0916889,0,0.0208738
-0.00454475,-6.75283e-06,0.0401859,0,0.0170784
-0.00454219,-6.58531e-06,0.0323472,0,0.015044
-0.00454219,-6.58531e-06,0.0623472,0,0.018044
-0.00452208,-6.19348e-06,0.0363698,0,0.0155797
-0.00451436,-5.91643e-06,0.0315122,0,0.0141866
-0.00451436,-5.91643e-06,0.0615122,0,0.0171866
-0.00447726,-5.22812e-06,0.0362395,0,0.0151047
-0.00447726,-5.22812e-06,0.0662395,0,0.0181047
-0.0044278,-4.20819e-06,0.0369585,0,0.015613
-0.00439584,-3.28521e-06,0.0316443,0,0.014206
-0.00439584,-3.28521e-06,0.0616443,0,0.017206
-0.00439584,-3.28521e-06,0.0916443,0,0.020206
-0.00433956,-1.92898e-06,0.040181,0,0.0167339
-0.00433956,-1.92898e-06,0.070181,0,0.0197339
-0.00433956,-1.92898e-06,0.100181,0,0.0227339
-0.00421969,6.0031e-07,0.0410707,0,0.0180096
-0.00422977,1.47621e-06,0.0325339,0,0.0155608
-0.00422977,1.47621e-06,0.0625339,0,0.0185608
-0.00418264,2.91117e-06,0.0363987,0,0.0158612
-0.00416841,3.83821e-06,0.0315187,0,0.0143502
-0.00416841,3.83821e-06,0.0615187,0,0.0173502
-0.00416841,3.83821e-06,0.0915187,0,0.0203502
-0.00421585,3.87287e-06,0.0401673,0,0.0168087
-0.00427621,3.14918e-06,0.0323433,0,0.0148921
-0.00427621,3.14918e-06,0.0623433,0,0.0178921
-0.00427621,3.14918e-06,0.0923433,0,0.0208921
-0.00433601,2.16075e-06,0.040257,0,0.0170878
-0.00438466,1.01822e-06,0.0323623,0,0.0150493
-0.00438466,1.01822e-06,0.0623623,0,0.0180493
-0.00438466,1.01822e-06,0.0923623,0,0.0210493
-0.00440988,7.97273e-08,0.0402591,0,0.017168
-0.00440988,7.97273e-08,0.0702591,0,0.020168
-0.00443249,-7.94529e-07,0.0375364,0,0.0167141
-0.00443249,-7.94529e-07,0.0675364,0,0.0197141
-0.00443249,-7.94529e-07,0.0975364,0,0.0227141
-0.00448118,-2.05678e-06,0.0408037,0,0.0179999
-0.00448118,-2.05678e-06,0.0708037,0,0.0209999
-0.00449207,-2.84532e-06,0.0376125,0,0.0171428
-0.00449207,-2.84532e-06,0.0676125,0,0.0201428
-0.00452188,-3.79057e-06,0.0371592,0,0.016701
-0.00452188,-3.79057e-06,0.0671592,0,0.019701
-0.00460518,-5.5451e-06,0.0370933,0,0.0164697
-0.00461659,-6.42931e-06,0.0316743,0,0.0146997
-0.00461659,-6.42931e-06,0.0616743,0,0.0176997
-0.00461659,-6.42931e-06,0.0916743,0,0.0206997
-0.00461659,-6.42931e-06,0.121674,0,0.0236997
-0.00461659,-6.42931e-06,0.151674,0,0.0266997
-0.00461659,-6.42931e-06,0.181674,0,0.0296997
-0.00444464,-4.53043e-06,0.0467488,0,0.0211649
-0.00435295,-2.38595e-06,0.0336744,0,0.0172268
-0.00435295,-2.38595e-06,0.0636744,0,0.0202268
-0.00435295,-2.38595e-06,0.0936744,0,0.0232268
-0.00427945,-3.67827e-07,0.0404001,0,0.0182497
-0.00427945,-3.67827e-07,0.0704001,0,0.0212497
-0.00423137,1.37359e-06,0.0375561,0,0.0172699
-0.00423137,1.37359e-06,0.0675561,0,0.0202699
-0.00423168,2.30082e-06,0.037151,0,0.0167671
-0.00423168,2.30082e-06,0.067151,0,0.0197671
-0.00428058,2.2322e-06,0.0370921,0,0.0165044
-0.00428517,2.36549e-06,0.0316741,0,0.0147195
-0.00428517,2.36549e-06,0.0616741,0,0.0177195
-0.00425268,2.97553e-06,0.0362649,0,0.0154011
-0.00423649,3.46777e-06,0.0314885,0,0.0140823
-0.00423649,3.46777e-06,0.0614885,0,0.0170823
-0.00417421,4.6381e-06,0.0362358,0,0.0150462
-0.00417421,4.6381e-06,0.0662358,0,0.0180462
-0.00411076,6.10035e-06,0.0369579,0,0.0155809
-0.00411076,6.10035e-06,0.0669579,0,0.0185809
-0.00411076,6.10035e-06,0.0969579,0,0.0215809
-0.00412992,6.64314e-06,0.0407443,0,0.0174372
-0.00415274,6.68523e-06,0.0324653,0,0.0152446
-0.00415274,6.68523e-06,0.0624653,0,0.0182446
-0.00412339,7.33241e-06,0.0363881,0,0.0156894
-0.00412339,7.33241e-06,0.0663881,0,0.0186894
-0.00413745,7.4435e-06,0.0369803,0,0.0159306
-0.00413745,7.4435e-06,0.0669803,0,0.0189306
-0.00409692,8.17778e-06,0.0370672,0,0.0160604
-0.00409692,8.17778e-06,0.0670672,0,0.0190604
-0.00409531,8.52049e-06,0.0370799,0,0.0161299
-0.00409531,8.52049e-06,0.0670799,0,0.0191299
-0.00403568,9.60323e-06,0.0370817,0,0.016167
-0.00403568,9.60323e-06,0.0670817,0,0.019167
-0.00403568,9.60323e-06,0.0970817,0,0.022167
-0.00403568,9.60323e-06,0.127082,0,0.025167
-0.00403568,9.60323e-06,0.157082,0,0.028167
-0.00377694,1.39572e-05,0.0454299,0,0.020512
-0.00370999,1.66494e-05,0.033418,0,0.0168924
-0.00370999,1.66494e-05,0.063418,0,0.0198924
-0.00365941,1.88071e-05,0.0365347,0,0.0165702
-0.00365941,1.88071e-05,0.0665347,0,0.0195702
-0.00365611,2.01205e-05,0.0370019,0,0.0164007
-0.00365611,2.01205e-05,0.0670019,0,0.0194007
-0.00363658,2.13265e-05,0.0370703,0,0.0163111
-0.00359228,2.2658e-05,0.0316692,0,0.0146091
-0.00359228,2.2658e-05,0.0616692,0,0.0176091
-0.00354683,2.39972e-05,0.0362641,0,0.01534
-0.00354257,2.47551e-05,0.0314883,0,0.0140465
-0.00354257,2.47551e-05,0.0614883,0,0.0170465
-0.00356799,2.50279e-05,0.0362358,0,0.0150261
-0.00360165,2.48839e-05,0.0314819,0,0.0138616
-0.00360165,2.48839e-05,0.0614819,0,0.0168616
-0.00367474,2.40757e-05,0.0362348,0,0.014922
-0.00367474,2.40757e-05,0.0662348,0,0.017922
-0.00367496,2.3832e-05,0.0369578,0,0.0155127
-0.00367496,2.3832e-05,0.0669578,0,0.0185127
-0.0284788,0.00548287,0.0495462,0.0104552,0.0191384
-0.0233232,0.00888039,0.0261885,0.00645444,0.0144645
-0.0216015,0.0107156,0.0225325,0.00502805,0.0123024
-0.0207137,0.0118953,0.0215816,0.00434848,0.0111683
-0.0278233,0.0134816,0.0337073,0.00755994,0.0133799
-0.0324213,0.0143825,0.0401173,0.010617,0.0156646
-0.0351057,0.0149002,0.0443158,0.0134538,0.0180044
-0.0243963,0.0154965,0.0254513,0.0069226,0.0138486
-0.0293296,0.0165206,0.0368909,0.0102269,0.0160473
-0.0225148,0.0162861,0.0242279,0.00607298,0.0130266
-0.0203269,0.0159428,0.0219538,0.00473786,0.0115613
-0.0263071,0.017232,0.0340289,0.0079572,0.0137801
-0.015687,0.0147974,0.0307465,0.00325947,0.0127578
-0.0100591,0.0120454,0.030133,0.0015274,0.0124108
-0.0100591,0.0120454,0.0601195,0.0021301,0.0154243
-0.00650167,0.00931052,0.0360017,0.000836109,0.0140746
-0.00650167,0.00931052,0.0659889,0.00142483,0.0170874
-0.00650167,0.00931052,0.095976,0.00201355,0.0201003
-0.00478926,0.00675635,0.0406328,0.000606387,0.0166666
-0.00478926,0.00675635,0.0706204,0.00118612,0.019679
-0.00478926,0.00675635,0.100608,0.00176585,0.0226915
-0.00421904,0.00474472,0.0411055,0.000517113,0.0179808
-0.00421904,0.00474472,0.0710932,0.00109213,0.020993
-0.00410887,0.00339528,0.0376464,0.000443625,0.0171367
-0.00408316,0.00254578,0.0317916,0.000357676,0.0150791
-0.00408316,0.00254578,0.0617795,0.000929048,0.0180912
-0.00417663,0.0018848,0.0362751,0.000438912,0.015604
-0.0042093,0.00144015,0.0314852,0.000366184,0.0142031
-0.0042093,0.00144015,0.0614731,0.00093645,0.0172152
-0.00423082,0.00107892,0.0362271,0.00044647,0.0151191
-0.00420068,0.000831168,0.0314743,0.000371128,0.0139188
-0.00420068,0.000831168,0.0614622,0.000941037,0.0169308
-0.00427187,0.000624324,0.0362253,0.000449349,0.0149593
-0.00427187,0.000624324,0.0662133,0.00101918,0.0179714
-0.00423257,0.00046524,0.0369482,0.00045231,0.0155376
-0.00423257,0.00046524,0.0669362,0.0010221,0.0185496
-0.00421033,0.000344796,0.0370544,0.000447844,0.0158529
-0.00420806,0.000264281,0.0316601,0.000365676,0.0143476
-0.00420806,0.000264281,0.061648,0.000935431,0.0173596
-0.00420806,0.000264281,0.091636,0.00150519,0.0203716
-0.00417257,0.000193302,0.0401732,0.000493375,0.0168138
-0.00417257,0.000193302,0.0701612,0.00106312,0.0198258
-0.00410813,0.000144062,0.0375164,0.000443188,0.0165329
-0.00410813,0.000144062,0.0675044,0.00101293,0.0195449
-0.0040439,0.000109216,0.0371373,0.000438294,0.0163853
-0.00400032,8.66806e-05,0.0316786,0.000359571,0.0146539
-0.00400032,8.66806e-05,0.0616666,0.000929312,0.0176659
-0.00399054,6.82463e-05,0.0362575,0.000441153,0.0153699
-0.00399054,6.82463e-05,0.0662455,0.00101089,0.018382
-0.00399054,6.82463e-05,0.0962334,0.00158063,0.021394
-0.00399722,5.24211e-05,0.0406625,0.000492653,0.0173365
-0.00400611,4.24332e-05,0.0324426,0.000364373,0.0151904
-0.00400611,4.24332e-05,0.0624306,0.000934113,0.0182024
-0.00399966,3.50557e-05,0.0363765,0.000437438,0.0156648
-0.0039785,3.05185e-05,0.0315081,0.000364738,0.0142385
-0.0039785,3.05185e-05,0.061496,0.000934478,0.0172506
-0.00394754,2.71913e-05,0.0362307,0.000445466,0.0151389
-0.00394754,2.71913e-05,0.0662187,0.00101521,0.0181509
-0.00394754,2.71913e-05,0.0962066,0.00158495,0.0211629
-0.00394754,2.71913e-05,0.126195,0.00215469,0.024175
-0.00394754,2.71913e-05,0.156183,0.00272443,0.027187
-0.00390574,2.42152e-05,0.0453688,0.000534346,0.0200687
-0.00390574,2.42152e-05,0.0753568,0.00110409,0.0230808
-0.00390574,2.42152e-05,0.105345,0.00167383,0.0260928
-0.00382833,2.35749e-05,0.0415646,0.000464185,0.0195865
-0.00383628,2.20156e-05,0.0326318,0.000342581,0.0164114
-0.00383628,2.20156e-05,0.0626198,0.000912321,0.0194234
-0.00386192,2.0395e-05,0.036406,0.000424184,0.0163218
-0.00380732,2.10719e-05,0.0315148,0.000356873,0.0146177
-0.00380732,2.10719e-05,0.0615028,0.000926613,0.0176297
-0.00366146,2.41317e-05,0.0362318,0.000441032,0.0153499
-0.00366146,2.41317e-05,0.0662198,0.00101077,0.0183619
-0.00366146,2.41317e-05,0.0962078,0.00158051,0.021374
-0.00356235,2.63049e-05,0.0406598,0.00049281,0.0173263
-0.00356235,2.63049e-05,0.0706478,0.00106255,0.0203384
-0.00353136,2.70196e-05,0.0375846,0.000438972,0.0168002
-0.00353136,2.70196e-05,0.0675726,0.00100871,0.0198123
-0.00352613,2.71533e-05,0.0371473,0.000435523,0.0165262
-0.00351166,2.75162e-05,0.0316809,0.000357918,0.0147342
-0.00351166,2.75162e-05,0.0616688,0.000927658,0.0177462
-0.00344124,2.9263e-05,0.0362578,0.000440221,0.0154144
-0.00344124,2.9263e-05,0.0662458,0.00100996,0.0184264
-0.00344124,2.9263e-05,0.0962338,0.0015797,0.0214384
-0.0033775,3.0933e-05,0.0406625,0.000492179,0.0173589
-0.0033775,3.0933e-05,0.0706505,0.00106192,0.020371
-0.0033775,3.0933e-05,0.100638,0.00163166,0.023383
-0.0033775,3.0933e-05,0.130626,0.0022014,0.026395
-0.0033775,3.0933e-05,0.160614,0.00277114,0.029407
-0.00344492,2.95006e-05,0.0456277,0.000519548,0.0210282
-0.00344492,2.95006e-05,0.0756157,0.00108929,0.0240402
-0.00344492,2.95006e-05,0.105604,0.00165903,0.0270523
-0.00342456,3.00055e-05,0.0415891,0.000455604,0.0200173
-0.00338919,3.08624e-05,0.032637,0.000337911,0.0166376
-0.00338919,3.08624e-05,0.062625,0.000907651,0.0196497
-0.00338919,3.08624e-05,0.0926129,0.00147739,0.0226617
-0.00341721,3.02653e-05,0.0402796,0.000471209,0.0179689
-0.00345366,2.94241e-05,0.0323617,0.00035527,0.0155405
-0.00345366,2.94241e-05,0.0623497,0.00092501,0.0185525
-0.00347367,2.89449e-05,0.036364,0.000433152,0.0158552
-0.00347367,2.89449e-05,0.066352,0.00100289,0.0188673
-0.00347367,2.89449e-05,0.09634,0.00157263,0.0218793
-0.00347367,2.89449e-05,0.126328,0.00214237,0.0248913
-0.00339176,3.08266e-05,0.0433512,0.00051367,0.0190301
-0.00339176,3.08266e-05,0.0733392,0.00108341,0.0220421
-0.00330776,3.28176e-05,0.037954,0.000428496,0.0176657
-0.00329229,3.32616e-05,0.0318595,0.000348186,0.0153737
-0.00329229,3.32616e-05,0.0618475,0.000917926,0.0183857
-0.00329229,3.32616e-05,0.0918355,0.00148767,0.0213978
-0.00330688,3.30188e-05,0.0401951,0.000482725,0.0173392
-0.00335468,3.19808e-05,0.0323437,0.000362251,0.0151919
-0.00340489,3.08574e-05,0.0305691,0.00035074,0.0139623
-0.00340489,3.08574e-05,0.0605571,0.000920481,0.0169744
-0.00340489,3.08574e-05,0.0905451,0.00149022,0.0199864
-0.00347958,2.91799e-05,0.0400534,0.00049506,0.0166134
-0.0035075,2.85224e-05,0.0323135,0.000370241,0.0147834
-0.0035075,2.85224e-05,0.0623014,0.000939981,0.0177954
-0.00351729,2.82639e-05,0.0363564,0.000441732,0.0154414
-0.00351729,2.82639e-05,0.0663444,0.00101147,0.0184534
-0.00358178,2.6823e-05,0.0369676,0.00044705,0.0158008
-0.00363957,2.55261e-05,0.0316407,0.000365872,0.0143174
-0.00363957,2.55261e-05,0.0616287,0.000935613,0.0173295
-0.00363798,2.55141e-05,0.0362515,0.000444974,0.0151829
-0.00363798,2.55141e-05,0.0662395,0.00101471,0.018195
-0.00363798,2.55141e-05,0.0962274,0.00158445,0.021207
-0.00371192,2.38564e-05,0.0406618,0.000494641,0.0172417
-0.00368195,2.44613e-05,0.0324424,0.000365488,0.0151374
-0.00368195,2.44613e-05,0.0624304,0.000935228,0.0181494
-0.00359746,2.62854e-05,0.0363765,0.000438048,0.0156358
-0.00359746,2.62854e-05,0.0663644,0.00100779,0.0186479
-0.00359746,2.62854e-05,0.0963524,0.00157753,0.0216599
-0.00350255,2.83937e-05,0.0406749,0.000490083,0.0174705
-0.00350255,2.83937e-05,0.0706628,0.00105982,0.0204826
-0.00349468,2.86233e-05,0.0375867,0.00043744,0.0168749
-0.00346317,2.93438e-05,0.0317784,0.000355805,0.0149318
-0.00344055,2.98648e-05,0.0304325,0.0003511,0.0138087
-0.00344055,2.98648e-05,0.0604205,0.00092084,0.0168208
-0.00341965,3.0346e-05,0.0360607,0.000446976,0.0148974
-0.00341965,3.0346e-05,0.0660487,0.00101672,0.0179094
-0.00336813,3.14836e-05,0.0369239,0.000452404,0.0155035
-0.00336813,3.14836e-05,0.0669119,0.00102214,0.0185156
-0.00336813,3.14836e-05,0.0968998,0.00159188,0.0215276
-0.00327356,3.35741e-05,0.0407314,0.000492686,0.0174038
-0.00324932,3.41444e-05,0.0324571,0.000363887,0.0152279
-0.00324932,3.41444e-05,0.0624451,0.000933627,0.0182399
-0.00320041,3.52619e-05,0.0363788,0.000437053,0.0156853
-0.00320041,3.52619e-05,0.0663667,0.00100679,0.0186973
-0.00314555,3.65329e-05,0.0369709,0.000444332,0.0159328
-0.00314555,3.65329e-05,0.0669589,0.00101407,0.0189448
-0.00306563,3.8376e-05,0.0370578,0.000443356,0.0160659
-0.00306563,3.8376e-05,0.0670458,0.0010131,0.0190779
-0.00306563,3.8376e-05,0.0970338,0.00158284,0.0220899
-0.00307751,3.82086e-05,0.0407453,0.00048703,0.0176855
-0.00310424,3.76682e-05,0.0324601,0.000360647,0.0153842
-0.00310424,3.76682e-05,0.0624481,0.000930387,0.0183963
-0.00317027,3.6231e-05,0.0363793,0.000435264,0.0157704
-0.00323119,3.48693e-05,0.0315087,0.000363455,0.0142999
-0.00323119,3.48693e-05,0.0614967,0.000933195,0.0173119
-0.00324779,3.44819e-05,0.0362308,0.000444743,0.0151732
-0.00324779,3.44819e-05,0.0662188,0.00101448,0.0181852
-0.00336117,3.19053e-05,0.0369491,0.000449742,0.0156547
-0.00336117,3.19053e-05,0.066937,0.00101948,0.0186668
-0.00348892,2.89334e-05,0.0370546,0.000446449,0.0159162
-0.00348892,2.89334e-05,0.0670426,0.00101619,0.0189283
-0.00358768,2.65719e-05,0.03707,0.000443802,0.016057
-0.0036534,2.49495e-05,0.0316636,0.000363229,0.0144655
-0.0036534,2.49495e-05,0.0616516,0.000932969,0.0174775
-0.003786,2.18317e-05,0.0362551,0.000443308,0.0152654
-0.003786,2.18317e-05,0.0662431,0.00101305,0.0182774
-0.003786,2.18317e-05,0.096231,0.00158279,0.0212895
-0.00384752,2.02588e-05,0.0406622,0.000493765,0.0172835
-0.00386587,1.96955e-05,0.0324425,0.000364995,0.0151608
-0.00386587,1.96955e-05,0.0624305,0.000934735,0.0181728
-0.00388177,1.92119e-05,0.0363765,0.000437779,0.0156486
-0.00388177,1.92119e-05,0.0663645,0.00100752,0.0186607
-0.00380667,2.08382e-05,0.0369706,0.000444742,0.015913
-0.00380667,2.08382e-05,0.0669586,0.00101448,0.0189251
-0.00385326,1.97351e-05,0.0370578,0.000443579,0.0160553
-0.00385326,1.97351e-05,0.0670457,0.00101332,0.0190673
-0.00385089,1.97449e-05,0.0370705,0.000442239,0.0161315
-0.00388909,1.88005e-05,0.0316637,0.000362326,0.0145084
-0.00388909,1.88005e-05,0.0616517,0.000932066,0.0175204
-0.00392385,1.79187e-05,0.0362551,0.000442806,0.0152893
-0.00392385,1.79187e-05,0.0662431,0.00101255,0.0183013
-0.00385903,1.94046e-05,0.0369527,0.000448481,0.0157181
-0.00381862,2.0401e-05,0.0316373,0.000366816,0.0142694
-0.00381862,2.0401e-05,0.0616253,0.000936556,0.0172814
-0.00381862,2.0401e-05,0.0916133,0.0015063,0.0202935
-0.00371639,2.29115e-05,0.0401707,0.000494161,0.0167733
-0.00365363,2.45804e-05,0.0323384,0.000368855,0.014874
-0.00365363,2.45804e-05,0.0623264,0.000938595,0.017886
-0.00362097,2.55398e-05,0.0363603,0.000440759,0.0154913
-0.00358637,2.65386e-05,0.0315044,0.000366797,0.0141374
-0.00358637,2.65386e-05,0.0614924,0.000936537,0.0171494
-0.00356951,2.71061e-05,0.0362301,0.00044665,0.0150822
-0.00356951,2.71061e-05,0.0662181,0.00101639,0.0180942
-0.00356951,2.71061e-05,0.096206,0.00158613,0.0211063
-0.00346331,2.98815e-05,0.0406596,0.000495676,0.0171904
-0.00346331,2.98815e-05,0.0706476,0.00106542,0.0202025
-0.00346331,2.98815e-05,0.100636,0.00163516,0.0232145
-0.00338246,3.21715e-05,0.041109,0.000483061,0.0182371
-0.00338246,3.21715e-05,0.071097,0.0010528,0.0212492
-0.00336789,3.2824e-05,0.0376472,0.000430427,0.0172674
-0.00338412,3.25998e-05,0.0317919,0.000351433,0.0151523
-0.00338412,3.25998e-05,0.0617798,0.000921173,0.0181643
-0.0034395,3.13277e-05,0.0362753,0.000435737,0.0156441
-0.0034395,3.13277e-05,0.0662632,0.00100548,0.0186561
-0.00349811,2.98768e-05,0.0369557,0.000444479,0.0159106
-0.00349811,2.98768e-05,0.0669437,0.00101422,0.0189226
-0.00337136,3.29754e-05,0.0370556,0.000443561,0.016054
-0.00337136,3.29754e-05,0.0670436,0.0010133,0.019066
-0.00337136,3.29754e-05,0.0970315,0.00158304,0.022078
-0.00337136,3.29754e-05,0.12702,0.00215278,0.0250901
-0.00316995,3.82201e-05,0.0434043,0.000512839,0.0191225
-0.00314422,3.92514e-05,0.033009,0.000355756,0.0161648
-0.00311316,4.03257e-05,0.0307284,0.000342155,0.0145281
-0.00311316,4.03257e-05,0.0607164,0.000911895,0.0175402
-0.00311708,4.04799e-05,0.0361079,0.00043946,0.0153004
-0.00311708,4.04799e-05,0.0660958,0.0010092,0.0183124
-0.00311708,4.04799e-05,0.0960838,0.00157894,0.0213244
-0.00304053,4.26673e-05,0.0406469,0.000493067,0.0173013
-0.00304053,4.26673e-05,0.0706349,0.00106281,0.0203133
-0.00299264,4.41932e-05,0.0375828,0.000439208,0.0167872
-0.00299264,4.41932e-05,0.0675708,0.00100895,0.0197993
-0.00299264,4.41932e-05,0.0975587,0.00157869,0.0228113
-0.00300345,4.42249e-05,0.0407993,0.000480655,0.0180413
-0.00300345,4.42249e-05,0.0707872,0.00105039,0.0210534
-0.00301252,4.4179e-05,0.0376041,0.00043162,0.0171679
-0.00301252,4.4179e-05,0.0675921,0.00100136,0.0201799
-0.0030856,4.24233e-05,0.0371502,0.000431525,0.0167184
-0.0030856,4.24233e-05,0.0671381,0.00100126,0.0197304
-0.0030856,4.24233e-05,0.0971261,0.001571,0.0227425
-0.00316213,4.04327e-05,0.0407549,0.000480428,0.0180077
-0.00318858,3.96117e-05,0.0324622,0.000356942,0.0155618
-0.00318858,3.96117e-05,0.0624501,0.000926682,0.0185738
-0.00325045,3.78703e-05,0.0363796,0.000433238,0.0158667
-0.00325045,3.78703e-05,0.0663676,0.00100298,0.0188788
-0.00340499,3.3637e-05,0.0369711,0.000442272,0.0160305
-0.00340499,3.3637e-05,0.0669591,0.00101201,0.0190425
-0.00346034,3.17736e-05,0.0370579,0.000442251,0.0161182
-0.00353333,2.95e-05,0.0316609,0.000362427,0.0145008
-0.00353333,2.95e-05,0.0616489,0.000932167,0.0175128
-0.00355713,2.8487e-05,0.0362547,0.000442885,0.015285
-0.00355713,2.8487e-05,0.0662427,0.00101263,0.0182971
-0.00351676,2.91949e-05,0.0369526,0.000448528,0.0157158
-0.00354651,2.82487e-05,0.0316373,0.000366844,0.0142681
-0.00354651,2.82487e-05,0.0616253,0.000936584,0.0172801
-0.00357236,2.73983e-05,0.036251,0.000445545,0.0151554
-0.00357236,2.73983e-05,0.0662389,0.00101529,0.0181674
-0.00352801,2.83505e-05,0.036952,0.000450011,0.015645
-0.00349325,2.9192e-05,0.0316372,0.00036771,0.0142269
-0.00349325,2.9192e-05,0.0616252,0.00093745,0.0172389
-0.00349325,2.9192e-05,0.0916131,0.00150719,0.020251
-0.00345152,3.02691e-05,0.0401707,0.000494627,0.0167512
-0.00345152,3.02691e-05,0.0701586,0.00106437,0.0197632
-0.00344093,3.06203e-05,0.0375161,0.000443867,0.0165
-0.00344093,3.06203e-05,0.067504,0.00101361,0.019512
-0.00344093,3.06203e-05,0.097492,0.00158335,0.022524
-0.00346624,3.00287e-05,0.0407924,0.000483488,0.0179003
-0.00346624,3.00287e-05,0.0707804,0.00105323,0.0209123
-0.0034395,3.07547e-05,0.0376032,0.00043312,0.0170959
-0.0034395,3.07547e-05,0.0675911,0.00100286,0.0201079
-0.00340941,3.16214e-05,0.03715,0.000432314,0.0166809
-0.00340941,3.16214e-05,0.067138,0.00100205,0.0196929
-0.00340941,3.16214e-05,0.097126,0.00157179,0.022705
-0.00326573,3.56522e-05,0.0407549,0.000480816,0.0179893
-0.00326573,3.56522e-05,0.0707429,0.00105056,0.0210013
-0.00325581,3.63378e-05,0.0375979,0.00043205,0.0171413
-0.00328927,3.56943e-05,0.031781,0.000352693,0.0150817
-0.00328927,3.56943e-05,0.0617689,0.000922433,0.0180937
-0.00322804,3.75075e-05,0.0362736,0.000436516,0.0156055
-0.00322804,3.75075e-05,0.0662615,0.00100626,0.0186175
-0.00325038,3.71577e-05,0.0369554,0.000444914,0.0158897
-0.0032798,3.64782e-05,0.031638,0.000364727,0.0143689
-0.0032798,3.64782e-05,0.061626,0.000934468,0.017381
-0.00328315,3.64317e-05,0.0362511,0.000444359,0.0152117
-0.00318318,3.85424e-05,0.066239,0.0010141,0.0182237
-0.0032599,3.66459e-05,0.0369521,0.00044936,0.0156758
-0.00315945,3.87665e-05,0.06694,0.0010191,0.018688
-0.00305485,4.18772e-05,0.037055,0.000446212,0.0159278
-0.00295703,4.39423e-05,0.067043,0.00101595,0.0189401
-0.00284129,4.75677e-05,0.0370701,0.000443662,0.0160637
-0.00263994,5.18183e-05,0.0670581,0.00101339,0.0190766
-0.00266257,5.25132e-05,0.0370723,0.000442163,0.016137
-0.00246244,5.67382e-05,0.0670603,0.00101189,0.0191502
-0.00235476,6.11758e-05,0.0370727,0.000441339,0.0161765
-0.00215517,6.53896e-05,0.0670606,0.00101107,0.0191899
-0.00198496,7.2044e-05,0.0370727,0.000440897,0.0161978
-0.00178501,7.62654e-05,0.0670607,0.00101064,0.0192113
-0.00157003,8.45982e-05,0.0370727,0.000440666,0.0162093
-0.0013704,8.8813e-05,0.0670607,0.00101043,0.019223
-0.00117024,9.30391e-05,0.0970487,0.00158019,0.022237
-0.000961526,0.000102637,0.0407469,0.000485529,0.0177603
-0.000616572,0.000114598,0.0324604,0.000359793,0.0154273
-0.000316076,0.000120944,0.0624484,0.000929602,0.0184424
-1.61383e-05,0.000127277,0.0924364,0.00149939,0.0214582
0.000200659,0.000138713,0.0402603,0.000483515,0.0173719
0.000599272,0.000147131,0.0702483,0.00105334,0.0203892
0.000828675,0.000158871,0.0375287,0.000437293,0.0168302
0.00122851,0.000167316,0.0675167,0.00100717,0.0198482
0.00177636,0.000187872,0.0371392,0.000435057,0.016549
0.00222204,0.000204377,0.0316791,0.000357727,0.0147509
0.00262145,0.000212816,0.061667,0.000927802,0.0177691
0.00312103,0.000223371,0.091655,0.0014978,0.0207908
0.00362043,0.000233922,0.121643,0.00206776,0.0238147
0.00412322,0.000244545,0.151631,0.00263766,0.0268409
0.00451279,0.000269858,0.0450934,0.000532032,0.0199227
0.00501354,0.000280442,0.0750814,0.00110224,0.0229475
0.00561325,0.000293119,0.105069,0.00167232,0.0259777
0.00621323,0.000305801,0.135057,0.00224235,0.0290111
0.00631239,0.000326957,0.0439971,0.000488931,0.0208749
0.00698672,0.000354621,0.0331286,0.000339267,0.0170904
0.00758835,0.000367352,0.0631166,0.000910003,0.0201186
0.00817238,0.000392738,0.0364826,0.000418742,0.0166991
0.00887193,0.000407548,0.0664705,0.000989663,0.0197316
0.00924746,0.000428136,0.0369864,0.000433892,0.016497
0.00994654,0.000442943,0.0669743,0.00100507,0.0195308
0.0107301,0.000475053,0.0370601,0.000437896,0.0163919
0.0115631,0.000492709,0.067048,0.00100932,0.0194318
0.0123326,0.000509019,0.0970359,0.00158068,0.0224753
0.0127385,0.00053689,0.0407455,0.000484413,0.0178972
0.0136516,0.000572523,0.0324601,0.000359433,0.0155169
0.014585,0.000592341,0.062448,0.000931717,0.0185631
0.0153956,0.000627778,0.0363792,0.000435372,0.0158766
0.0161957,0.000644781,0.066367,0.00100826,0.0189194
0.016996,0.000661788,0.0963549,0.00158103,0.021968
0.01784,0.000703493,0.0406751,0.000489509,0.0176459
0.0186398,0.000720511,0.0706629,0.00106303,0.0206932
0.019462,0.000760402,0.0375867,0.000437961,0.0170046
0.0202655,0.000777521,0.0675744,0.00101219,0.0200516
0.0209408,0.000812947,0.0371475,0.00043621,0.0166726
0.0219355,0.000851688,0.0316808,0.000359186,0.014837
0.0227352,0.00086876,0.0616685,0.000934722,0.0178805
0.0237027,0.00090906,0.0362577,0.000443023,0.0155089
0.0245042,0.000926191,0.0662454,0.00101916,0.0185542
0.0250501,0.000956672,0.0369529,0.000450507,0.0158766
0.025846,0.000973701,0.0669406,0.00102724,0.0189228
0.0264915,0.00100693,0.037055,0.000448919,0.0160756
0.0272908,0.00102405,0.0670426,0.00102628,0.0191226
0.0279306,0.00105717,0.0370699,0.000447441,0.0161827
0.0289072,0.00109511,0.0316634,0.000366744,0.0145582
0.0297012,0.00111216,0.061651,0.000945385,0.0176024
0.030772,0.0011556,0.0362548,0.000448651,0.0153558
0.0315732,0.00117282,0.0662424,0.00102794,0.0184021
0.0324865,0.00121415,0.0369524,0.000454726,0.0157947
0.033287,0.00123138,0.0669399,0.00103472,0.0188421
0.034168,0.00127294,0.0370548,0.000452371,0.0160326
0.0349671,0.00129016,0.0670423,0.00103313,0.0190806
0.0355339,0.00132369,0.0370698,0.000450522,0.0161608
0.0365068,0.00136324,0.0316633,0.000369191,0.014546
0.037309,0.00138057,0.0616507,0.000951367,0.0175914
0.0381101,0.00139787,0.0916382,0.00153341,0.0206431
0.0386654,0.00143445,0.0401732,0.000501072,0.016977
0.0395971,0.00147452,0.0323387,0.000374677,0.0150104
0.0403991,0.00149188,0.0623261,0.000958364,0.0180571
0.0411899,0.00153044,0.03636,0.0004494,0.0156074
0.0419869,0.00154772,0.0663473,0.00103381,0.0186553
0.042787,0.00156507,0.0963346,0.00161807,0.0217097
0.0433657,0.00160394,0.0406729,0.000495946,0.0175191
0.0441651,0.0016197,0.0706625,0.00102726,0.0205691
0.0453984,0.00167414,0.0375875,0.000410466,0.0169429
0.0462009,0.00168839,0.067579,0.000889029,0.01999
0.0470386,0.00173186,0.0371501,0.000368832,0.0166427
0.0478373,0.00174368,0.0671442,0.000767488,0.0196866
0.0488295,0.0017891,0.0370883,0.000307999,0.0164837
0.0492592,0.00181436,0.0316715,0.00021377,0.0147294
0.0500618,0.00182148,0.0616694,0.000452843,0.0177658
0.0503171,0.00184564,0.0362632,0.000187331,0.0154483
0.0511186,0.00184956,0.0662625,0.000319283,0.018485
0.0514572,0.00187614,0.0369615,0.00011223,0.0158426
0.0522575,0.00187689,0.0669615,0.00013731,0.0188795
0.0529292,0.00190874,0.0370644,3.035e-05,0.0160563
0.053726,0.00190633,0.0670642,-5.14164e-05,0.0190939
0.0543571,0.00193815,0.0370793,-5.21532e-05,0.0161715
0.0551582,0.00193256,0.067078,-0.000240324,0.0192108
0.0559569,0.00192539,0.0970758,-0.000482473,0.0222573
0.0567581,0.0019166,0.127073,-0.000778411,0.0253117
0.0574769,0.00197158,0.0434142,-0.000211754,0.0192613
0.0585605,0.00200304,0.0330142,-0.000201054,0.0162625
0.0593597,0.00198959,0.0630066,-0.000654759,0.0193084
0.0602808,0.00201894,0.0364676,-0.000332067,0.0162863
0.061081,0.00200233,0.066456,-0.000891762,0.0193365
0.0618772,0.00203026,0.0369842,-0.000420461,0.0163007
0.0627636,0.00200836,0.0669678,-0.00108611,0.0193605
0.0634797,0.00198908,0.0969483,-0.00181151,0.022421
0.0641249,0.00202642,0.040733,-0.000582518,0.0178748
0.0649241,0.00200193,0.0707077,-0.00140772,0.0209424
0.0656884,0.00202887,0.0375864,-0.000609967,0.0171365
0.066491,0.00200113,0.0675542,-0.00154079,0.0202097
0.0671671,0.00202465,0.0371344,-0.000693271,0.0167582
0.0680136,0.00203039,0.0316663,-0.000613951,0.0148955
0.0688122,0.00199809,0.0616222,-0.00170311,0.0179757
0.0696377,0.00200615,0.0362335,-0.000834276,0.0155631
0.0704401,0.00197052,0.0661805,-0.00202913,0.018654
0.0711383,0.00198217,0.0369218,-0.000925159,0.0159309
0.0720146,0.00197735,0.0316079,-0.000800557,0.0144257
0.0728147,0.0019371,0.0615398,-0.0021536,0.0175292
0.07362,0.00189497,0.0914662,-0.00356003,0.0206453
0.0744588,0.00190484,0.04012,-0.00119116,0.0169589
0.0753574,0.0018543,0.070035,-0.00270232,0.0200913
0.0761643,0.00186119,0.0374613,-0.00115527,0.0166917
0.0770627,0.00180713,0.067364,-0.00277147,0.0198371
0.0779599,0.00175133,0.0972602,-0.00444069,0.0229978
0.078957,0.00168733,0.12715,-0.00616234,0.0261817
0.0796879,0.00172271,0.0433586,-0.00147765,0.0195931
0.0807809,0.0016483,0.0732343,-0.00330268,0.0227903
0.0818787,0.00157136,0.103103,-0.00517998,0.0260083
0.0826307,0.00160373,0.0412887,-0.00149061,0.0195438
0.0838561,0.00157566,0.0325184,-0.00115251,0.0164569
0.0849544,0.00149233,0.0623643,-0.00318406,0.0196794
0.0858703,0.00148135,0.0362951,-0.00150593,0.0164908
0.0871572,0.00142957,0.0314192,-0.00130484,0.0147931
0.0883494,0.00133217,0.0612406,-0.00349047,0.0180439
0.0895458,0.00123201,0.0910533,-0.00572781,0.0213195
0.0905325,0.00122121,0.0400108,-0.0018938,0.0172773
0.0919257,0.00115954,0.0322187,-0.00145974,0.0152417
0.0935739,0.00106558,0.0304473,-0.00144769,0.0141013
0.0945017,0.000980365,0.0602219,-0.00390168,0.0173856
0.0958917,0.000912461,0.0359169,-0.00190797,0.0152437
0.0970906,0.000798195,0.0656746,-0.0044506,0.0185674
0.0982904,0.000681414,0.095422,-0.00704482,0.0219173
0.099127,0.000677728,0.040441,-0.00222226,0.0175396
0.100333,0.000555657,0.0701681,-0.00491771,0.0209071
0.101682,0.000498238,0.0373852,-0.00205623,0.0171087
0.103048,0.000417727,0.0316085,-0.00171194,0.015173
0.104244,0.000289826,0.061304,-0.00455873,0.0185607
0.105291,0.000240838,0.0360495,-0.0021786,0.0158861
0.106538,0.000102625,0.0657226,-0.00512607,0.0193039
0.108032,9.93537e-06,0.0367119,-0.00228759,0.0162662
0.109225,-0.000126969,0.066362,-0.00533605,0.019705
0.110416,-0.000266064,0.096,-0.00843523,0.0231717
0.111267,-0.000278959,0.040443,-0.00261423,0.0181121
0.112424,-0.000353744,0.0322314,-0.00197834,0.015741
0.113853,-0.000471668,0.0303673,-0.00195599,0.0144303
0.115065,-0.000622511,0.0599567,-0.00525524,0.0179225
0.116089,-0.000690577,0.0357777,-0.00255964,0.0155257
0.117278,-0.000843337,0.0653412,-0.00595932,0.0190476
0.118473,-0.000930886,0.0365959,-0.00266603,0.0161121
0.119896,-0.00106161,0.0313503,-0.00221737,0.0146383
0.121085,-0.00122123,0.0608739,-0.00576667,0.0181959
0.122117,-0.00130081,0.0358892,-0.0027611,0.0156655
0.123297,-0.00146385,0.0653849,-0.00641061,0.0192554
0.124399,-0.00155244,0.0365676,-0.0028582,0.0162139
0.125937,-0.00171248,0.0313119,-0.00237445,0.0147101
0.12713,-0.00188431,0.0607649,-0.00617251,0.018339
0.128311,-0.00205691,0.0902028,-0.0100204,0.021998
0.129419,-0.00214105,0.0397029,-0.00329658,0.0174519
0.130606,-0.00231903,0.069111,-0.00724311,0.0211387
0.131792,-0.0024993,0.0985035,-0.0112388,0.0248569
0.132515,-0.00252232,0.0405663,-0.00335126,0.0187983
0.133991,-0.00268274,0.0321485,-0.00251168,0.0161629
0.135274,-0.00288529,0.0614946,-0.00665438,0.0199153
0.136329,-0.00298496,0.0359067,-0.00312181,0.016586
0.138142,-0.0032782,0.0652219,-0.0073548,0.0204202
0.139512,-0.0034195,0.0364542,-0.0032633,0.0167972
0.140895,-0.00364865,0.0657359,-0.00759901,0.0206292
0.142058,-0.00376631,0.0365169,-0.00332995,0.0169241
0.143442,-0.00400104,0.065765,-0.00776237,0.0207932
0.144816,-0.00423695,0.0949959,-0.0122423,0.0247003
0.146139,-0.00436487,0.0401146,-0.00376165,0.0186779
0.147524,-0.00460791,0.0693112,-0.00833765,0.0226123
0.148914,-0.00476066,0.0370041,-0.00344226,0.0179071
0.150292,-0.00500801,0.0661657,-0.00811432,0.0218722
0.151669,-0.0052578,0.0953091,-0.0128331,0.0258769
0.15331,-0.00544228,0.0401094,-0.00389276,0.0192032
0.154753,-0.00563037,0.0319421,-0.00293522,0.0164401
0.156287,-0.00585363,0.0300688,-0.0029005,0.0149815
0.157664,-0.00611407,0.0591399,-0.00781148,0.0190194
0.158922,-0.00628554,0.0353812,-0.00378295,0.0160959
0.160295,-0.00655084,0.0644145,-0.00878842,0.0201781
0.161392,-0.00669385,0.0361836,-0.00390996,0.0166541
0.162764,-0.00696429,0.0651784,-0.00901007,0.0207785
0.164078,-0.00715172,0.0362842,-0.00394973,0.0169736
0.165669,-0.00740695,0.031015,-0.00327137,0.0152544
0.167039,-0.00768511,0.0599508,-0.00851387,0.0194282
0.168394,-0.00789418,0.0354416,-0.00405227,0.0162917
0.16977,-0.00817893,0.0643371,-0.00938824,0.0205125
0.171092,-0.00838253,0.0361018,-0.00416357,0.0168094
0.172456,-0.00867034,0.0649561,-0.00959352,0.0210738
0.174057,-0.00893302,0.0361795,-0.00420386,0.0170941
0.175426,-0.00922726,0.0649922,-0.00972682,0.0214025
0.177005,-0.00949094,0.0361678,-0.00425057,0.0172611
0.178483,-0.00981474,0.0649385,-0.00986443,0.0216232
0.179935,-0.0101356,0.0936874,-0.015523,0.0260289
0.180732,-0.0102249,0.039711,-0.00475919,0.0190968
0.182194,-0.0105537,0.0684167,-0.0105109,0.0235379
0.184199,-0.0109153,0.0366355,-0.0043281,0.0183008
0.185759,-0.0112724,0.0652978,-0.0101697,0.0227916
0.18688,-0.011454,0.0361578,-0.00437892,0.01799
0.188156,-0.0117519,0.0647697,-0.0103267,0.0225046
0.19037,-0.0121824,0.03605,-0.00448323,0.0178237
0.191927,-0.0125514,0.0646224,-0.0105072,0.0224044
0.193483,-0.0129233,0.093172,-0.0165731,0.0270354
0.19475,-0.0131278,0.0395559,-0.00505556,0.0194987
0.196309,-0.0135067,0.0680592,-0.0112134,0.0241641
0.198023,-0.013832,0.0364902,-0.004606,0.0185931
0.199575,-0.0142156,0.0649465,-0.0108547,0.0232988
0.201176,-0.0145254,0.0360066,-0.00467153,0.0182071
0.202734,-0.0149163,0.0644154,-0.0110101,0.022958
0.204066,-0.0151703,0.0358963,-0.00477619,0.0180326
0.205617,-0.0155659,0.0642565,-0.0112047,0.02283
0.207461,-0.0159521,0.0358437,-0.00486945,0.017959
0.209014,-0.0163544,0.0641552,-0.0113866,0.0228045
0.210732,-0.0167177,0.0358017,-0.00495115,0.0179387
0.212276,-0.017124,0.0640634,-0.0115573,0.0228328
0.21348,-0.0173659,0.0357617,-0.00502656,0.0179453
0.21531,-0.0177905,0.030568,-0.00416158,0.0159814
0.216836,-0.0182014,0.0587532,-0.0109035,0.0209351
0.218382,-0.0186206,0.0869136,-0.0176843,0.0259423
0.219926,-0.0190431,0.115048,-0.0245045,0.031002
0.22109,-0.0192595,0.0413397,-0.00608928,0.0205575
0.222643,-0.0196904,0.0694221,-0.0130002,0.0256508
0.224219,-0.0200378,0.036485,-0.00516721,0.0192146
0.225755,-0.02047,0.0645143,-0.0121675,0.0243491
0.227334,-0.0208315,0.0357408,-0.00520377,0.0186769
0.229145,-0.0212817,0.0304712,-0.00432802,0.0164372
0.230689,-0.0217255,0.0584197,-0.0114618,0.0216313
0.232219,-0.0221689,0.0863413,-0.0186345,0.0268776
0.233337,-0.0224111,0.0384418,-0.0060446,0.0192502
0.234874,-0.0228627,0.0663084,-0.0133045,0.0245446
0.236342,-0.0232189,0.0359093,-0.00551648,0.0187045
0.23759,-0.0235911,0.0637124,-0.0128791,0.0240299
0.23928,-0.0240206,0.0354942,-0.00555286,0.018486
0.24081,-0.024483,0.0632485,-0.0129856,0.023885
0.242341,-0.0249488,0.0909752,-0.0204558,0.0293381
0.244095,-0.0253887,0.0388769,-0.00622769,0.0202074
0.246447,-0.0260404,0.0310473,-0.00464823,0.017276
0.247472,-0.0263592,0.0586729,-0.0122796,0.0227487
0.249448,-0.0269037,0.0346119,-0.0057227,0.0179565
0.250698,-0.0272975,0.0621856,-0.0134254,0.023503
0.252626,-0.0278328,0.0351244,-0.00590299,0.0182058
0.254124,-0.0283105,0.0626462,-0.0136756,0.0238282
0.255653,-0.0288012,0.0901399,-0.0214829,0.0295075
0.256473,-0.0289851,0.0386445,-0.0065755,0.0201774
0.257977,-0.029474,0.066077,-0.0144699,0.0259039
0.259473,-0.029886,0.0356771,-0.00594205,0.0192844
0.260991,-0.030386,0.0630491,-0.0139197,0.0250672
0.262834,-0.0309194,0.0351895,-0.00598597,0.0189544
0.264351,-0.0314253,0.0625,-0.0140467,0.0247957
0.265947,-0.0318889,0.0350649,-0.00608784,0.0188193
0.26746,-0.0323999,0.0623133,-0.014231,0.0247208
0.269132,-0.0329687,0.0895336,-0.0224028,0.0306962
0.270428,-0.0333257,0.0384453,-0.00682683,0.0206077
0.271951,-0.0338502,0.0656,-0.0150889,0.0266164
0.27342,-0.0342842,0.0354811,-0.00618579,0.0195991
0.275207,-0.0349075,0.0625736,-0.0145227,0.0256939
0.276372,-0.0353184,0.0896015,-0.0229484,0.0318076
0.277881,-0.0358545,0.116597,-0.0314022,0.0380181
0.280021,-0.0364996,0.0408789,-0.00731649,0.0226855
0.281702,-0.0371079,0.0677763,-0.0158914,0.0289861
0.283069,-0.0375133,0.0357242,-0.00624965,0.0206265
0.284721,-0.0381236,0.0625044,-0.014967,0.0270253
0.285618,-0.0383818,0.0348531,-0.00639537,0.0198678
0.287128,-0.0389532,0.0614931,-0.0152784,0.0263835
0.287914,-0.0391847,0.0346028,-0.00661884,0.0195619
0.289403,-0.039761,0.0611015,-0.0156605,0.0262132
0.290652,-0.0401736,0.0344553,-0.00680735,0.0194594
0.292138,-0.0407623,0.0608113,-0.0160035,0.0262513
0.293624,-0.041358,0.0870969,-0.0252689,0.0331393
0.295685,-0.0420698,0.0376886,-0.00771076,0.0213799
0.29716,-0.0426741,0.0638277,-0.0171302,0.0283999
0.298637,-0.0432863,0.0898949,-0.0266166,0.0355175
0.299552,-0.0435513,0.0379351,-0.00776837,0.0222229
0.301029,-0.0441769,0.063852,-0.0174067,0.0294714
0.302487,-0.0446912,0.0346663,-0.00709392,0.0208306
0.304466,-0.0454588,0.0292836,-0.0058771,0.0180686
0.305933,-0.0461005,0.0549712,-0.0157386,0.0255178
0.307395,-0.0467468,0.0805833,-0.0256638,0.0330673
0.308601,-0.0471782,0.0365472,-0.00830173,0.021318
0.310325,-0.0478724,0.0295465,-0.00628414,0.018261
0.311778,-0.048535,0.054922,-0.0164256,0.0260208
0.313202,-0.0491055,0.0328646,-0.00769641,0.0194712
0.314653,-0.0497804,0.0580819,-0.0179722,0.0273932
0.315838,-0.0502532,0.0332984,-0.00792143,0.0199215
0.317285,-0.0509407,0.0583545,-0.0183302,0.028007
0.318629,-0.0514959,0.033276,-0.00800008,0.0201816
0.320071,-0.0521943,0.0581689,-0.0185396,0.0284312
0.32151,-0.0528053,0.0331765,-0.00807492,0.0203734
0.322946,-0.0535152,0.0579044,-0.0187425,0.0287884
0.324497,-0.0542893,0.0825541,-0.0294596,0.0373212
0.325666,-0.0547599,0.0362876,-0.0090084,0.0225973
0.327586,-0.0556421,0.0290839,-0.00672676,0.0190952
0.329439,-0.056594,0.0534842,-0.0176269,0.027877
0.330428,-0.0571084,0.0777564,-0.0286354,0.0367194
0.331845,-0.0578508,0.101982,-0.0396579,0.0456794
0.332995,-0.0583161,0.0380079,-0.00972293,0.0243282
0.334595,-0.0590697,0.029335,-0.00684896,0.0199436
0.336007,-0.0598304,0.0532958,-0.0180621,0.0291235
0.337405,-0.0605906,0.0771715,-0.0293246,0.038412
0.339226,-0.061457,0.0352871,-0.00930821,0.0231112
0.340366,-0.0620892,0.0589629,-0.0207083,0.0325611
0.341758,-0.0628674,0.0825759,-0.0321333,0.0421243
0.343152,-0.0636541,0.106103,-0.0436033,0.0517983
0.344867,-0.0644524,0.0381235,-0.00991692,0.0258958
0.346233,-0.0652372,0.0614656,-0.0215066,0.035721
0.347545,-0.0658662,0.0332003,-0.00840519,0.0232918
0.34893,-0.066676,0.0563612,-0.0201021,0.0332866
0.350364,-0.0674066,0.0322284,-0.00855231,0.0225482
0.351727,-0.0682178,0.0552038,-0.0203543,0.0327196
0.352701,-0.0687061,0.0318813,-0.00878903,0.0223026
0.354069,-0.0695342,0.0546723,-0.0206901,0.0326556
0.355462,-0.0702855,0.0316647,-0.00896579,0.022253
0.356824,-0.0711251,0.054269,-0.0209631,0.0327909
0.357964,-0.071741,0.0314871,-0.00909522,0.0222971
0.359879,-0.0728587,0.0269958,-0.00751691,0.0195875
0.361234,-0.0737154,0.0493152,-0.019658,0.0303956
0.362726,-0.0745813,0.0303805,-0.0093064,0.0215444
0.364077,-0.0754508,0.0525109,-0.0215333,0.0325476
0.365542,-0.0763126,0.030858,-0.00949999,0.0221761
0.36688,-0.0771884,0.052797,-0.0218114,0.0333731
0.368042,-0.0778694,0.0308506,-0.00951013,0.0225087
0.369373,-0.0787563,0.0525969,-0.0219033,0.0339001
0.370847,-0.0797463,0.074257,-0.0343175,0.0454211
0.371684,-0.0802066,0.0337423,-0.0104954,0.0250469
0.373285,-0.081217,0.0271944,-0.00779735,0.0209369
0.374508,-0.0820595,0.0485394,-0.0203556,0.0327151
0.375822,-0.0829722,0.0698014,-0.0329338,0.044609
0.377424,-0.0839792,0.0329708,-0.0105542,0.0250095
0.379116,-0.0850889,0.026816,-0.0079319,0.0210265
0.380421,-0.0860182,0.0477763,-0.0206274,0.0331968
0.381644,-0.0868148,0.0295177,-0.0096362,0.0228257
0.382945,-0.0877564,0.0502795,-0.0223972,0.0351985
0.384205,-0.088592,0.0298628,-0.0098454,0.0233541
0.385496,-0.0895419,0.0504247,-0.0226698,0.0359286
0.386775,-0.0904915,0.0708916,-0.0355148,0.0486211
0.387577,-0.0909938,0.0327253,-0.0108662,0.0260247
0.388854,-0.0919569,0.0529882,-0.0237751,0.038911
0.390001,-0.0927372,0.0302776,-0.00974694,0.0246369
0.391847,-0.0940748,0.0257325,-0.00796523,0.0213094
0.393113,-0.0950531,0.0456849,-0.0209669,0.034485
0.394364,-0.0959535,0.0286484,-0.00988537,0.0234817
0.395949,-0.0971344,0.0250372,-0.00827881,0.0208745
0.397204,-0.0981282,0.0446809,-0.0213596,0.0343525
0.398476,-0.0990756,0.028207,-0.010147,0.0234127
0.399724,-0.10008,0.0476472,-0.0232712,0.0371015
0.400929,-0.100987,0.0287067,-0.0102722,0.0241693
0.402168,-0.101999,0.0479416,-0.0234381,0.0380671
0.403114,-0.102712,0.0287285,-0.010215,0.0245447
0.404611,-0.103896,0.024774,-0.00836252,0.0215229
0.405832,-0.104918,0.0436932,-0.0215929,0.035726
0.40705,-0.105947,0.0625166,-0.03483,0.0500486
0.407969,-0.10665,0.0306555,-0.0113315,0.0267065
0.409399,-0.107812,0.0251466,-0.00847084,0.0223802
0.411063,-0.109193,0.0235503,-0.00817913,0.0210521
0.412275,-0.110248,0.0419477,-0.0214937,0.035773
0.413516,-0.111339,0.0602501,-0.0348086,0.0506172
0.414268,-0.111933,0.0300004,-0.0114979,0.0269261
0.415775,-0.113213,0.024719,-0.00859481,0.0226036
0.416966,-0.114284,0.0426988,-0.0219573,0.037749
0.418375,-0.11549,0.0271364,-0.0102705,0.024936
0.419556,-0.11657,0.0449077,-0.0236511,0.040295
0.420471,-0.117347,0.0274912,-0.0103975,0.0255795
0.421642,-0.118434,0.0450523,-0.0237943,0.0411512
0.42281,-0.119527,0.0625171,-0.0371867,0.056843
0.424083,-0.12063,0.0301503,-0.0113801,0.0285232
0.425249,-0.121739,0.047401,-0.0247893,0.0444198
0.426199,-0.122569,0.0279837,-0.010153,0.026889
0.427349,-0.123679,0.0450205,-0.0235743,0.0429933
0.428446,-0.124667,0.0274167,-0.010109,0.0266667
0.429691,-0.125827,0.0235855,-0.00832291,0.0231397
0.431208,-0.127272,0.0223203,-0.00823604,0.0220374
0.432345,-0.128405,0.0389244,-0.0216777,0.0385499
0.43358,-0.129584,0.0256263,-0.0104772,0.0255517
0.434703,-0.13072,0.0420216,-0.0239138,0.042281
0.435857,-0.131832,0.026235,-0.0105825,0.026464
0.436972,-0.132979,0.0424212,-0.0240123,0.0434075
0.438128,-0.13411,0.0263187,-0.0104639,0.0268662
0.439235,-0.135266,0.0422944,-0.0238847,0.0440229
0.440123,-0.136138,0.0262641,-0.0103709,0.0271329
0.441343,-0.137434,0.0420373,-0.0237719,0.0445098
0.442101,-0.138181,0.026153,-0.0103121,0.0273504
0.44319,-0.139355,0.0417065,-0.0237067,0.0449311
0.444406,-0.140603,0.0260225,-0.0102742,0.0275367
0.445679,-0.141939,0.0225211,-0.0084157,0.0239316
0.446758,-0.14313,0.0377524,-0.0217886,0.0418226
0.447825,-0.144318,0.0528885,-0.0351392,0.0598312
0.448524,-0.145027,0.0275395,-0.0114038,0.0298986
0.449582,-0.146224,0.0424632,-0.0247326,0.0481148
0.450568,-0.147271,0.0259905,-0.01023,0.0284527
0.451789,-0.148612,0.0223116,-0.0082985,0.0244894
0.452838,-0.149827,0.0369127,-0.0215929,0.0430118
0.454153,-0.151289,0.0245079,-0.0101705,0.0274927
0.455189,-0.152508,0.0389017,-0.0234299,0.0462271
0.456556,-0.154053,0.0248636,-0.0102985,0.0281994
0.457585,-0.155283,0.0390503,-0.0235205,0.047144
0.458437,-0.156244,0.0248662,-0.0102201,0.0285019
0.459774,-0.157811,0.021603,-0.0083468,0.0247456
0.460784,-0.159048,0.0354711,-0.0215144,0.0439976
0.461651,-0.160062,0.0238251,-0.0101602,0.0279645
0.462653,-0.161309,0.0374891,-0.0232804,0.0474271
0.463403,-0.162194,0.0242322,-0.0102416,0.0287218
0.464659,-0.163728,0.0211555,-0.00835446,0.0249907
0.465646,-0.164987,0.0345049,-0.0214061,0.0447601
0.4665,-0.16603,0.023362,-0.0101177,0.0283234
0.467478,-0.167298,0.0365096,-0.0231136,0.0483015
0.468643,-0.168752,0.0238011,-0.0101667,0.029107
0.469503,-0.169887,0.0367257,-0.0231086,0.049298
0.470755,-0.171472,0.0238469,-0.0100449,0.0294301
0.471715,-0.172759,0.0365889,-0.0229237,0.0498193
0.472361,-0.173567,0.0237931,-0.00993544,0.0296493
0.473308,-0.174857,0.0363325,-0.0227519,0.0502417
0.474253,-0.176154,0.0487847,-0.0355244,0.070945
0.475425,-0.177668,0.0259764,-0.0108177,0.0328388
0.476346,-0.178955,0.0382186,-0.0235295,0.0537392
0.477438,-0.180396,0.0242338,-0.00960724,0.0307029
0.478476,-0.181799,0.0208041,-0.00780116,0.026247
0.479391,-0.183109,0.0327366,-0.020417,0.0474379
0.480047,-0.183991,0.0225557,-0.00959208,0.0295796
0.481002,-0.185323,0.0199405,-0.0079892,0.025967
0.4819,-0.186643,0.031571,-0.020495,0.0474532
0.48277,-0.187864,0.0219868,-0.00970615,0.0296247
0.483987,-0.189621,0.0195641,-0.00803807,0.0260605
0.484847,-0.190916,0.030894,-0.0204247,0.0478426
0.485726,-0.192252,0.0421455,-0.0327584,0.0697289
0.486401,-0.193205,0.02398,-0.0106926,0.0330981
0.487269,-0.194547,0.035036,-0.0229422,0.0551773
0.488132,-0.195894,0.0460102,-0.0351367,0.0773612
0.488851,-0.196915,0.025016,-0.0103595,0.0343829
0.489798,-0.198336,0.0206411,-0.00757488,0.0277081
0.490947,-0.200105,0.0189996,-0.00731224,0.0260187
0.491792,-0.20147,0.0295646,-0.0193433,0.0485709
0.492622,-0.202822,0.0400483,-0.0313164,0.0712256
0.493513,-0.204185,0.0233841,-0.0102798,0.0337346
0.49456,-0.205841,0.019762,-0.00764789,0.0276651
0.495382,-0.207216,0.0299541,-0.019482,0.0505949
0.49609,-0.208335,0.0211894,-0.00907761,0.0309358
0.496956,-0.209812,0.0312055,-0.020803,0.0540561
0.497571,-0.21079,0.021474,-0.00911261,0.0316203
0.49837,-0.212176,0.0313003,-0.0207362,0.0549231
0.499357,-0.213807,0.0215017,-0.00898843,0.0318757
0.500144,-0.215198,0.0311462,-0.0205036,0.0553615
0.500882,-0.216426,0.0214428,-0.00886704,0.0320513
0.501676,-0.217855,0.0309094,-0.0202699,0.0557189
0.502319,-0.218936,0.0213459,-0.00875905,0.0322057
0.503372,-0.220787,0.0186999,-0.00713512,0.0277468
0.504132,-0.222194,0.0278873,-0.0183734,0.0516783
0.504887,-0.223606,0.0370027,-0.0295428,0.0757048
0.505469,-0.224602,0.0223937,-0.00956107,0.0350452
0.50614,-0.225882,0.0313114,-0.0206129,0.0592515
0.507212,-0.227823,0.0213827,-0.00849979,0.03305
0.507945,-0.229246,0.0301436,-0.0194319,0.0574231
0.508672,-0.230671,0.038835,-0.0302918,0.0818883
0.509325,-0.231828,0.0230085,-0.0091295,0.0361181
0.51021,-0.233493,0.0192074,-0.00671227,0.029082
0.510921,-0.234929,0.0276211,-0.0173959,0.0537944
0.51165,-0.236313,0.0201365,-0.0080549,0.0323977
0.512348,-0.23775,0.0283845,-0.018608,0.0572779
0.513041,-0.239194,0.0365671,-0.0290851,0.0822466
0.513716,-0.240472,0.0222503,-0.00890939,0.0363795
0.514559,-0.242153,0.01872,-0.00654211,0.029336
0.515237,-0.243608,0.0266369,-0.0168292,0.0545439
0.515978,-0.2451,0.0196692,-0.007798,0.0327482
0.516639,-0.24655,0.0274264,-0.0179463,0.0581181
0.517331,-0.247967,0.0198691,-0.00782468,0.0334015
0.517776,-0.248968,0.0274112,-0.0178246,0.0589488
0.518424,-0.250433,0.0349491,-0.0277523,0.084561
0.519002,-0.251597,0.0217523,-0.00844649,0.0369901
0.519817,-0.253352,0.0183421,-0.00618806,0.0297542
0.520448,-0.254826,0.0256272,-0.0159106,0.0555928
0.521071,-0.256297,0.0328533,-0.0255502,0.0815125
0.521756,-0.25775,0.0211502,-0.00814196,0.0368027
0.522571,-0.259574,0.0179873,-0.00603045,0.0298354
0.523178,-0.261057,0.0249705,-0.0154569,0.0559748
0.523875,-0.262625,0.0188913,-0.00716938,0.0334319
0.52447,-0.264111,0.0257304,-0.0164427,0.059719
0.524889,-0.265029,0.0190994,-0.00717589,0.0340975
0.525649,-0.266841,0.0169342,-0.00582191,0.0293448
0.526227,-0.268335,0.0235494,-0.0148666,0.0558465
0.526798,-0.269829,0.030112,-0.0238237,0.0824234
0.527271,-0.270901,0.0201349,-0.00770817,0.0372173
0.528013,-0.272731,0.0173216,-0.00568479,0.030195
0.528567,-0.274232,0.0236606,-0.0144113,0.0569766
0.529056,-0.275415,0.0182641,-0.00668801,0.0338988
0.529732,-0.277149,0.0163881,-0.00550516,0.029508
0.530268,-0.278655,0.0225194,-0.0139903,0.0564916
0.530934,-0.280371,0.0177028,-0.00659588,0.0338922
0.531458,-0.281883,0.0237085,-0.014914,0.0610086
0.531935,-0.283097,0.0181727,-0.00653003,0.0346883
0.532403,-0.284482,0.0240373,-0.0146758,0.0619391
0.532911,-0.286005,0.0298722,-0.0227329,0.0892526
0.533513,-0.287556,0.0201451,-0.00692637,0.038415
0.534006,-0.289075,0.0258468,-0.0148177,0.0658521
0.534677,-0.290895,0.0191786,-0.00601845,0.0356379
0.535111,-0.292269,0.0247368,-0.0137352,0.0632015
0.535588,-0.2938,0.0302717,-0.0213622,0.0908238
0.536071,-0.295052,0.0204781,-0.00639712,0.0387975
0.536534,-0.296578,0.0258824,-0.0138553,0.0665359
0.536956,-0.297713,0.0192447,-0.0056029,0.0359039
0.537408,-0.299247,0.0245284,-0.0128875,0.063757
0.538102,-0.301319,0.0186766,-0.00546964,0.0355403
0.538542,-0.302856,0.0238447,-0.012578,0.0635054
0.539135,-0.304656,0.0183551,-0.00538359,0.0355462
0.539563,-0.306195,0.0234117,-0.0123131,0.0636211
0.54004,-0.30765,0.0181487,-0.0052798,0.0356111
0.540458,-0.309201,0.0230981,-0.0120286,0.0637929
0.540783,-0.310164,0.0180026,-0.00515974,0.0356866
0.541186,-0.311706,0.0228461,-0.0117255,0.0639729
0.541811,-0.313794,0.0178914,-0.00503629,0.0357601
0.542207,-0.315346,0.0226598,-0.0114656,0.0641218
0.542552,-0.316428,0.0178104,-0.00492877,0.0358213
0.543034,-0.318123,0.0158234,-0.00398898,0.0306677
0.543416,-0.319681,0.0204701,-0.0102148,0.0591388
0.543796,-0.320991,0.0167795,-0.00479744,0.0350832
0.544322,-0.322949,0.0152333,-0.00395851,0.0305244
0.544692,-0.324496,0.0198045,-0.0100479,0.0590661
0.545062,-0.326053,0.0243732,-0.0160843,0.0876333
0.545429,-0.327612,0.0289394,-0.0220674,0.116226
0.545792,-0.32917,0.0335029,-0.0279973,0.144843
0.546333,-0.331037,0.0213525,-0.00560695,0.0437681
0.546691,-0.332598,0.0258467,-0.011452,0.0724286
0.547045,-0.334158,0.0303388,-0.0172437,0.101114
0.547341,-0.335094,0.0208894,-0.00473515,0.0404616
0.547851,-0.337125,0.017382,-0.00344401,0.0318556
0.548197,-0.338686,0.021764,-0.00910801,0.0606033
0.548539,-0.340249,0.0261449,-0.0147184,0.0893746
0.548827,-0.341326,0.0191919,-0.00464385,0.0392661
0.54918,-0.342967,0.0235261,-0.0101603,0.0680804
0.549425,-0.343918,0.0182795,-0.00415397,0.0366445
0.549898,-0.346007,0.0160268,-0.0033528,0.0310597
0.550136,-0.347147,0.0202344,-0.00872492,0.0599408
0.550607,-0.349256,0.0167064,-0.00408677,0.0354271
0.550922,-0.350795,0.0209087,-0.00936795,0.064346
0.551271,-0.352365,0.0170014,-0.00409426,0.0361247
0.551586,-0.353932,0.0211672,-0.00927823,0.0650845
0.551871,-0.355228,0.0171361,-0.00400862,0.0362585
0.552243,-0.357004,0.0153365,-0.00324284,0.031024
0.55258,-0.358737,0.0194453,-0.00827987,0.0600441
0.552952,-0.360534,0.0162832,-0.00388901,0.0355069
0.553251,-0.362107,0.0203459,-0.00882888,0.0645661
0.553547,-0.363679,0.0244105,-0.0137145,0.0936458
0.55384,-0.365252,0.0284771,-0.0185458,0.122746
0.554035,-0.366119,0.0199912,-0.00440426,0.0425233
0.554456,-0.368263,0.0168171,-0.00299805,0.0324487
0.554741,-0.36984,0.02079,-0.00768967,0.061603
0.554991,-0.371091,0.0170189,-0.00351395,0.0358364
0.555308,-0.372763,0.0152407,-0.00290197,0.0310181
0.555582,-0.374334,0.019148,-0.00744702,0.0602264
0.555803,-0.375479,0.0161549,-0.00350208,0.0356325
0.556071,-0.37705,0.0200324,-0.00794591,0.0648766
0.556409,-0.378868,0.0165884,-0.00347413,0.0363664
0.556781,-0.380944,0.0149712,-0.00280173,0.0311735
0.557042,-0.382534,0.0187916,-0.00709744,0.0604687
0.557296,-0.384101,0.0226146,-0.0113385,0.0897815
0.557509,-0.385219,0.0176957,-0.00366688,0.039583
0.557759,-0.3868,0.0214833,-0.00780879,0.0689285
0.558089,-0.38867,0.017337,-0.00320624,0.0370161
0.558357,-0.390406,0.0211042,-0.00724605,0.066394
0.558577,-0.39162,0.017163,-0.00308796,0.0366693
0.558906,-0.393604,0.015275,-0.0024936,0.0313073
0.55914,-0.395185,0.0189685,-0.00638735,0.0607309
0.559337,-0.396316,0.0160824,-0.00299071,0.0358236
0.559627,-0.398123,0.0146511,-0.00245519,0.0311309
0.559851,-0.399702,0.0182954,-0.00619832,0.0605993
0.560073,-0.401286,0.021947,-0.00988672,0.0900829
0.560292,-0.402868,0.0256055,-0.0135203,0.119582
0.560559,-0.404379,0.0190321,-0.0033502,0.042509
0.560836,-0.406099,0.0162525,-0.0022815,0.0326156
0.561129,-0.408017,0.0147542,-0.00213733,0.0304282
0.561335,-0.409601,0.0183159,-0.00557789,0.0599805
0.561567,-0.411066,0.015746,-0.0026525,0.0357683
0.561767,-0.412653,0.0192879,-0.00599078,0.0653471
0.562059,-0.414564,0.0162488,-0.00261879,0.0366084
0.562327,-0.416393,0.0147153,-0.00210091,0.0313793
0.562519,-0.417984,0.0182131,-0.0052892,0.0609957
0.562705,-0.419162,0.015692,-0.00247753,0.0359611
0.56289,-0.420748,0.0191716,-0.00556301,0.0656021
0.56309,-0.42204,0.0161965,-0.00242457,0.0366782
0.563269,-0.423631,0.0196564,-0.00540805,0.0663429
0.563496,-0.425167,0.0164592,-0.00232649,0.0368017
0.563668,-0.426754,0.0198979,-0.00520818,0.066489
0.5639,-0.428343,0.0165922,-0.00223308,0.036836
0.564175,-0.430448,0.0148936,-0.00178695,0.0314809
0.564338,-0.43204,0.0182899,-0.00451897,0.0612003
0.564526,-0.43336,0.0157491,-0.00210975,0.0360474
0.564683,-0.434952,0.0191303,-0.00473897,0.0657877
0.564927,-0.436801,0.0161935,-0.00205971,0.0367578
0.565078,-0.43839,0.0195578,-0.0045868,0.066518
0.56527,-0.440459,0.0229821,-0.00705439,0.0962889
0.565371,-0.441578,0.0263205,-0.00946029,0.126072
0.565596,-0.442953,0.0195843,-0.00221352,0.0432014
0.565735,-0.444547,0.0229348,-0.0045331,0.0729996
0.56587,-0.446141,0.0262982,-0.00679772,0.102807
0.566003,-0.447737,0.0296751,-0.00900739,0.132624
0.566133,-0.449344,0.0330671,-0.011162,0.162449
0.566344,-0.450153,0.0224112,-0.00197589,0.0456265
0.566577,-0.451965,0.0179532,-0.00125317,0.0333879
0.566697,-0.453553,0.021242,-0.00326959,0.0632357
0.566883,-0.454969,0.0173294,-0.0014581,0.0364348
0.566997,-0.45656,0.020599,-0.0033736,0.0662976
0.567203,-0.458304,0.0169935,-0.00144146,0.0368996
0.567398,-0.460199,0.0150918,-0.00115327,0.031574
0.567504,-0.461806,0.0183263,-0.00291899,0.0614575
0.567643,-0.462928,0.015792,-0.00135228,0.0361724
0.567828,-0.464902,0.0143986,-0.00109056,0.0314182
0.567924,-0.4665,0.0176084,-0.00270435,0.061321
0.568017,-0.468098,0.0208339,-0.0042633,0.0912302
0.568207,-0.469813,0.0170876,-0.00136628,0.040083
0.568294,-0.471412,0.0202986,-0.00282414,0.0700036
0.568445,-0.472649,0.0168421,-0.00114073,0.03746
0.568613,-0.474535,0.0149952,-0.000882066,0.0317233
0.56869,-0.476132,0.0181758,-0.0021897,0.0616596
0.568765,-0.477734,0.0213739,-0.00344266,0.091601
0.568927,-0.479144,0.0173817,-0.00108944,0.0401426
0.568996,-0.480739,0.0205647,-0.0022413,0.0700931
0.569148,-0.482147,0.0169871,-0.000897273,0.0374881
0.569211,-0.483746,0.0201593,-0.00194801,0.0674469
0.569402,-0.486056,0.0167797,-0.000808392,0.0371147
0.569459,-0.487658,0.0199431,-0.00175817,0.067081
0.569512,-0.489261,0.0231253,-0.00265337,0.0970512
0.569665,-0.490463,0.0182657,-0.000779683,0.0407366
0.569713,-0.492064,0.0214295,-0.00157507,0.0707131
0.569837,-0.493026,0.0174361,-0.000613464,0.0375881
0.569976,-0.495148,0.0153217,-0.000457969,0.0317755
0.570014,-0.496741,0.0184562,-0.00110345,0.06176
0.570049,-0.498334,0.02161,-0.00169481,0.091747
0.57018,-0.499603,0.0175257,-0.000521678,0.0401847
0.57021,-0.501203,0.0206696,-0.0010124,0.0701757
0.570236,-0.502803,0.0238338,-0.00144889,0.100169
0.570399,-0.504755,0.0186212,-0.00039847,0.0410651
0.570419,-0.50636,0.0217685,-0.000735787,0.0710608
0.570561,-0.50834,0.0176118,-0.00026815,0.0376461
0.570575,-0.509944,0.0207496,-0.000505268,0.067644
0.570691,-0.51147,0.0170944,-0.000187317,0.0371627
0.570788,-0.513602,0.0151292,-0.000114071,0.0316894
0.570793,-0.515151,0.0182439,-0.000199867,0.0616891
0.570796,-0.517146,0.0214216,-0.000233255,0.0916891
0.5709,-0.518019,0.0174349,-4.67874e-05,0.0401859
0.570896,-0.519337,0.0205462,3.00542e-05,0.0701857
0.570992,-0.521113,0.0169902,4.06001e-05,0.037526
0.570982,-0.522714,0.0201214,0.000209395,0.0675249
0.571065,-0.524005,0.0167769,0.000118489,0.0371459
0.571126,-0.525697,0.0149415,0.000139588,0.031685
0.571107,-0.527298,0.0180611,0.000459381,0.0616812
0.57117,-0.528959,0.0156647,0.000243424,0.0362639
0.571214,-0.530823,0.0143083,0.000240874,0.0314855
0.571186,-0.532426,0.0174285,0.000712579,0.0614772
0.57124,-0.533511,0.0153145,0.000365181,0.0362295
0.571204,-0.535118,0.0184476,0.000967039,0.066216
0.571163,-0.536703,0.0216048,0.00164948,0.0961986
0.571227,-0.539145,0.0175263,0.000550095,0.0406564
0.571177,-0.540748,0.0206871,0.00138519,0.0706305
0.571241,-0.542381,0.017062,0.000615027,0.0375751
0.571268,-0.54415,0.0151185,0.000573912,0.0317655
0.571182,-0.546216,0.0183212,0.00169081,0.0617189
0.571245,-0.546881,0.0157867,0.000859554,0.036246
0.571166,-0.54848,0.0189745,0.00218577,0.0661804
0.571182,-0.550444,0.0161574,0.00101615,0.0369149
0.57109,-0.552046,0.0193703,0.00254939,0.0668271
0.571128,-0.553298,0.0163662,0.00116616,0.0369989
0.571113,-0.555009,0.0147391,0.00103646,0.0316043
0.571003,-0.556604,0.0179803,0.00287756,0.0614776
0.57103,-0.557591,0.0156131,0.0014148,0.0361668
0.570987,-0.559353,0.0143121,0.00125535,0.0313963
0.570858,-0.560949,0.0175964,0.00340433,0.0612235
0.570799,-0.563086,0.015395,0.00167095,0.0361016
0.570658,-0.564683,0.0187218,0.00402464,0.0658939
0.570512,-0.566269,0.0220891,0.00648261,0.095667
0.570561,-0.567297,0.0176759,0.00206435,0.040484
0.57051,-0.568967,0.0155035,0.00161445,0.0322955
0.570408,-0.570968,0.0142871,0.00163909,0.0304352
0.570236,-0.572567,0.0177062,0.00449937,0.0601274
0.570169,-0.574242,0.0154444,0.00221982,0.0358568
0.569986,-0.575827,0.0189161,0.00528258,0.0655032
0.569955,-0.57712,0.0160841,0.00239141,0.0366627
0.569832,-0.579014,0.0146348,0.00203191,0.0313965
0.56963,-0.5806,0.0181748,0.00539504,0.060969
0.569554,-0.582097,0.0156883,0.00260822,0.0359285
0.56934,-0.583679,0.0192886,0.00617154,0.0654476
0.569229,-0.585466,0.0162656,0.00277626,0.0365887
0.569003,-0.587052,0.0199262,0.00653798,0.0660514
0.568933,-0.58844,0.0165968,0.00290314,0.0366523
0.568694,-0.590028,0.0203193,0.00686294,0.0660556
0.568624,-0.59135,0.0167967,0.00303614,0.0366246
0.568373,-0.592932,0.0205824,0.00719316,0.0659654
0.568117,-0.594511,0.0244232,0.0114492,0.095273
0.568065,-0.595864,0.018605,0.00354483,0.0401892
0.567933,-0.59737,0.016102,0.00271191,0.0320182
0.567702,-0.599322,0.0147634,0.00270919,0.030141
0.567393,-0.601059,0.0187155,0.00735201,0.0593134
0.567135,-0.602469,0.0227056,0.0121066,0.0884443
0.566842,-0.60404,0.0267639,0.0169453,0.117542
0.566774,-0.605409,0.0193522,0.00430479,0.0421192
0.56655,-0.607285,0.0165255,0.00309462,0.0323285
0.566176,-0.609174,0.0206914,0.00821505,0.0613136
0.565921,-0.610428,0.0248756,0.0134611,0.0902475
0.565708,-0.612358,0.0187026,0.00432847,0.0394514
0.56538,-0.613921,0.0229766,0.00973841,0.0683137
0.565123,-0.615916,0.0180601,0.0040682,0.0366949
0.564782,-0.617481,0.0224142,0.00966606,0.065473
0.564691,-0.618523,0.0177985,0.00420276,0.0362362
0.564339,-0.620626,0.0157953,0.00353428,0.0309005
0.56398,-0.622186,0.0202656,0.00941306,0.0595468
0.563704,-0.623918,0.0167344,0.00449275,0.0352332
0.563333,-0.625474,0.0213016,0.0105565,0.0637875
0.563191,-0.62656,0.0171966,0.00469678,0.0358461
0.562808,-0.628113,0.0218617,0.0109449,0.0643052
0.562604,-0.629439,0.017468,0.00481338,0.035882
0.562208,-0.630992,0.0222325,0.011244,0.0642433
0.561808,-0.632538,0.0270693,0.0177639,0.092554
0.561399,-0.634091,0.0319804,0.0243719,0.120814
0.561146,-0.635863,0.0210165,0.00579442,0.0419156
0.560728,-0.637402,0.0260072,0.0125833,0.0700727
0.560301,-0.638952,0.0310742,0.0194586,0.0981768
0.560089,-0.640488,0.0210676,0.00552356,0.0398851
0.559651,-0.642028,0.0262186,0.0125777,0.0678825
0.559416,-0.643449,0.0195286,0.00512109,0.0362491
0.559062,-0.645095,0.0169119,0.00428718,0.0305732
0.558624,-0.64693,0.0155901,0.00435309,0.0291693
0.558163,-0.648468,0.0209261,0.0117595,0.0569452
0.557862,-0.64982,0.0170444,0.00571367,0.034355
0.55747,-0.651406,0.0155783,0.00484775,0.0299632
0.556991,-0.652937,0.0210863,0.0125119,0.0575649
0.556637,-0.654394,0.0170779,0.00599016,0.0343551
0.556127,-0.656302,0.0156285,0.00504238,0.0298762
0.55563,-0.657828,0.021316,0.0129602,0.0572976
0.555131,-0.659341,0.0270866,0.0209588,0.0846571
0.554623,-0.660859,0.0329418,0.0290366,0.111955
0.554218,-0.662618,0.0208427,0.00731165,0.0405615
0.553699,-0.664132,0.0268103,0.0155554,0.0677336
0.553278,-0.665823,0.0196333,0.00622466,0.0357906
0.552745,-0.66734,0.0257236,0.0146316,0.0628346
0.552263,-0.669136,0.0192456,0.00628841,0.0349997
0.551723,-0.670637,0.0254625,0.0148568,0.0619127
0.551175,-0.67214,0.0317681,0.0235005,0.0887595
0.55076,-0.673759,0.0209752,0.00716278,0.0381771
0.550199,-0.675262,0.0274028,0.0159658,0.0648897
0.549634,-0.676757,0.0339204,0.0248429,0.0915338
0.549519,-0.677513,0.0217503,0.00725713,0.0384108
0.548962,-0.679293,0.0182675,0.00544323,0.0304706
0.548381,-0.680784,0.0249385,0.0145393,0.0569241
0.54779,-0.682284,0.0316845,0.0236867,0.0833257
0.547481,-0.683449,0.0209243,0.00757376,0.0373149
0.546885,-0.684938,0.0277659,0.0168358,0.0636107
0.546458,-0.686337,0.0200528,0.00697064,0.0347602
0.545858,-0.687819,0.0269777,0.0163258,0.0609674
0.545278,-0.689564,0.0197618,0.00703126,0.0343049
0.544675,-0.691036,0.0267543,0.0164594,0.0604414
0.543941,-0.693129,0.0196525,0.00713537,0.0341721
0.543347,-0.694564,0.0267131,0.0166372,0.0602363
0.542732,-0.696039,0.0338324,0.026167,0.0862672
0.542232,-0.697554,0.0215382,0.00797682,0.0374474
0.541611,-0.699028,0.0287191,0.0175809,0.0634052
0.540987,-0.700504,0.0359575,0.0272145,0.0893279
0.540295,-0.702437,0.0223002,0.00793476,0.0377838
0.539665,-0.703911,0.0295964,0.017644,0.0636316
0.539327,-0.704902,0.020841,0.0071751,0.034596
0.538786,-0.70629,0.0180495,0.00591015,0.0292591
0.538066,-0.70805,0.0167743,0.00591421,0.0278842
0.537426,-0.709515,0.0241913,0.0157757,0.0535779
0.536826,-0.710973,0.0185898,0.00763327,0.0327375
0.536179,-0.712438,0.0260907,0.0175633,0.0583548
0.535689,-0.713618,0.0192703,0.00778779,0.0334998
0.534966,-0.715292,0.0172422,0.006389,0.0288033
0.534312,-0.716751,0.0248555,0.0164272,0.0543022
0.533683,-0.718195,0.01886,0.00779816,0.0327642
0.533022,-0.719653,0.026559,0.0179043,0.0581844
0.532306,-0.721267,0.019478,0.00791367,0.0333792
0.53164,-0.722722,0.0272603,0.0180882,0.0587199
0.530972,-0.724174,0.0351014,0.0282896,0.0840234
0.530323,-0.725619,0.0217995,0.00869137,0.0367573
0.529651,-0.727065,0.0297146,0.0189652,0.0619779
0.529084,-0.728308,0.0208141,0.00779259,0.0339874
0.528406,-0.729752,0.0288073,0.0181363,0.0591256
0.527721,-0.731202,0.0368605,0.0285055,0.0842265
0.527194,-0.732345,0.0225133,0.00861397,0.0367553
0.526502,-0.733796,0.0306384,0.0190553,0.0617714
0.525627,-0.735649,0.0212418,0.00779722,0.0338998
0.524928,-0.737098,0.0294449,0.018308,0.0588313
0.524232,-0.738534,0.0377076,0.0288441,0.0837245
0.523442,-0.740181,0.0228173,0.00869132,0.0366135
0.52274,-0.741617,0.0311521,0.0192987,0.0614201
0.522217,-0.742691,0.0214643,0.00788964,0.033759
0.521507,-0.744127,0.0298784,0.018565,0.0584795
0.520866,-0.745423,0.0210265,0.00796678,0.033225
0.519921,-0.747317,0.0184072,0.00660221,0.0284071
0.519198,-0.748757,0.0269364,0.0173811,0.0529958
0.518483,-0.750175,0.0355253,0.0281842,0.0775451
0.51769,-0.751738,0.0220203,0.00914216,0.0355849
0.516968,-0.753153,0.0306915,0.0200113,0.060046
0.516242,-0.754572,0.0394238,0.0309027,0.0844684
0.51551,-0.755994,0.0482175,0.0418162,0.108852
0.514809,-0.757342,0.0249357,0.00957426,0.0387519
0.514071,-0.758762,0.0337965,0.0205603,0.0630424
0.513396,-0.76004,0.0224819,0.00804088,0.0338357
0.512684,-0.761383,0.0192452,0.00659257,0.0284342
0.511771,-0.763096,0.0178644,0.00661798,0.0269848
0.511021,-0.764512,0.0268721,0.017743,0.051089
0.510296,-0.765851,0.0198959,0.00857235,0.0315312
0.509542,-0.76726,0.0289985,0.019755,0.0555471
0.508785,-0.768669,0.0381631,0.0309582,0.0795231
0.508014,-0.770061,0.0226961,0.00962651,0.035492
0.507251,-0.771467,0.0319463,0.0208919,0.0593758
0.506256,-0.773253,0.0217139,0.00860182,0.0329312
0.505485,-0.774659,0.0310529,0.0199272,0.0567231
0.504712,-0.776064,0.0404544,0.0312722,0.0804746
0.504001,-0.7773,0.0235798,0.00945782,0.0356175
0.503224,-0.778697,0.0330635,0.0208662,0.0592737
0.502321,-0.780268,0.0222288,0.00853649,0.0328764
0.501537,-0.781664,0.0318002,0.0200045,0.0564386
0.500812,-0.782906,0.0218437,0.00858515,0.0323467
0.500022,-0.7843,0.0315057,0.0201107,0.0558152
0.499232,-0.785688,0.0412304,0.0316545,0.0792427
0.498741,-0.786495,0.0238328,0.00961045,0.0353102
0.497958,-0.787857,0.0336408,0.0212163,0.0586395
0.49696,-0.789538,0.0224668,0.00868404,0.032626
0.496155,-0.790925,0.0323655,0.0203454,0.0558609
0.495527,-0.791953,0.0220866,0.00873126,0.0321001
0.494722,-0.793328,0.0320773,0.0204481,0.0552391
0.493756,-0.794919,0.0219631,0.00884854,0.0319181
0.492941,-0.796297,0.0320481,0.0206187,0.0549617
0.492153,-0.797571,0.0219424,0.00893783,0.0318076
0.491087,-0.799309,0.0192589,0.00737231,0.0272937
0.490264,-0.800682,0.0294784,0.0192268,0.0501892
0.489191,-0.802405,0.0210785,0.00909727,0.0308148
0.488364,-0.803772,0.0313987,0.0210008,0.0536148
0.48747,-0.805177,0.0216351,0.00926107,0.0313662
0.486637,-0.806543,0.0320546,0.0212135,0.0540701
0.4858,-0.807907,0.0425381,0.0331807,0.0767321
0.485213,-0.808772,0.0241027,0.0101738,0.0345251
0.484277,-0.810222,0.0201999,0.00753875,0.0278318
0.483431,-0.811588,0.0307653,0.0195673,0.050387
0.482681,-0.812724,0.0216444,0.00911789,0.0307493
0.481657,-0.814303,0.019232,0.00762055,0.0267889
0.480809,-0.815663,0.0298681,0.0196903,0.0492657
0.479919,-0.817007,0.0212355,0.00934183,0.030424
0.479076,-0.818361,0.0318781,0.02141,0.0529002
0.478033,-0.819927,0.0218157,0.00943709,0.0310773
0.477281,-0.821134,0.0324546,0.0215108,0.053548
0.476433,-0.822493,0.0431184,0.033569,0.0760285
0.475544,-0.823773,0.0242455,0.0102814,0.0343375
0.474849,-0.824892,0.034838,0.0223301,0.0568574
0.474005,-0.826255,0.0454426,0.034349,0.0794094
0.473247,-0.82729,0.0249734,0.0100212,0.0349095
0.472041,-0.829082,0.0206105,0.00738371,0.0279776
0.471202,-0.830448,0.0311042,0.0193745,0.0506067
0.470367,-0.831812,0.0415657,0.0313312,0.0732898
0.469373,-0.833211,0.0240016,0.00997941,0.0341606
0.468541,-0.83458,0.0343676,0.0218939,0.0569305
0.467671,-0.835796,0.0227163,0.0090078,0.032065
0.466931,-0.837026,0.0329753,0.0208807,0.0549242
0.465997,-0.838351,0.0222846,0.00895192,0.0317571
0.465176,-0.839726,0.0324677,0.0207755,0.0547027
0.46406,-0.841342,0.0220727,0.00896914,0.0317354
0.463246,-0.842719,0.0321675,0.0207456,0.0547681
0.462447,-0.843821,0.0219353,0.00897025,0.0317714
0.461527,-0.845183,0.0191899,0.00735219,0.0273415
0.460719,-0.846566,0.0291465,0.0190624,0.0505
0.459975,-0.847616,0.0208725,0.00899433,0.0310087
0.459174,-0.848998,0.0307452,0.0206525,0.054256
0.458059,-0.850649,0.021297,0.00908067,0.0316982
0.457264,-0.852033,0.031086,0.0206878,0.0550323
0.456471,-0.853422,0.0408452,0.0322582,0.0784182
0.455679,-0.854813,0.050575,0.0437916,0.101856
0.454649,-0.856166,0.0253122,0.0103472,0.0374902
0.453863,-0.85756,0.0349458,0.0218413,0.0610035
0.453204,-0.858373,0.0228411,0.00855861,0.033127
0.452291,-0.859729,0.0195298,0.00693688,0.0279681
0.451511,-0.86113,0.0290218,0.0183678,0.0515967
0.450594,-0.862484,0.0208427,0.00861464,0.0314926
0.44982,-0.863885,0.0302528,0.0199919,0.0552059
0.448969,-0.865121,0.0211108,0.00876761,0.0321185
0.448204,-0.866518,0.0304381,0.0200915,0.0559155
0.447437,-0.867924,0.0397377,0.031377,0.079763
0.446428,-0.869363,0.0232307,0.00957624,0.0355092
0.445667,-0.870771,0.0324425,0.0208138,0.0594345
0.444647,-0.872273,0.0218968,0.00850558,0.0329985
0.443888,-0.873689,0.0310245,0.0196918,0.0570033
0.443136,-0.875099,0.0401238,0.0308391,0.0810579
0.442415,-0.876019,0.0234675,0.00927836,0.0358467
0.44167,-0.877429,0.0324773,0.0203782,0.0599771
0.440939,-0.878437,0.0219466,0.00829887,0.0332173
0.440059,-0.879823,0.0189436,0.00676424,0.028228
0.439111,-0.881385,0.0176494,0.00669953,0.0269319
0.438303,-0.882939,0.0264889,0.0176993,0.051214
0.437638,-0.884225,0.0352792,0.0286656,0.075544
0.436607,-0.885825,0.0218059,0.00945532,0.0351481
0.435875,-0.887252,0.0305292,0.0203646,0.0595545
0.435268,-0.888088,0.0210609,0.00844527,0.03317
0.434541,-0.889518,0.0297039,0.0192975,0.0576556
0.433664,-0.890874,0.0208457,0.00829114,0.0329259
0.432745,-0.892397,0.0182894,0.00677585,0.0282583
0.432028,-0.893827,0.0268065,0.0175485,0.0528563
0.431117,-0.895311,0.0197682,0.00827451,0.0321167
0.430404,-0.896745,0.028211,0.0189858,0.0567945
0.429736,-0.897756,0.0201832,0.00834365,0.0328134
0.429026,-0.899198,0.0285504,0.0189936,0.0575704
0.427869,-0.901151,0.0203247,0.00824925,0.0329993
0.426875,-0.902863,0.0179456,0.00672381,0.0283733
0.426175,-0.904304,0.0261921,0.0172905,0.0532405
0.425493,-0.905381,0.0194659,0.0081609,0.0322991
0.424799,-0.906823,0.0276396,0.0186637,0.0572451
0.424126,-0.907878,0.0199226,0.00820613,0.0330099
0.423105,-0.909703,0.017685,0.00668459,0.0284442
0.422419,-0.911148,0.0257406,0.0170996,0.0535011
0.421706,-0.912323,0.0192426,0.00807834,0.0324255
0.421023,-0.913776,0.0272273,0.0184277,0.0575602
0.420348,-0.91522,0.0351878,0.0287345,0.0827403
0.419486,-0.916595,0.0217311,0.00888522,0.0365041
0.418809,-0.918054,0.029614,0.0191327,0.0617561
0.418173,-0.919013,0.0207072,0.00783899,0.0339551
0.417235,-0.920703,0.0180365,0.00634138,0.0288607
0.416569,-0.92216,0.0257968,0.0165033,0.0542174
0.415905,-0.923622,0.0335348,0.0266214,0.0796188
0.414807,-0.925526,0.0213286,0.00859711,0.0362791
0.414148,-0.926989,0.0289905,0.0186547,0.0617507
0.413587,-0.927807,0.0204615,0.00769683,0.0340562
0.412794,-0.929236,0.0178598,0.00623352,0.0289775
0.411928,-0.93088,0.0166839,0.00612683,0.0277066
0.411278,-0.932351,0.0241854,0.0160675,0.0533145
0.410646,-0.933449,0.0185318,0.00774779,0.0326468
0.410007,-0.934911,0.025966,0.0176185,0.0583291
0.409334,-0.93608,0.0191612,0.00778032,0.0335272
0.4087,-0.937545,0.026527,0.0175821,0.0592825
0.407892,-0.939,0.0194233,0.00764626,0.0337453
0.407261,-0.94047,0.0267205,0.01738,0.059572
0.406469,-0.941892,0.0195321,0.00753163,0.033846
0.405844,-0.943366,0.0267602,0.0171975,0.0597432
0.404753,-0.945451,0.0195648,0.00744352,0.0339185
0.404133,-0.946927,0.0267245,0.017042,0.0598848
0.403396,-0.948228,0.0195584,0.00737204,0.0339805
0.402782,-0.949702,0.026649,0.0169022,0.0600161
0.401831,-0.951502,0.0195299,0.00730951,0.0340379
0.401222,-0.952981,0.0265528,0.0167715,0.0601415
0.400573,-0.954106,0.0194907,0.00725179,0.0340925
0.399969,-0.955588,0.0264456,0.0166445,0.0602642
0.399405,-0.956543,0.0194458,0.00719599,0.0341458
0.398604,-0.95816,0.0171765,0.00587596,0.0292898
0.398007,-0.959647,0.0240217,0.0151697,0.0555596
0.397286,-0.961045,0.0184515,0.00715087,0.0333938
0.396695,-0.962532,0.0252334,0.0163713,0.0597322
0.396108,-0.964018,0.0319971,0.025545,0.0861105
0.395463,-0.965122,0.0207741,0.0078829,0.0375497
0.394878,-0.96662,0.027467,0.0169886,0.0639922
0.393979,-0.968378,0.0198358,0.00695257,0.0348721
0.393403,-0.969868,0.0264599,0.0159894,0.0613786
0.392609,-0.971404,0.0194819,0.006842,0.0345078
0.392037,-0.972899,0.0260401,0.015808,0.0610785
0.391419,-0.974031,0.0192953,0.00681489,0.0344833
0.390771,-0.975363,0.0170152,0.00557497,0.029554
0.389938,-0.977214,0.0159218,0.00547609,0.0283434
0.389376,-0.978715,0.0223366,0.014307,0.0550368
0.388537,-0.980528,0.017634,0.00690029,0.0334826
0.387981,-0.98203,0.0239917,0.015654,0.0602414
0.387388,-0.983195,0.0182841,0.00691106,0.0343716
0.3866,-0.984954,0.0164043,0.00560739,0.0295745
0.386052,-0.98646,0.0226644,0.0142527,0.0564261
0.38549,-0.987595,0.0177792,0.00673157,0.0338072
0.384948,-0.9891,0.0239818,0.0152985,0.0607232
0.38435,-0.990319,0.0182988,0.00672551,0.0345376
0.383812,-0.99183,0.0244425,0.0152151,0.0615165
0.38328,-0.993334,0.0305712,0.023656,0.0885318
0.382446,-0.995055,0.0203685,0.00723366,0.0381766
0.381918,-0.996564,0.0264305,0.0156034,0.0652502
0.381202,-0.998027,0.019424,0.00637137,0.0353712
0.380525,-0.999536,0.0169721,0.00515165,0.0299964
0.380006,-1.00105,0.0229304,0.0134163,0.0571553
0.379402,-1.00234,0.0179558,0.0062937,0.0341212
0.37874,-1.0043,0.023861,0.0144243,0.0613777
0.378102,-1.00565,0.0182606,0.006313,0.0348339
0.377599,-1.00717,0.0240416,0.0143346,0.0621771
0.377099,-1.0087,0.0297943,0.0222845,0.0895705
0.376672,-1.00936,0.0201645,0.00678232,0.0385097
0.375886,-1.01127,0.0172099,0.00494455,0.0308626
0.375494,-1.01252,0.0227332,0.012648,0.0584381
0.374843,-1.01403,0.0178615,0.00584675,0.0345426
0.374372,-1.01556,0.0233015,0.0133909,0.0622253
0.373646,-1.01729,0.0180444,0.00583006,0.0351851
0.373054,-1.01927,0.0234099,0.013193,0.0629844
0.372684,-1.01989,0.0180768,0.00568472,0.0353651
0.372237,-1.02142,0.0232954,0.0128872,0.0632718
0.371513,-1.0232,0.0180585,0.00554442,0.0354634
0.371007,-1.025,0.0231912,0.0125685,0.0634794
0.370531,-1.02598,0.0180081,0.00540046,0.0355523
0.370109,-1.02752,0.023014,0.0122561,0.0636719
0.369443,-1.02918,0.0179469,0.00526565,0.0356326
0.369032,-1.03072,0.0228517,0.0119462,0.0638542
0.368453,-1.03212,0.0178785,0.00512993,0.0357113
0.368052,-1.03367,0.022684,0.0116339,0.0640323
0.367628,-1.03534,0.0274699,0.0180351,0.0924072
0.367271,-1.03677,0.0321984,0.0243348,0.120837
0.366654,-1.03795,0.0210631,0.0056808,0.0419722
0.365941,-1.03991,0.0174595,0.00385242,0.0320624
0.36557,-1.04147,0.0220286,0.00990973,0.0606196
0.365203,-1.04304,0.0265714,0.0158655,0.0892263
0.364612,-1.0444,0.0192913,0.00497056,0.0391549
0.364259,-1.04596,0.0237359,0.0107501,0.0678478
0.363778,-1.04707,0.0183489,0.00436961,0.0365513
0.363173,-1.04895,0.0160495,0.0034956,0.0309976
0.362836,-1.05052,0.0203504,0.00900926,0.0598147
0.362309,-1.05207,0.0167463,0.00419509,0.0353795
0.361985,-1.05364,0.0209687,0.00952137,0.064279
0.361508,-1.055,0.0170151,0.0041364,0.0361066
0.361167,-1.05672,0.0211728,0.00927286,0.0650856
0.360656,-1.05826,0.0171288,0.00397744,0.036271
0.360388,-1.05967,0.0211828,0.00891997,0.0653295
0.359935,-1.06103,0.0171606,0.00381754,0.0363476
0.359698,-1.06233,0.0211308,0.00856523,0.0654816
0.359173,-1.06408,0.0171324,0.00366512,0.036408
0.358686,-1.0659,0.0152902,0.0029318,0.0311468
0.358415,-1.06748,0.0191725,0.00741281,0.060378
0.358068,-1.06855,0.0161575,0.00345373,0.035671
0.357809,-1.07013,0.0199788,0.00773959,0.0649694
0.357258,-1.07226,0.0165564,0.00335596,0.0364099
0.357012,-1.07384,0.0203174,0.00744849,0.0657716
0.356771,-1.07543,0.0240676,0.0114349,0.0951662
0.356537,-1.07701,0.0278075,0.015315,0.124593
0.355973,-1.0787,0.0199269,0.00357367,0.0428629
0.355749,-1.0803,0.023593,0.00726858,0.0723444
0.355255,-1.08198,0.0183913,0.00279087,0.0375708
0.355044,-1.08356,0.0219931,0.00629512,0.0671056
0.354576,-1.08535,0.0176415,0.00262055,0.0368594
0.354376,-1.08695,0.0211882,0.00593096,0.0664452
0.353985,-1.0884,0.0172421,0.00250253,0.0367851
0.353788,-1.09008,0.0207454,0.00561528,0.0664194
0.353514,-1.09086,0.0170157,0.00237298,0.0368039
0.35313,-1.09286,0.015136,0.0018759,0.0314594
0.352961,-1.09445,0.0185508,0.00469736,0.06116
0.352646,-1.09589,0.0158829,0.00216692,0.036034
0.352489,-1.09749,0.0192614,0.00478667,0.0657762
0.352175,-1.09894,0.0162569,0.00205256,0.0367584
0.352032,-1.10052,0.0195989,0.00447073,0.066539
0.351722,-1.10201,0.0164437,0.0018893,0.0368911
0.351424,-1.1038,0.0147853,0.00146504,0.0315405
0.351299,-1.10538,0.0180658,0.00358448,0.0613724
0.351073,-1.10641,0.0156352,0.00164199,0.036133
0.350773,-1.10858,0.0143097,0.00129035,0.0313911
0.350665,-1.11018,0.017544,0.00310913,0.0612676
0.350377,-1.11211,0.0153527,0.00142353,0.0361385
0.350281,-1.11371,0.018568,0.00303785,0.0660412
0.35006,-1.11484,0.0159153,0.00128438,0.0368792
0.349976,-1.11643,0.0191106,0.00269337,0.0668052
0.349734,-1.11794,0.0162128,0.00111597,0.0370039
0.349662,-1.11954,0.0193913,0.00232142,0.0669497
0.34941,-1.12132,0.0163677,0.000950605,0.0370354
0.3492,-1.12317,0.0147171,0.000696044,0.0316424
0.349146,-1.12477,0.0178617,0.00159913,0.061612
0.348966,-1.12602,0.0155464,0.000701936,0.0362404
0.348787,-1.12797,0.0142382,0.000506917,0.0314733
0.348752,-1.12957,0.0173624,0.00110391,0.06146
0.348723,-1.13117,0.0205038,0.00159255,0.0914511
0.3487,-1.13277,0.0236639,0.0019732,0.121446
0.348489,-1.13355,0.0185345,0.00044043,0.0429695
0.348319,-1.13547,0.0159222,0.000205217,0.0329249
0.348185,-1.13751,0.0144612,0.000105742,0.0307135
0.348187,-1.139,0.0175658,7.88195e-05,0.0607135
0.348062,-1.14041,0.0153904,-1.42935e-05,0.0361135
0.348075,-1.14201,0.0185109,-0.000241032,0.0661116
0.347953,-1.14355,0.0159116,-0.000162466,0.0369384
0.347979,-1.14515,0.0190408,-0.00059631,0.0669314
0.347866,-1.14643,0.0161975,-0.000317496,0.0370561
0.347904,-1.14803,0.019337,-0.000957488,0.0670409
0.347804,-1.14964,0.0163558,-0.000473762,0.0370679
0.347854,-1.15124,0.0195079,-0.00131969,0.0670412
0.347764,-1.15274,0.016446,-0.000630378,0.037062
0.347827,-1.15434,0.0196134,-0.00168227,0.0670208
0.347743,-1.15548,0.0165007,-0.000787253,0.0370515
0.347818,-1.15709,0.0196862,-0.00204556,0.0669925
0.347751,-1.15841,0.0165372,-0.000944534,0.0370383
0.347839,-1.16,0.0197437,-0.00240871,0.0669583
0.347796,-1.1617,0.0165654,-0.00110168,0.0370226
0.347896,-1.16329,0.0197959,-0.00277115,0.0669184
0.347873,-1.16515,0.0165902,-0.00125855,0.0370044
0.347985,-1.16674,0.0198481,-0.00313289,0.066873
0.347978,-1.16862,0.0166142,-0.00141519,0.0369839
0.348102,-1.17022,0.0199031,-0.0034937,0.0668221
0.348107,-1.17205,0.0166394,-0.00157155,0.0369609
0.348243,-1.17365,0.0199613,-0.00385433,0.0667656
0.348225,-1.17489,0.0166653,-0.00172763,0.0369355
0.348373,-1.17649,0.0200239,-0.0042139,0.0667035
0.348416,-1.17835,0.0166936,-0.00188334,0.0369077
0.348498,-1.18022,0.0149588,-0.00162639,0.0315133
0.348665,-1.18181,0.0183662,-0.00441601,0.0612207
0.348689,-1.18299,0.0158087,-0.00214033,0.0360403
0.348868,-1.18458,0.0192664,-0.00513351,0.0657028
0.349053,-1.18618,0.0227649,-0.00820289,0.0953473
0.349101,-1.18782,0.0179466,-0.00258019,0.0403794
0.349296,-1.18942,0.0214734,-0.00579847,0.0699882
0.349354,-1.19092,0.0174075,-0.00242705,0.0373021
0.3495,-1.19285,0.0153915,-0.00203757,0.0315321
0.34966,-1.1947,0.014259,-0.00206004,0.0301775
0.349869,-1.19629,0.0178221,-0.00552441,0.0597235
0.349928,-1.19731,0.0154859,-0.00269552,0.0357171
0.350122,-1.19923,0.0142979,-0.00228385,0.0311402
0.350339,-1.20082,0.0179013,-0.00589587,0.060646
0.350458,-1.20215,0.0155187,-0.00283139,0.0358418
0.35068,-1.20372,0.0191578,-0.00654241,0.0653193
0.350906,-1.20531,0.0228335,-0.0103019,0.0947824
0.351135,-1.20689,0.0265462,-0.0141099,0.124231
0.351344,-1.20904,0.0194525,-0.00340951,0.0428644
0.351579,-1.21062,0.0231776,-0.0073168,0.0722834
0.351664,-1.21168,0.0182143,-0.00291321,0.0375317
0.351857,-1.21329,0.015874,-0.00240593,0.0315045
0.352101,-1.21487,0.0196206,-0.0064638,0.0608773
0.352281,-1.21633,0.016449,-0.00306398,0.0358219
0.35253,-1.2179,0.0202303,-0.00722106,0.0651627
0.352784,-1.21948,0.0240502,-0.0114256,0.0944875
0.352916,-1.22063,0.0184158,-0.00354712,0.0401105
0.353182,-1.22248,0.0159871,-0.00267003,0.0320178
0.353427,-1.22395,0.0198257,-0.00703102,0.0612908
0.353741,-1.22581,0.0237368,-0.01143,0.0905491
0.353965,-1.22739,0.0182513,-0.00369093,0.0396498
0.354237,-1.22897,0.0221627,-0.00819448,0.0688724
0.354393,-1.23004,0.0176903,-0.00341119,0.0369513
0.354685,-1.23184,0.0156237,-0.00281968,0.0312807
0.354967,-1.23341,0.0195719,-0.00747454,0.0604489
0.355251,-1.23499,0.0235602,-0.012176,0.0895992
0.355539,-1.23656,0.0275888,-0.0169241,0.118731
0.355876,-1.23858,0.0197264,-0.00420834,0.0422396
0.35617,-1.24015,0.023776,-0.00905783,0.0713334
0.356468,-1.24173,0.0278674,-0.0139533,0.100408
0.356739,-1.24329,0.0200512,-0.00398406,0.0406017
0.35704,-1.24485,0.0241608,-0.00898211,0.0696369
0.357246,-1.246,0.0186552,-0.00365503,0.0369858
0.357654,-1.24812,0.016198,-0.00304327,0.0312128
0.357967,-1.24969,0.0203439,-0.00819325,0.0601869
0.358282,-1.25128,0.016798,-0.00387836,0.0355136
0.358602,-1.25286,0.0209886,-0.00912658,0.0644464
0.358924,-1.25443,0.0252214,-0.0144202,0.0933589
0.359141,-1.25548,0.018788,-0.00446811,0.0397626
0.35947,-1.25705,0.0162567,-0.00335363,0.0317561
0.359804,-1.25863,0.0205302,-0.00879944,0.0606033
0.360118,-1.26008,0.0168751,-0.00412425,0.0355139
0.360566,-1.26213,0.0152555,-0.00347865,0.0307715
0.360871,-1.26353,0.0195791,-0.00908115,0.0595491
0.361192,-1.26495,0.0163598,-0.0043316,0.0352962
0.361648,-1.26696,0.0149623,-0.00363964,0.030681
0.361998,-1.26852,0.0193603,-0.00938244,0.0593928
0.362358,-1.27011,0.0238048,-0.0151687,0.0880827
0.362747,-1.27173,0.0180389,-0.00498566,0.0390398
0.363106,-1.27329,0.0225255,-0.0108708,0.0676823
0.36347,-1.27485,0.0270573,-0.0167993,0.0963023
0.363818,-1.27622,0.0194726,-0.00499122,0.0399152
0.364187,-1.27778,0.0240407,-0.0110201,0.068486
0.364524,-1.27908,0.0185223,-0.00451456,0.0365836
0.3649,-1.28064,0.0231343,-0.0106417,0.0651049
0.365385,-1.28252,0.018116,-0.00458418,0.0360612
0.365766,-1.28407,0.0227746,-0.0108092,0.064532
0.36615,-1.28562,0.0274792,-0.0170766,0.0929792
0.366413,-1.28653,0.0196479,-0.00520218,0.039484
0.366804,-1.28808,0.0243923,-0.0115687,0.067879
0.3672,-1.28964,0.0291833,-0.0179773,0.0962498
0.367596,-1.29119,0.0340199,-0.0244283,0.124596
0.368224,-1.29343,0.0218698,-0.00553743,0.0422879
0.368717,-1.29518,0.0179501,-0.00389385,0.0320699
0.369124,-1.29673,0.0228171,-0.0105025,0.0603321
0.369467,-1.29788,0.018018,-0.00484693,0.0352093
0.369992,-1.29972,0.016021,-0.00411614,0.0304454
0.370407,-1.30126,0.0209569,-0.0108719,0.0586245
0.370841,-1.30271,0.0170476,-0.00517042,0.0348508
0.371264,-1.30425,0.0220441,-0.0120193,0.0629747
0.371803,-1.30603,0.0175079,-0.00531853,0.0355047
0.372232,-1.30757,0.0225637,-0.0122614,0.0635723
0.372554,-1.30854,0.0177591,-0.00536171,0.0355748
0.372991,-1.31008,0.0228741,-0.0123984,0.0635851
0.373521,-1.31175,0.0179115,-0.00540809,0.0355535
0.373972,-1.31332,0.0230879,-0.0125378,0.0635057
0.374374,-1.31451,0.0180141,-0.00546478,0.0355153
0.374822,-1.31604,0.0232472,-0.0126888,0.0634083
0.375449,-1.31795,0.0180898,-0.00552773,0.035473
0.375905,-1.31949,0.0233838,-0.0128451,0.0633058
0.37636,-1.32102,0.0287266,-0.020202,0.0911107
0.376882,-1.32246,0.0199387,-0.00618036,0.0389222
0.377433,-1.32407,0.0170747,-0.00462029,0.0310812
0.378043,-1.32588,0.0156916,-0.00452291,0.0292328
0.378515,-1.32742,0.021127,-0.0120782,0.056909
0.378951,-1.32861,0.0171097,-0.00583682,0.0343019
0.379427,-1.33014,0.0226138,-0.013482,0.0619159
0.379906,-1.33166,0.0281686,-0.0211651,0.0895011
0.380569,-1.33346,0.0195786,-0.00659452,0.0385918
0.381056,-1.33498,0.0251925,-0.0143717,0.0661114
0.381733,-1.33679,0.018929,-0.00593235,0.0357059
0.382228,-1.33832,0.0246063,-0.0138022,0.0631595
0.382844,-1.3399,0.0187177,-0.0059517,0.0352349
0.383341,-1.34142,0.0244592,-0.0139138,0.0626216
0.383844,-1.34294,0.0302529,-0.0219124,0.0899786
0.384272,-1.34388,0.0204569,-0.00667902,0.0385679
0.384851,-1.34535,0.0174337,-0.00499621,0.0308094
0.385363,-1.34687,0.0233044,-0.0131412,0.05806
0.385819,-1.34795,0.0181876,-0.0061366,0.0343197
0.386482,-1.34988,0.0241638,-0.0143585,0.0615058
0.386951,-1.35096,0.018468,-0.00632903,0.0348166
0.387476,-1.35247,0.0244803,-0.014651,0.0619294
0.388089,-1.35393,0.0186174,-0.00638976,0.0348541
0.388836,-1.35579,0.0165764,-0.00527234,0.0298266
0.389369,-1.3573,0.0226861,-0.0137326,0.0568306
0.389936,-1.35861,0.017865,-0.00651021,0.0339604
0.390381,-1.35985,0.0240394,-0.0150696,0.0608854
0.391157,-1.36169,0.018379,-0.00666045,0.0345748
0.391701,-1.36319,0.0246399,-0.0152933,0.0614354
0.392334,-1.3646,0.0186604,-0.00668054,0.0346394
0.392888,-1.3661,0.0249973,-0.0153993,0.061427
0.39351,-1.36746,0.0188341,-0.00670962,0.034612
0.39407,-1.36896,0.025246,-0.0155145,0.0613253
0.394632,-1.37046,0.0317124,-0.0243528,0.088006
0.395356,-1.37196,0.0208326,-0.00745081,0.0379704
0.395925,-1.37345,0.0273669,-0.0163794,0.0645731
0.396558,-1.37473,0.0198696,-0.00672833,0.0350534
0.397286,-1.37633,0.017365,-0.00552123,0.0296745
0.397866,-1.37782,0.0239999,-0.0145864,0.0561574
0.398769,-1.37979,0.0185045,-0.00689158,0.0336112
0.399354,-1.38127,0.0252206,-0.0160402,0.0600166
0.399942,-1.38276,0.0319926,-0.0252205,0.0863882
0.400587,-1.38439,0.0388345,-0.0344271,0.112728
0.401128,-1.38574,0.0457082,-0.0436796,0.139026
0.401923,-1.38709,0.0240724,-0.00844459,0.0420362
0.40258,-1.38871,0.0310259,-0.0177809,0.068254
0.403131,-1.39006,0.0380133,-0.0271621,0.0944296
0.40411,-1.39185,0.0231381,-0.00746436,0.0385523
0.404724,-1.39334,0.0301976,-0.0169319,0.0646451
0.405469,-1.39466,0.0211556,-0.0068126,0.0349171
0.406082,-1.39613,0.0282868,-0.0163685,0.0609241
0.406702,-1.3976,0.0354754,-0.0259538,0.0868963
0.40742,-1.39879,0.0222647,-0.00776588,0.0375725
0.408253,-1.40039,0.0186493,-0.00584145,0.0300148
0.408883,-1.40186,0.0259365,-0.0155658,0.0558514
0.409704,-1.40376,0.0333217,-0.0253022,0.0816596
0.410058,-1.40415,0.0214276,-0.00809041,0.0367984
0.410697,-1.40561,0.0288501,-0.0179277,0.0625122
0.411751,-1.40758,0.0204905,-0.00741018,0.034317
0.412398,-1.40904,0.0279958,-0.0173289,0.0599435
0.413046,-1.41051,0.0355591,-0.027276,0.0855336
0.414028,-1.41218,0.0221331,-0.00824478,0.037163
0.414684,-1.41364,0.0297747,-0.0182768,0.0626617
0.415579,-1.41516,0.0208923,-0.00748143,0.0342648
0.416242,-1.41662,0.0286175,-0.0175946,0.0596732
0.417003,-1.41785,0.0204822,-0.00755643,0.0337352
0.417672,-1.41931,0.0282939,-0.0177481,0.0590539
0.418251,-1.42017,0.0203393,-0.0076819,0.0335709
0.419013,-1.42148,0.0179098,-0.00637287,0.0287236
0.419689,-1.42292,0.0258861,-0.016721,0.0538614
0.420399,-1.42408,0.0193922,-0.00792373,0.0325437
0.421087,-1.42553,0.0275042,-0.0183769,0.0575515
0.421782,-1.42697,0.0356972,-0.028872,0.0825005
0.422658,-1.42832,0.021994,-0.00895103,0.036383
0.423713,-1.43012,0.01872,-0.0066752,0.0292046
0.424306,-1.43131,0.0271638,-0.0174088,0.0538599
0.425138,-1.43264,0.0199892,-0.00814374,0.0323405
0.425862,-1.43406,0.0286159,-0.0189913,0.0568351
0.426737,-1.43543,0.0204488,-0.00837048,0.0327413
0.427494,-1.43689,0.0292626,-0.0193465,0.0570549
0.42834,-1.43818,0.020718,-0.00844703,0.0327024
0.429088,-1.43959,0.0297135,-0.0195515,0.0568317
0.429818,-1.44065,0.0209213,-0.00851813,0.032589
0.430825,-1.44226,0.0185047,-0.00703146,0.0279159
0.43159,-1.44367,0.0277735,-0.0183274,0.051761
0.397831,-1.38361,0.0158617,-0.00133866,0.0185472
0.375574,-1.34793,0.0195455,-0.00165608,0.0209135
0.384532,-1.36287,0.0161951,-0.000385552,0.0160261
0.387546,-1.3682,0.0150117,-0.000811848,0.0151163
0.37081,-1.34239,0.018964,-0.00207776,0.019688
0.383689,-1.36238,0.0158244,-0.000703533,0.0156782
0.368855,-1.3395,0.0196265,-0.00177121,0.0199733
0.383666,-1.36235,0.0161627,-0.000504468,0.0158111
0.368848,-1.33948,0.019963,-0.00156828,0.0200989
0.361709,-1.32825,0.0224658,-0.000739093,0.0215982
0.358678,-1.32321,0.0246871,0.000486494,0.0225355
0.381632,-1.35857,0.0185323,0.000895235,0.0168058
0.410466,-1.40368,0.0193526,-0.00478671,0.0228601
0.411368,-1.40501,0.030845,-0.0173138,0.044381
0.412265,-1.40633,0.0424385,-0.0298808,0.065801
0.413173,-1.40765,0.0541323,-0.0424863,0.0871208
0.414086,-1.40896,0.0659275,-0.0551298,0.10834
0.415003,-1.41027,0.0778242,-0.0678104,0.129457
0.44331,-1.45475,0.0297513,-0.0115732,0.0384678
0.444324,-1.45617,0.0418428,-0.0243253,0.0593873
0.449792,-1.46592,0.0254573,-0.0091451,0.0319003
0.450729,-1.46721,0.0377483,-0.0219667,0.0526172
0.45309,-1.47175,0.0243711,-0.00931189,0.0305457
0.454038,-1.47304,0.0368645,-0.0221989,0.0510592
0.45526,-1.47555,0.0240293,-0.00960819,0.0300509
0.456218,-1.47683,0.0367276,-0.0225575,0.0503591
0.45702,-1.47847,0.023949,-0.00981211,0.0297568
0.457978,-1.48009,0.020919,-0.00811873,0.0255429
0.458952,-1.48136,0.0339275,-0.0211554,0.0455405
0.459929,-1.48262,0.0470412,-0.0342191,0.0654342
0.461154,-1.48448,0.0256649,-0.0111851,0.031567
0.462146,-1.48574,0.0389873,-0.024301,0.0512522
0.463109,-1.48713,0.0246022,-0.01013,0.029585
0.464108,-1.48838,0.0381348,-0.0232948,0.0490605
0.464899,-1.48947,0.0245008,-0.0100839,0.029105
0.465967,-1.49083,0.0213889,-0.00829948,0.0249965
0.466985,-1.49208,0.0352379,-0.0215316,0.0441557
0.467613,-1.49286,0.0237734,-0.0102273,0.0278941
0.468981,-1.49451,0.0211509,-0.00854475,0.024426
0.470009,-1.49573,0.0353189,-0.0218364,0.043267
0.47104,-1.49695,0.0495945,-0.0351453,0.0620025
0.471627,-1.49761,0.0264404,-0.0115666,0.0304149
0.472899,-1.49906,0.0221983,-0.00864357,0.0249771
0.473948,-1.50027,0.0367937,-0.0220022,0.0433927
0.475001,-1.50147,0.0514976,-0.0353745,0.0617023
0.476061,-1.50267,0.06631,-0.0487595,0.0799059
0.477486,-1.50421,0.0291727,-0.012127,0.0324451
0.478556,-1.50541,0.0441992,-0.0255379,0.0504338
0.479628,-1.50659,0.0593348,-0.0389588,0.0683162
0.480658,-1.50764,0.02891,-0.0111489,0.0313601
0.481742,-1.50882,0.0442601,-0.0245907,0.0490267
0.482704,-1.50978,0.0267557,-0.00998995,0.0285591
0.483763,-1.51092,0.0423242,-0.0234491,0.0460067
0.484859,-1.51208,0.0579992,-0.0369134,0.0633515
0.486159,-1.51337,0.0288927,-0.0111477,0.0303987
0.48733,-1.51453,0.0236893,-0.00831529,0.0246158
0.48844,-1.51568,0.0396871,-0.0217972,0.0416348
0.489556,-1.51683,0.0557946,-0.0352811,0.0585475
0.490311,-1.51751,0.0285431,-0.0113334,0.0293198
0.491848,-1.51901,0.0236565,-0.00850933,0.0240506
0.493197,-1.52036,0.0400893,-0.0219981,0.0406398
0.494111,-1.52127,0.056649,-0.035489,0.057098
0.495319,-1.52238,0.0287849,-0.0114538,0.0288255
0.496461,-1.52351,0.045542,-0.0249407,0.0450901
0.497425,-1.52437,0.0273418,-0.0103492,0.0270294
0.498737,-1.52557,0.0235651,-0.00842335,0.0231274
0.500097,-1.52682,0.0224233,-0.00830728,0.0218243
0.501259,-1.52792,0.0396119,-0.0217806,0.037655
0.502428,-1.52902,0.0569105,-0.0352458,0.05338
0.503213,-1.52968,0.0289481,-0.0117228,0.0276675
0.504619,-1.53092,0.024118,-0.00875568,0.0229682
0.505797,-1.532,0.0417397,-0.0221989,0.0383685
0.506788,-1.53284,0.0267597,-0.0104199,0.0250612
0.507973,-1.53391,0.0445979,-0.0238427,0.0402468
0.509191,-1.53494,0.0274246,-0.0105222,0.0253859
0.510384,-1.536,0.0454789,-0.0239212,0.0403568
0.511446,-1.53687,0.0277317,-0.0104473,0.0253739
0.512673,-1.53794,0.0460017,-0.0238189,0.0401309
0.514151,-1.53916,0.0279554,-0.0103781,0.0252748
0.515344,-1.54019,0.0464411,-0.0237197,0.0398161
0.516586,-1.54117,0.0281486,-0.0103265,0.0251437
0.517805,-1.54221,0.0468473,-0.0236342,0.0394733
0.518846,-1.54301,0.0283281,-0.0102847,0.0249979
0.520077,-1.54404,0.0472406,-0.0235552,0.0391146
0.521305,-1.54506,0.0662617,-0.0368034,0.0531281
0.522526,-1.54597,0.031358,-0.0112793,0.0272205
0.523766,-1.54698,0.0505906,-0.0244864,0.0410209
0.524893,-1.54782,0.029378,-0.0100549,0.0253175
0.526408,-1.54897,0.0251745,-0.0081748,0.0216829
0.527661,-1.54997,0.0447236,-0.0213142,0.0351633
0.529034,-1.55099,0.0282711,-0.0100633,0.0236415
0.530291,-1.55197,0.048032,-0.0231513,0.0369121
0.531552,-1.55295,0.0678995,-0.03621,0.050082
0.532699,-1.55375,0.031916,-0.0112286,0.0262783
0.533977,-1.55473,0.0519923,-0.0242324,0.0392383
0.534965,-1.5554,0.0299568,-0.0099711,0.0245758
0.536356,-1.5564,0.0256638,-0.00808467,0.0211078
0.537637,-1.55735,0.0460513,-0.0210007,0.0337528
0.539163,-1.55842,0.028897,-0.00991394,0.0229732
0.540684,-1.55948,0.0254047,-0.00825435,0.0202997
0.541982,-1.56042,0.0461023,-0.0210735,0.0326344
0.543327,-1.56139,0.0669053,-0.0338548,0.0448718
0.544388,-1.56208,0.0321486,-0.011092,0.0248149
0.545691,-1.563,0.053156,-0.0238036,0.0368462
0.546623,-1.56359,0.0305006,-0.00989158,0.0235891
0.548176,-1.56462,0.0261628,-0.00798943,0.0203846
0.549834,-1.56572,0.0250048,-0.00782308,0.019167
0.551156,-1.56662,0.0464169,-0.0203862,0.0307887
0.55223,-1.5673,0.0293221,-0.00986655,0.0216412
0.553827,-1.56833,0.0258994,-0.00818871,0.0193505
0.555158,-1.56922,0.0476134,-0.0206295,0.0306716
0.556524,-1.57007,0.029678,-0.00982722,0.0214858
0.557867,-1.57095,0.0515925,-0.0221812,0.0326099
0.559204,-1.57182,0.0736081,-0.0344882,0.04364
0.560547,-1.57268,0.095724,-0.0467475,0.0545776
0.561461,-1.57319,0.036036,-0.0112649,0.0260017
0.562824,-1.57405,0.0583469,-0.0234348,0.0367399
0.564058,-1.57476,0.03209,-0.00924081,0.0234163
0.565422,-1.57561,0.0545951,-0.0213171,0.033958
0.566839,-1.57643,0.0315538,-0.00908314,0.0226207
0.568105,-1.5772,0.0542581,-0.02106,0.0329592
0.56968,-1.57811,0.0315444,-0.00909371,0.0222159
0.571505,-1.57916,0.027175,-0.00745253,0.0193352
0.572903,-1.57999,0.0501593,-0.0192807,0.0293935
0.574518,-1.5809,0.03086,-0.00910531,0.0209257
0.575851,-1.58168,0.0540422,-0.0208229,0.030787
0.577323,-1.58253,0.0773128,-0.0324859,0.0405736
0.578744,-1.58329,0.034834,-0.010062,0.0233311
0.580565,-1.58429,0.0282155,-0.00739321,0.0195414
0.582409,-1.58532,0.0517669,-0.0188875,0.0290534
0.58349,-1.58589,0.0314481,-0.00879302,0.0207254
0.585112,-1.58678,0.0551823,-0.020175,0.0300498
0.586363,-1.58743,0.0320977,-0.00885077,0.0209337
0.587945,-1.58828,0.0560136,-0.0201154,0.0300771
0.589533,-1.58913,0.080022,-0.0313159,0.0391394
0.591124,-1.58998,0.104122,-0.0424514,0.0481212
0.592959,-1.59091,0.0380297,-0.0100442,0.0246506
0.594109,-1.5915,0.0623262,-0.0210515,0.0334072
0.595871,-1.59238,0.0336582,-0.00825433,0.0221624
0.597845,-1.59337,0.0284407,-0.00665635,0.0189398
0.599453,-1.59418,0.0529774,-0.017488,0.0274643
0.601048,-1.59496,0.0321539,-0.00820195,0.0200497
0.602664,-1.59575,0.0568642,-0.0189025,0.0284036
0.604308,-1.59656,0.0816626,-0.0295319,0.0366826
0.605725,-1.59722,0.0361944,-0.00909943,0.0221977
0.607587,-1.5981,0.0292066,-0.00668253,0.0186845
0.609201,-1.59887,0.0542561,-0.0171152,0.0266991
0.610527,-1.59947,0.0326058,-0.00795264,0.019653
0.612157,-1.60023,0.0578215,-0.0182465,0.0275043
0.613548,-1.60086,0.0332575,-0.00798928,0.0198313
0.615564,-1.60177,0.028662,-0.00649608,0.0175202
0.617206,-1.60251,0.0541218,-0.0165799,0.0251238
0.618409,-1.60304,0.0327346,-0.00782356,0.0189023
0.620427,-1.60392,0.0286143,-0.00645583,0.0169808
0.622074,-1.60464,0.0543139,-0.0163224,0.0243442
0.624074,-1.6055,0.0328618,-0.00773239,0.0185126
0.625732,-1.60621,0.0587187,-0.0174492,0.0257238
0.626955,-1.60672,0.0336756,-0.00767788,0.0189961
0.62894,-1.60755,0.0290275,-0.00620597,0.0169232
0.630601,-1.60823,0.0551149,-0.0156968,0.0239015
0.632266,-1.60891,0.0812796,-0.0251064,0.0308156
0.633483,-1.6094,0.0368311,-0.00816857,0.0202598
0.635155,-1.61007,0.0631449,-0.0174235,0.0270239
0.636935,-1.61078,0.0346457,-0.00719438,0.0195487
0.638614,-1.61143,0.0611063,-0.0162917,0.0261658
0.640288,-1.61208,0.0876412,-0.0253048,0.0327217
0.642433,-1.61292,0.0378377,-0.00764666,0.021078
0.644276,-1.61362,0.0303463,-0.00559324,0.0177957
0.645966,-1.61425,0.0570916,-0.0143705,0.0241252
0.647144,-1.6147,0.0339179,-0.00665384,0.0184781
0.648838,-1.61531,0.0608023,-0.0152663,0.0246707
0.649926,-1.61571,0.0345626,-0.00666448,0.0186094
0.651621,-1.61631,0.0615833,-0.0151102,0.0246671
0.653059,-1.61684,0.0347544,-0.00653407,0.0186046
0.654763,-1.61742,0.0619086,-0.0148112,0.0245304
0.656923,-1.61819,0.0348743,-0.00639202,0.0185521
0.659173,-1.61897,0.0299165,-0.00517114,0.0164306
0.660884,-1.61954,0.0572643,-0.0131948,0.0221565
0.662691,-1.62016,0.0342112,-0.00620335,0.0175202
0.664407,-1.62071,0.0616858,-0.0140525,0.0231237
0.66549,-1.62109,0.0349758,-0.00615452,0.0178898
0.667423,-1.62172,0.03007,-0.00496405,0.0159969
0.669149,-1.62226,0.0577286,-0.012551,0.021413
0.670862,-1.62278,0.085449,-0.0200444,0.0267812
0.672079,-1.62319,0.0381888,-0.0064991,0.0189772
0.673821,-1.6237,0.0660263,-0.0138147,0.0242278
0.675319,-1.62419,0.035835,-0.00568384,0.0184089
0.677442,-1.62485,0.0304482,-0.00453471,0.0162129
0.68006,-1.62559,0.0584592,-0.0115703,0.0213263
0.681061,-1.62586,0.0865495,-0.0184845,0.0262925
0.682162,-1.62623,0.0385257,-0.00596091,0.0189005
0.683902,-1.6267,0.0666986,-0.0127305,0.0238184
0.685816,-1.62728,0.0361086,-0.00522632,0.0182689
0.688067,-1.62792,0.0306621,-0.00417086,0.0160753
0.689808,-1.62837,0.0589915,-0.0106655,0.0208264
0.691548,-1.62881,0.0873734,-0.017062,0.0255403
0.692566,-1.62914,0.0387934,-0.00549092,0.0186752
0.694764,-1.62974,0.0313446,-0.00402567,0.0162103
0.696515,-1.63016,0.0598735,-0.0101441,0.0207646
0.698207,-1.63063,0.0352388,-0.00469256,0.0168994
0.700109,-1.63113,0.0306067,-0.00383657,0.0152523
0.701864,-1.63153,0.0592768,-0.00967038,0.0196621
0.703111,-1.63187,0.0352016,-0.00454517,0.0163306
0.705254,-1.6324,0.0306546,-0.00370572,0.0148973
0.707014,-1.63278,0.0594593,-0.00925079,0.0191721
0.708772,-1.63322,0.0352952,-0.00435177,0.0160773
0.711042,-1.63369,0.0641875,-0.00969542,0.0202981
0.712298,-1.63394,0.0931327,-0.0149193,0.024427
0.713777,-1.63433,0.0397256,-0.00459283,0.018313
0.715547,-1.63468,0.0687407,-0.0096453,0.022396
0.716878,-1.63502,0.0368239,-0.0039124,0.0176991
0.718935,-1.63548,0.0311944,-0.00309141,0.0156058
0.720705,-1.63581,0.0603245,-0.00785131,0.0195622
0.722819,-1.63628,0.0356129,-0.00365305,0.0163375
0.7246,-1.63659,0.0648165,-0.00821341,0.0202249
0.726367,-1.63689,0.0940568,-0.0126691,0.0240914
0.727747,-1.63723,0.0400043,-0.00387015,0.0183136
0.729522,-1.63752,0.0693125,-0.0081279,0.0221071
0.730785,-1.63782,0.0370553,-0.00328093,0.0176136
0.732772,-1.63821,0.0313756,-0.00258248,0.0155081
0.734555,-1.63848,0.0607798,-0.00654193,0.0191932
0.736075,-1.63879,0.0358246,-0.00303292,0.0161745
0.738602,-1.63924,0.0311335,-0.0024557,0.0146797
0.740385,-1.63948,0.0606271,-0.00611257,0.018272
0.742451,-1.63986,0.0358404,-0.0028522,0.0156817
0.744235,-1.64009,0.0653901,-0.00630405,0.0192238
0.745479,-1.64034,0.0365994,-0.00272857,0.0161802
0.747477,-1.64058,0.0662019,-0.00597376,0.0196854
0.748981,-1.64086,0.0367496,-0.00254519,0.0164286
0.750768,-1.64106,0.0664013,-0.00558639,0.0198742
0.752284,-1.64133,0.036805,-0.0023722,0.016547
0.754423,-1.64165,0.0314656,-0.00185853,0.0148497
0.756225,-1.64183,0.0611849,-0.00459275,0.0182212
0.757586,-1.64206,0.0360459,-0.00211952,0.0156878
0.75938,-1.64223,0.0658065,-0.00464594,0.0190225
0.761172,-1.64239,0.0955871,-0.0070647,0.0223548
0.762729,-1.64265,0.0404731,-0.00213666,0.0177522
0.764791,-1.64293,0.0323197,-0.0014856,0.0154996
0.767146,-1.6432,0.030489,-0.00134791,0.0142312
0.769012,-1.64334,0.0603382,-0.00335716,0.0174749
0.770734,-1.64346,0.0902036,-0.00525483,0.0207122
0.771914,-1.64366,0.0399433,-0.00168385,0.0169795
0.773714,-1.64377,0.0698362,-0.00337765,0.0201921
0.776,-1.64404,0.037422,-0.00134346,0.0167595
0.777794,-1.64414,0.0673397,-0.0028285,0.0199463
0.779493,-1.64434,0.0370783,-0.00115949,0.0166407
0.781292,-1.64443,0.0670176,-0.00243602,0.0198061
0.783091,-1.64451,0.0969667,-0.0036043,0.0229799
0.785191,-1.64475,0.0407149,-0.001044,0.0181622
0.786992,-1.64481,0.0706805,-0.00200509,0.0213109
0.788789,-1.64487,0.100653,-0.00285796,0.0244705
0.789968,-1.64506,0.0411008,-0.000776904,0.0188923
0.792205,-1.64523,0.0325318,-0.000476309,0.0161035
0.794003,-1.64527,0.0625208,-0.0010203,0.0192177
0.795804,-1.6453,0.0925137,-0.00145632,0.0223466
0.797434,-1.64546,0.040271,-0.000411777,0.0178819
0.799236,-1.64547,0.0702691,-0.000639174,0.0209985
0.801034,-1.64548,0.100269,-0.000758597,0.0241322
0.803056,-1.64565,0.0410787,-0.000167003,0.0187538
0.805015,-1.64577,0.0325355,-2.66468e-05,0.0160302
0.806819,-1.64575,0.0625342,0.000163233,0.0191363
0.808103,-1.64584,0.0363978,0.000132124,0.0162582
0.809384,-1.64582,0.0663909,0.00056386,0.0193418
0.811423,-1.6459,0.0369773,0.000299163,0.0163462
0.813227,-1.64586,0.0669635,0.000908754,0.0194667
0.815515,-1.64593,0.0370573,0.000451503,0.0164134
0.817316,-1.64587,0.0670323,0.0012703,0.0195461
0.819167,-1.64593,0.0370616,0.000609103,0.0164556
0.820966,-1.64586,0.0670222,0.00163724,0.0196035
0.822407,-1.64592,0.0370527,0.000768425,0.0164852
0.824207,-1.64584,0.0669957,0.00200562,0.0196517
0.826,-1.64575,0.0969283,0.00334932,0.0228473
0.827797,-1.64565,0.12685,0.00479884,0.0260737
0.82971,-1.64574,0.043357,0.00118384,0.0196165
0.831472,-1.64576,0.0329643,0.000926243,0.0165169
0.833226,-1.64565,0.0628488,0.00268551,0.0197405
0.834637,-1.64567,0.0363888,0.00129368,0.0165555
0.83643,-1.64554,0.0662446,0.00325757,0.0198105
0.838604,-1.6455,0.036885,0.00148156,0.0165844
0.840429,-1.64545,0.0315509,0.00130073,0.0148687
0.842347,-1.64537,0.0302956,0.00135804,0.0138805
0.844139,-1.64522,0.0600842,0.00373338,0.0171872
0.84572,-1.64516,0.0358995,0.00185929,0.0151543
0.847513,-1.64499,0.0656493,0.00444088,0.0185079
0.848825,-1.64496,0.0367379,0.00202404,0.015869
0.851122,-1.64482,0.0314634,0.00173202,0.0144802
0.852911,-1.64462,0.0611494,0.00462115,0.017894
0.8548,-1.64452,0.0360159,0.00224455,0.0155372
0.856596,-1.64431,0.0656553,0.00533788,0.0190049
0.858374,-1.64409,0.0952696,0.00853419,0.0225164
0.860264,-1.64401,0.0403528,0.00270079,0.0178042
0.86205,-1.64378,0.0699161,0.00609865,0.0213617
0.863606,-1.6437,0.0372681,0.00256785,0.0173404
0.865394,-1.64346,0.0667771,0.00616767,0.02095
0.866549,-1.64341,0.0367901,0.00270717,0.0171356
0.868323,-1.64316,0.0662412,0.00650909,0.020801
0.870142,-1.64301,0.0366809,0.00287201,0.0170544
0.872162,-1.64281,0.0313112,0.00244291,0.0152248
0.873977,-1.64252,0.0606707,0.00654339,0.0189728
0.875322,-1.64241,0.0357741,0.00314526,0.0160976
0.877682,-1.64212,0.0310552,0.00269653,0.0147004
0.879457,-1.64183,0.0603156,0.00709491,0.018542
0.881388,-1.6416,0.0356611,0.00342226,0.0158503
0.883161,-1.64129,0.0648514,0.00801746,0.0197689
0.884935,-1.64097,0.0940052,0.0127103,0.0237447
0.886978,-1.64075,0.0399591,0.00399551,0.0181912
0.888744,-1.64042,0.0690385,0.00888365,0.0222354
0.890456,-1.64023,0.0369011,0.00371026,0.0177078
0.892223,-1.63988,0.0659034,0.00879177,0.0218266
0.893987,-1.63953,0.0948653,0.013969,0.0260062
0.895084,-1.63946,0.0399648,0.0042716,0.0191992
0.897209,-1.63914,0.0318158,0.00325617,0.0164848
0.898946,-1.63877,0.0606535,0.00872425,0.0207594
0.900969,-1.63845,0.0355187,0.00410911,0.0170081
0.902685,-1.63807,0.0642695,0.00976823,0.0213709
0.904414,-1.63781,0.0360272,0.0043356,0.0172584
0.906426,-1.63734,0.0646905,0.010177,0.0217318
0.907959,-1.63711,0.0360448,0.00448124,0.017419
0.90971,-1.63669,0.0646149,0.0105139,0.0219674
0.91146,-1.63627,0.0931375,0.0166378,0.0265844
0.913365,-1.6358,0.121612,0.0228491,0.0312852
0.9148,-1.63563,0.0421058,0.00543186,0.0208745
0.916765,-1.63526,0.0320567,0.00386791,0.0174213
0.918516,-1.63481,0.0603833,0.0103626,0.0222143
0.920313,-1.63446,0.035234,0.00481989,0.0177201
0.922421,-1.63399,0.0304574,0.00411134,0.0158525
0.92416,-1.63352,0.0586293,0.0108801,0.0207892
0.925895,-1.63305,0.0867481,0.0177366,0.0258001
0.927037,-1.63285,0.0385856,0.00581505,0.0188108
0.929139,-1.63235,0.0311141,0.00442315,0.0164279
0.930874,-1.63186,0.0590694,0.0115503,0.0215853
0.932773,-1.63141,0.0348099,0.00544408,0.0173579
0.9345,-1.6309,0.0626528,0.0127473,0.0226319
0.936722,-1.63034,0.0353138,0.00564937,0.0177908
0.938451,-1.62982,0.0630415,0.0131271,0.0231829
0.940401,-1.62933,0.0353226,0.00575883,0.0180488
0.942121,-1.62879,0.0629324,0.0134096,0.0235601
0.943781,-1.62836,0.0352544,0.0058622,0.0182497
0.944997,-1.62797,0.0627221,0.0137197,0.0238695
0.947089,-1.62739,0.0351606,0.00599545,0.0183675
0.948784,-1.62683,0.062525,0.0139891,0.0241234
0.949996,-1.62651,0.0350723,0.006113,0.0184847
0.952261,-1.62583,0.0299739,0.00507994,0.0164706
0.953958,-1.62524,0.0571477,0.0133267,0.0224071
0.956148,-1.62448,0.084262,0.0216383,0.0284672
0.957357,-1.62406,0.111283,0.0300775,0.0345577
0.958376,-1.62381,0.0403824,0.00750721,0.0213965
0.960325,-1.62319,0.0310481,0.00531181,0.0179406
0.962022,-1.62257,0.0578914,0.0139654,0.0242181
0.963843,-1.62198,0.0340973,0.00648953,0.0186321
0.965526,-1.62136,0.0608034,0.0153033,0.0250481
0.967922,-1.62054,0.034477,0.00674382,0.018897
0.969631,-1.61989,0.0610443,0.0157143,0.0254554
0.970873,-1.61948,0.0344471,0.00686942,0.0190664
0.972548,-1.61882,0.0608718,0.0159966,0.0257658
0.974652,-1.61807,0.0343531,0.00698135,0.0192049
0.976324,-1.6174,0.0606332,0.0162622,0.0260495
0.977524,-1.61699,0.0342465,0.00709375,0.0193312
0.979191,-1.6163,0.0603794,0.0165262,0.0263235
0.9805,-1.61583,0.0341356,0.00720664,0.0194526
0.982666,-1.61498,0.0291948,0.0059726,0.017269
0.984324,-1.61427,0.0551013,0.0156319,0.0244763
0.985676,-1.61375,0.0331197,0.0074268,0.0187237
0.987329,-1.61303,0.0588734,0.0172305,0.0260896
0.989292,-1.61223,0.0336687,0.00762038,0.019328
0.990509,-1.61169,0.0592409,0.0175973,0.0268476
0.992148,-1.61096,0.0847622,0.0276086,0.0344692
0.993788,-1.61022,0.110207,0.0376828,0.0421899
0.995714,-1.60944,0.0394036,0.00895291,0.023384
0.997353,-1.60868,0.0646863,0.0191718,0.0312474
0.999301,-1.60785,0.0344947,0.00757163,0.0214659
1.00093,-1.60708,0.0596135,0.0179303,0.0294832
1.00207,-1.60659,0.0336108,0.00766472,0.0208893
1.0037,-1.60581,0.0585644,0.0181586,0.0290677
1.0054,-1.60503,0.0333274,0.00786653,0.0206993
1.00713,-1.60422,0.0284965,0.00654269,0.0182114
1.00908,-1.60328,0.0272028,0.00652638,0.0171447
1.01069,-1.60247,0.0518158,0.0172894,0.0256407
1.01229,-1.60166,0.0763468,0.0281077,0.0342408
1.01344,-1.60111,0.0353485,0.0093343,0.0214957
1.01554,-1.60005,0.0287368,0.00702314,0.0185407
1.01714,-1.59922,0.0530054,0.0180334,0.0273892
1.0187,-1.59842,0.0319633,0.00846722,0.0200766
1.02029,-1.59758,0.0560567,0.0195967,0.0291058
1.02187,-1.59673,0.0800653,0.0307773,0.0382416
1.02332,-1.59597,0.0356051,0.00953416,0.0227806
1.0249,-1.5951,0.0594336,0.0208344,0.0320893
1.02617,-1.59442,0.0329267,0.00858372,0.0218127
1.02774,-1.59355,0.056573,0.0200002,0.0312994
1.02919,-1.59275,0.032376,0.00861428,0.0216331
1.03076,-1.59186,0.055839,0.0201429,0.0313011
1.03232,-1.59096,0.0792152,0.0317165,0.041079
1.03422,-1.58989,0.0352714,0.00965699,0.0237867
1.03606,-1.58882,0.0283098,0.00721517,0.0199536
1.03762,-1.58791,0.0513995,0.0189612,0.0299879
1.03893,-1.58713,0.0311904,0.00884686,0.0213314
1.04078,-1.58602,0.0270974,0.0074372,0.0189987
1.0425,-1.58498,0.0499052,0.0193336,0.0293211
1.04386,-1.58414,0.0726052,0.0312878,0.0397454
1.04502,-1.58342,0.0339608,0.0102164,0.0233481
1.04655,-1.58247,0.0564816,0.0222577,0.033962
1.04807,-1.58152,0.0789116,0.0343367,0.0446883
1.04911,-1.58084,0.0347501,0.0101524,0.0247567
1.05063,-1.57988,0.0569825,0.0223291,0.0356681
1.05214,-1.5789,0.0791239,0.0345404,0.0466935
1.05341,-1.57806,0.0347541,0.0100239,0.0254683
1.05543,-1.57672,0.0277233,0.00745537,0.0210408
1.05693,-1.57573,0.049557,0.0198148,0.0323351
1.05857,-1.57461,0.0303218,0.0092129,0.0224396
1.06006,-1.57361,0.0519561,0.0216553,0.0339341
1.06155,-1.5726,0.0734983,0.0341268,0.0455441
1.0626,-1.57185,0.0336087,0.0104933,0.0251294
1.06423,-1.5707,0.0271132,0.00781947,0.021002
1.06588,-1.56955,0.0483489,0.0204126,0.0329074
1.06675,-1.56891,0.0297622,0.00952549,0.0226872
1.06849,-1.56765,0.0259064,0.00798434,0.0201503
1.06995,-1.56661,0.0468278,0.0206982,0.0323455
1.0714,-1.56553,0.0292238,0.00983224,0.022461
1.07286,-1.56447,0.0499426,0.0226112,0.0348661
1.07431,-1.56341,0.0705666,0.0354123,0.0473887
1.07527,-1.56265,0.0326678,0.0109836,0.0255934
1.07706,-1.56127,0.0264479,0.00813962,0.0214097
1.0785,-1.56019,0.0467518,0.0210463,0.0342295
1.07978,-1.55918,0.0290167,0.0098215,0.0232943
1.08121,-1.55808,0.0491135,0.0227847,0.0363257
1.08286,-1.55676,0.0293435,0.0100152,0.0238441
1.08429,-1.55565,0.0492306,0.0230328,0.0370876
1.0857,-1.55454,0.0690211,0.0360661,0.0504494
1.0872,-1.55329,0.0321476,0.0110379,0.026577
1.08861,-1.55216,0.0517235,0.0241259,0.0401443
1.0902,-1.55083,0.0297552,0.00989112,0.0251393
1.09171,-1.5496,0.0491214,0.0230224,0.0389238
1.09303,-1.54852,0.0683745,0.0361762,0.0528241
1.09391,-1.54772,0.0319512,0.0109101,0.027374
1.09535,-1.54647,0.0258022,0.00812412,0.0225936
1.09673,-1.54531,0.044732,0.0213501,0.036792
1.0981,-1.54415,0.0635653,0.0345831,0.0511104
1.09884,-1.54344,0.0309877,0.0110511,0.0271163
1.10029,-1.54214,0.0253119,0.00830086,0.0225958
1.10165,-1.54096,0.0438111,0.0215978,0.0372224
1.10307,-1.53967,0.0276656,0.0100779,0.0247071
1.10475,-1.53813,0.024161,0.00842506,0.0218572
1.1061,-1.53694,0.0423325,0.0217687,0.0368043
1.10734,-1.53576,0.027089,0.0103298,0.024578
1.10868,-1.53456,0.045047,0.0236945,0.0397455
1.1104,-1.53292,0.0275587,0.0104512,0.0253377
1.11173,-1.5317,0.0453015,0.0238346,0.0407245
1.11279,-1.53065,0.027577,0.0103812,0.0257035
1.1141,-1.52943,0.0451023,0.0237815,0.0413091
1.11522,-1.52829,0.0274862,0.0103283,0.0259589
1.11653,-1.52705,0.0447953,0.0237414,0.0417826
1.11771,-1.52584,0.0273575,0.0103003,0.0261703
1.11918,-1.52435,0.0236153,0.0084448,0.0228192
1.12047,-1.5231,0.0405904,0.0218778,0.0389654
1.12178,-1.52183,0.0574699,0.035301,0.0552324
1.12305,-1.52057,0.0742505,0.0487159,0.0716191
1.12368,-1.51982,0.0311732,0.0120894,0.0306261
1.12495,-1.51855,0.0477276,0.0255139,0.0472226
1.12621,-1.51727,0.0641866,0.0389259,0.0639383
1.12747,-1.51599,0.0805497,0.052325,0.080773
1.12924,-1.51402,0.0321885,0.0115864,0.0323488
1.1306,-1.51251,0.0249132,0.00801771,0.0252574
1.13184,-1.51121,0.0409143,0.0214365,0.0423946
1.13249,-1.51043,0.026253,0.0098261,0.0270514
1.134,-1.50874,0.0228345,0.00827094,0.0236786
1.13524,-1.50742,0.0384992,0.0216791,0.0411377
1.1366,-1.50585,0.0252872,0.0102542,0.0266462
1.13783,-1.50452,0.0407366,0.0236431,0.0443264
1.13884,-1.5033,0.0256727,0.0104034,0.027369
1.1401,-1.50182,0.0223183,0.00850914,0.0238801
1.1413,-1.50048,0.0374344,0.0218712,0.0418844
1.14203,-1.49957,0.0247495,0.0103424,0.0269671
1.14346,-1.49785,0.0218335,0.00859018,0.0238434
1.14465,-1.49649,0.0366211,0.0219139,0.0421739
1.14589,-1.49496,0.0243693,0.0104012,0.0271183
1.14706,-1.4936,0.038944,0.0236905,0.0456692
1.14823,-1.49224,0.0534264,0.0369516,0.0643365
1.14895,-1.49124,0.0273379,0.0114527,0.0308305
1.15014,-1.48983,0.0416019,0.0246794,0.0497129
1.15097,-1.48871,0.0255898,0.0101266,0.0290501
1.15213,-1.48731,0.0396345,0.0233167,0.048146
1.15313,-1.48596,0.0250957,0.00999672,0.0288699
1.15474,-1.48387,0.0216906,0.00819643,0.0249683
1.15598,-1.48234,0.0354098,0.0213221,0.0443863
1.15694,-1.48102,0.0238008,0.0100558,0.0281552
1.15806,-1.47961,0.037302,0.0231369,0.0477838
1.15898,-1.47834,0.0241605,0.0101683,0.0288857
1.16008,-1.47692,0.0374504,0.0231964,0.0487282
1.16118,-1.4755,0.0506514,0.0361861,0.068684
1.16202,-1.47426,0.0265215,0.0110588,0.0321458
1.16312,-1.47283,0.0395045,0.0239963,0.0523098
1.16403,-1.47149,0.0247515,0.00980824,0.0301186
1.16524,-1.46978,0.0212327,0.00796047,0.0257836
1.16631,-1.46833,0.0338864,0.0208159,0.0462564
1.16739,-1.46687,0.0464529,0.0336278,0.0668409
1.1682,-1.46564,0.0254978,0.01085,0.0321873
1.16938,-1.4639,0.0212574,0.00809252,0.0264449
1.17043,-1.46244,0.0334959,0.0208134,0.0473341
1.17125,-1.4612,0.0228519,0.00969366,0.0294185
1.17228,-1.45973,0.0348871,0.0223408,0.0505149
1.17318,-1.45834,0.0231031,0.00978727,0.0300732
1.17459,-1.45622,0.0201978,0.0079901,0.0260728
1.17561,-1.45474,0.031919,0.0205272,0.0474739
1.17682,-1.45287,0.0221475,0.0096886,0.0296094
1.17801,-1.4511,0.0336888,0.02213,0.0512238
1.17883,-1.44988,0.0450921,0.0345366,0.0729469
1.1795,-1.44875,0.0247906,0.0106665,0.0335078
1.18048,-1.44725,0.0360241,0.022987,0.0554193
1.18169,-1.44529,0.0233156,0.00940964,0.0313925
1.18266,-1.44378,0.0343467,0.0216431,0.0535028
1.18363,-1.44227,0.0452963,0.0338214,0.0757178
1.18419,-1.44127,0.024984,0.0101795,0.0342612
1.18516,-1.43964,0.0206456,0.00751233,0.0277094
1.18629,-1.43777,0.0189994,0.00727837,0.0260431
1.18728,-1.43615,0.0295302,0.0192831,0.048641
1.18802,-1.43488,0.0210978,0.00925055,0.0303911
1.18895,-1.43333,0.0314358,0.0211556,0.0531828
1.18955,-1.43226,0.0215756,0.0093185,0.0312843
1.19056,-1.43051,0.0190076,0.00757667,0.0270947
1.19148,-1.42895,0.0290534,0.0193307,0.050171
1.19244,-1.42725,0.0207868,0.00912245,0.0308807
1.19334,-1.4257,0.0306485,0.0207669,0.0541476
1.19424,-1.42413,0.0404361,0.0323465,0.0775136
1.19478,-1.42311,0.023339,0.00998894,0.0349151
1.19576,-1.42131,0.0195719,0.00732398,0.0282844
1.19672,-1.4196,0.0290726,0.0187408,0.0519259
1.19743,-1.41827,0.0207825,0.00869997,0.0315344
1.19829,-1.4167,0.0300931,0.0200055,0.0553566
1.199,-1.41535,0.021007,0.00874698,0.0321896
1.19985,-1.41377,0.0301388,0.0199336,0.0561929
1.20076,-1.41202,0.0210086,0.00862988,0.032429
1.20166,-1.41029,0.0184471,0.00701813,0.0279428
1.20274,-1.4082,0.0173496,0.00685194,0.0268167
1.20357,-1.4066,0.0261119,0.0178015,0.0511715
1.20439,-1.40499,0.0348059,0.0286782,0.0756189
1.20495,-1.40386,0.0215786,0.00947158,0.0351873
1.20591,-1.40195,0.0184703,0.0070095,0.0287687
1.2067,-1.40034,0.0268926,0.0177001,0.0534721
1.20759,-1.39854,0.0197545,0.00824182,0.0322754
1.20837,-1.39692,0.0280108,0.0187983,0.0571502
1.20931,-1.39498,0.0200759,0.00822526,0.0329736
1.21008,-1.39336,0.0281675,0.0186464,0.0580166
1.2106,-1.39226,0.0201439,0.00807158,0.0332164
1.21158,-1.39016,0.0177699,0.00654218,0.0285886
1.21223,-1.38876,0.0255798,0.0167576,0.0538858
1.2129,-1.3873,0.0191647,0.00788706,0.0326258
1.21363,-1.38568,0.0268622,0.017981,0.0580573
1.21439,-1.384,0.0345236,0.0280111,0.0835538
1.21528,-1.38205,0.0215416,0.00863708,0.0367729
1.21601,-1.3804,0.0290752,0.0185645,0.0623862
1.21655,-1.37922,0.0204875,0.00758655,0.0342294
1.21727,-1.37756,0.0279203,0.0174251,0.05994
1.21794,-1.37605,0.0201098,0.00745227,0.0338984
1.21865,-1.3744,0.0274624,0.0172192,0.0596863
1.2193,-1.37293,0.0199182,0.00741973,0.0338873
1.22022,-1.37081,0.0175174,0.00607129,0.0290704
1.22093,-1.36914,0.024743,0.0157331,0.0549715
1.22152,-1.36775,0.0188048,0.00741057,0.0331196
1.22228,-1.36594,0.0259688,0.0169914,0.0591
1.22302,-1.3642,0.0192021,0.00745875,0.0338296
1.22371,-1.36254,0.0262822,0.0169677,0.0598846
1.22414,-1.36152,0.0193496,0.00735976,0.0340068
1.22493,-1.35962,0.0171473,0.00598973,0.0291971
1.22561,-1.35794,0.0241061,0.0153882,0.0553635
1.22634,-1.35616,0.0184919,0.00725294,0.0333039
1.22698,-1.35457,0.0253752,0.0165728,0.0595464
1.22765,-1.3529,0.032248,0.0258454,0.0858287
1.22859,-1.3506,0.0208525,0.00797511,0.0374635
1.22925,-1.34893,0.0276456,0.017173,0.063818
1.22997,-1.34713,0.0199153,0.00702445,0.034803
1.23063,-1.34545,0.0266323,0.0161457,0.0612297
1.23104,-1.34445,0.0195628,0.0069047,0.0344466
1.23187,-1.34236,0.0171952,0.00564442,0.0294901
1.23251,-1.34068,0.0237903,0.0146537,0.0560221
1.23318,-1.33899,0.0183621,0.00689565,0.0336114
1.23382,-1.33731,0.0248911,0.0158239,0.0602152
1.23424,-1.33624,0.0187396,0.00694056,0.034319
1.23488,-1.33456,0.0252007,0.015788,0.0609935
1.23559,-1.33275,0.0188829,0.0068443,0.034488
1.23621,-1.33107,0.0252758,0.0156117,0.0612319
1.23669,-1.32985,0.0189452,0.00674548,0.0345702
1.23754,-1.32762,0.0167733,0.0054957,0.0296439
1.23816,-1.32593,0.023054,0.0141471,0.0564884
1.23878,-1.32423,0.0293213,0.0227493,0.0833704
1.23928,-1.32297,0.0199443,0.00735866,0.0375085
1.23995,-1.32124,0.0171777,0.00546475,0.030378
1.2406,-1.31939,0.0233374,0.01395,0.0573579
1.24115,-1.31784,0.0294599,0.02239,0.0843746
1.24172,-1.31641,0.0200262,0.00717731,0.037711
1.24249,-1.31437,0.0172226,0.00532631,0.0304885
1.24308,-1.31268,0.0232423,0.0136524,0.0575976
1.24357,-1.31143,0.0181048,0.00634717,0.0341667
1.24415,-1.30973,0.0240648,0.0145898,0.0613405
1.24476,-1.30814,0.0183924,0.00638088,0.0347872
1.24533,-1.30646,0.0242891,0.0145403,0.0620251
1.24599,-1.30471,0.0184969,0.00629639,0.0349319
1.2466,-1.30291,0.0243422,0.0143708,0.0622328
1.24713,-1.30129,0.0301604,0.0223974,0.0895685
1.24787,-1.29941,0.0203367,0.00680866,0.0384851
1.24854,-1.29762,0.0173277,0.00500256,0.0308147
1.24923,-1.29572,0.0158975,0.00481804,0.029026
1.24996,-1.29369,0.0151047,0.00489336,0.0285588
1.25051,-1.29197,0.0207433,0.0127318,0.0560368
1.25101,-1.29067,0.0168548,0.00616734,0.0340398
1.25172,-1.28869,0.0154728,0.00509765,0.0298059
1.25226,-1.28696,0.021026,0.0128109,0.0573723
1.2528,-1.28524,0.0265703,0.0204728,0.0849718
1.25321,-1.2843,0.0188739,0.00669148,0.0380543
1.25374,-1.28258,0.0243593,0.014271,0.0657108
1.25427,-1.28086,0.0298363,0.0217992,0.0933998
1.25483,-1.27954,0.0202535,0.00642453,0.0390853
1.2555,-1.27771,0.0172198,0.00467949,0.0311034
1.25605,-1.27589,0.0225942,0.0120917,0.0588724
1.25668,-1.27422,0.0178247,0.00559444,0.0347135
1.25719,-1.2725,0.0231393,0.0129261,0.062536
1.25782,-1.27085,0.0180087,0.00564182,0.0353042
1.25857,-1.26871,0.0160556,0.00459824,0.0302935
1.25908,-1.26698,0.0212806,0.0118096,0.0581945
1.25981,-1.26494,0.0171735,0.00555748,0.0346429
1.26023,-1.26346,0.0223301,0.0126815,0.0626
1.26073,-1.26173,0.0275013,0.0197553,0.0905847
1.26136,-1.26017,0.0193919,0.00608827,0.0389304
1.26185,-1.25843,0.0245057,0.0130818,0.066965
1.2625,-1.25678,0.0186339,0.00534268,0.0360886
1.26298,-1.25504,0.0236932,0.0122543,0.0641732
1.26346,-1.25331,0.0287481,0.0191135,0.0922871
1.26409,-1.25185,0.020033,0.00574156,0.0392229
1.26486,-1.24965,0.0170382,0.00422356,0.0313237
1.26533,-1.24792,0.0219914,0.0109723,0.0595053
1.26589,-1.24649,0.0175614,0.00507601,0.0350217
1.26635,-1.24476,0.0224671,0.0117394,0.0632523
1.26681,-1.24302,0.0273701,0.0183501,0.091511
1.26745,-1.24147,0.0194684,0.00561492,0.0391997
1.2679,-1.23973,0.0243156,0.012146,0.0675038
1.26848,-1.23834,0.018589,0.00494912,0.0363072
1.26892,-1.2366,0.0233849,0.0113983,0.064657
1.26952,-1.2351,0.0181926,0.00486128,0.0359106
1.27019,-1.23313,0.0160584,0.00396881,0.0306807
1.27063,-1.23139,0.0207721,0.0102996,0.0590957
1.27117,-1.22996,0.0169487,0.00483718,0.0350559
1.2716,-1.22822,0.0216222,0.0110809,0.0635167
1.27202,-1.22647,0.0262934,0.0172713,0.0920037
1.27245,-1.22472,0.0309632,0.0234083,0.120517
1.27287,-1.22297,0.0356319,0.0294918,0.149056
1.27364,-1.22142,0.0221016,0.00566537,0.0440029
1.27405,-1.21968,0.026698,0.0116814,0.0725782
1.27477,-1.21796,0.0197149,0.00440993,0.0371818
1.27518,-1.21621,0.0242572,0.0103496,0.065796
1.27559,-1.21446,0.028799,0.0162357,0.0944351
1.2763,-1.21288,0.0203004,0.00478477,0.0397618
1.27714,-1.21039,0.0170972,0.00353965,0.0316789
1.27754,-1.20863,0.021544,0.00932169,0.0603705
1.27833,-1.20637,0.0173818,0.00430221,0.0354186
1.27872,-1.20461,0.0217908,0.0100011,0.0641495
1.27911,-1.20285,0.0261991,0.0156461,0.0929044
1.27949,-1.20109,0.0306091,0.0212371,0.121683
1.27988,-1.19933,0.035021,0.0267739,0.150485
1.28068,-1.19789,0.0221392,0.00510326,0.0442689
1.28106,-1.19613,0.0264812,0.0105761,0.0731015
1.28146,-1.1942,0.0308449,0.0159906,0.101958
1.28197,-1.19376,0.0211982,0.0043419,0.0406499
1.28275,-1.19153,0.0175247,0.00317751,0.0319711
1.28311,-1.18977,0.021766,0.00849815,0.0608721
1.28347,-1.18801,0.0260094,0.0137646,0.0897953
1.28415,-1.18647,0.0192028,0.00433141,0.0393992
1.2848,-1.18457,0.016466,0.00322908,0.0317134
1.28545,-1.18245,0.0150266,0.00312532,0.0299528
1.2858,-1.18068,0.0191651,0.00824734,0.0589384
1.28633,-1.17924,0.0161554,0.00394594,0.0353116
1.28668,-1.17747,0.0202661,0.0089799,0.0643327
1.28716,-1.17627,0.0166834,0.00394245,0.0361693
1.2875,-1.1745,0.0207637,0.00888962,0.065225
1.28784,-1.17273,0.0248477,0.0137822,0.0943014
1.28817,-1.17097,0.0289359,0.0186202,0.123398
1.28892,-1.16934,0.0201996,0.00438307,0.0425773
1.28924,-1.16757,0.0242374,0.00914887,0.0717025
1.28991,-1.16599,0.0186612,0.0035621,0.0373116
1.29023,-1.16421,0.0226585,0.00824943,0.0664667
1.29098,-1.16206,0.017941,0.00348111,0.0365818
1.2913,-1.16028,0.0219035,0.00808835,0.0657665
1.29193,-1.15863,0.0175667,0.00346124,0.0364874
1.29223,-1.15686,0.0214959,0.00798647,0.065702
1.29254,-1.15508,0.0254312,0.0124569,0.0949352
1.29338,-1.15277,0.0190102,0.00375485,0.0401107
1.29368,-1.15099,0.0229053,0.00815053,0.0693705
1.29426,-1.14975,0.0180534,0.00330268,0.0370483
1.29492,-1.14758,0.015804,0.00266489,0.0313439
1.29521,-1.1458,0.0196369,0.00694793,0.0606428
1.29567,-1.14472,0.0164389,0.00324651,0.0357516
1.2963,-1.14245,0.0148895,0.00268432,0.0310585
1.29659,-1.14067,0.018675,0.00684604,0.0603978
1.29705,-1.13947,0.0159183,0.00322404,0.0357248
1.29758,-1.13762,0.0145784,0.00264963,0.0310667
1.29785,-1.13585,0.0183211,0.00668626,0.0604462
1.29832,-1.13449,0.0157267,0.003152,0.0357503
1.29891,-1.13228,0.0144582,0.00258336,0.0310896
1.29918,-1.13049,0.0181626,0.00649485,0.0605078
1.29972,-1.12881,0.0156438,0.00306204,0.0357794
1.29997,-1.12705,0.0193288,0.0068851,0.0652239
1.30028,-1.12492,0.0230567,0.0106486,0.0946848
1.3005,-1.12331,0.0267436,0.0143537,0.124163
1.30073,-1.1217,0.0304373,0.0180093,0.153655
1.30159,-1.11996,0.0209713,0.00346888,0.0448867
1.30225,-1.11806,0.0172764,0.00224518,0.0330956
1.30249,-1.11628,0.0209028,0.00581331,0.0626128
1.303,-1.11514,0.0171269,0.00262807,0.0361772
1.30323,-1.11336,0.0207293,0.00611265,0.0657172
1.30384,-1.11161,0.017018,0.00264144,0.0366525
1.30441,-1.10956,0.0151729,0.00214643,0.0313743
1.30498,-1.10729,0.0141283,0.00209182,0.030139
1.30521,-1.1055,0.0176686,0.005425,0.0597192
1.30575,-1.1037,0.015397,0.00259977,0.035738
1.30597,-1.10192,0.0189245,0.00584572,0.06534
1.30655,-1.10011,0.0160638,0.00256221,0.0366181
1.30676,-1.09833,0.0195758,0.00572329,0.0662408
1.30697,-1.09654,0.0231,0.00882924,0.0958765
1.30717,-1.09475,0.026636,0.01188,0.125525
1.30786,-1.09361,0.019623,0.00279113,0.0430773
1.30851,-1.09145,0.0165569,0.00188864,0.0327977
1.30871,-1.08966,0.0200255,0.0048422,0.0624689
1.30891,-1.08787,0.0235062,0.00774048,0.0921521
1.30957,-1.08634,0.0183261,0.00242541,0.040062
1.30976,-1.08455,0.0217789,0.005248,0.0697619
1.31039,-1.0829,0.017568,0.00213273,0.0373185
1.31057,-1.08111,0.0209987,0.004877,0.067035
1.31113,-1.07977,0.0171825,0.00206657,0.0369356
1.31166,-1.07788,0.0152334,0.00167159,0.031517
1.31218,-1.07571,0.0141229,0.00162798,0.0302532
1.31235,-1.07392,0.0174974,0.00422475,0.0599999
1.31282,-1.07254,0.0153239,0.00201853,0.0358699
1.31299,-1.07074,0.0186911,0.0045278,0.0656335
1.31352,-1.06908,0.0159677,0.0019782,0.0367462
1.31369,-1.06728,0.019324,0.00440322,0.0665255
1.31385,-1.06549,0.0226954,0.00677301,0.0963146
1.31448,-1.06406,0.0179623,0.00205263,0.0405567
1.31463,-1.06227,0.0213108,0.00434644,0.0703593
1.31478,-1.06048,0.0246748,0.0065851,0.100171
1.31551,-1.05885,0.0189274,0.00189561,0.0409644
1.31565,-1.05705,0.0222625,0.00406374,0.0707881
1.31579,-1.05526,0.0256131,0.00617674,0.100621
1.31658,-1.05349,0.0193791,0.00175627,0.0410226
1.31726,-1.05081,0.0164419,0.00126391,0.0324543
1.31735,-1.04963,0.019686,0.00327247,0.0623035
1.31748,-1.04783,0.0229926,0.00524064,0.0921584
1.31814,-1.0463,0.0181564,0.00164453,0.0401574
1.31868,-1.04442,0.0157445,0.00120435,0.0322799
1.3192,-1.04209,0.0143902,0.00114608,0.0304992
1.31932,-1.04029,0.0176391,0.00297914,0.0603736
1.31944,-1.03849,0.0209048,0.00475708,0.0902553
1.32003,-1.03703,0.01712,0.00154246,0.0399605
1.32014,-1.03524,0.0203725,0.0032422,0.0698525
1.32067,-1.03402,0.0168829,0.00131901,0.0374246
1.32116,-1.03205,0.0150314,0.00103773,0.0317023
1.32126,-1.03025,0.0182546,0.00262612,0.0616081
1.32181,-1.02818,0.0157639,0.00121437,0.0362075
1.32192,-1.02638,0.0189836,0.00272046,0.0661228
1.32201,-1.02458,0.0222214,0.00417158,0.0960441
1.32211,-1.02278,0.0254783,0.00556792,0.125971
1.32283,-1.02152,0.0193445,0.00130092,0.0432843
1.3234,-1.01958,0.0163688,0.000860404,0.0329598
1.32348,-1.01778,0.0195715,0.00216458,0.0628963
1.32357,-1.01598,0.0227934,0.00341399,0.092838
1.32417,-1.01476,0.0181002,0.00105646,0.0402781
1.32469,-1.01276,0.0157012,0.000759103,0.0323429
1.32476,-1.01096,0.018885,0.00190601,0.0622938
1.32527,-1.00924,0.0161132,0.000864214,0.0363376
1.32534,-1.00745,0.0192932,0.00192937,0.0662953
1.32589,-1.00551,0.0163311,0.000821602,0.0369456
1.32595,-1.00371,0.0195066,0.00180682,0.0669094
1.32602,-1.00192,0.0227026,0.00273752,0.0968771
1.32667,-1.00016,0.0180667,0.000811022,0.0407174
1.32674,-0.998081,0.0212732,0.00166885,0.0706899
1.32678,-0.996559,0.0244489,0.00246558,0.100666
1.32744,-0.995473,0.0189275,0.000692492,0.0411051
1.32792,-0.993961,0.0161341,0.000475191,0.0325318
1.32835,-0.991891,0.0145905,0.000438275,0.0306112
1.32875,-0.989561,0.0136819,0.000427717,0.0301439
1.32879,-0.987768,0.0168155,0.00106937,0.0601285
1.32924,-0.985852,0.0149735,0.000496955,0.036013
1.32928,-0.984052,0.0181141,0.0010549,0.0660014
1.32972,-0.982811,0.0156986,0.00044262,0.0369175
1.32975,-0.981008,0.0188422,0.000917353,0.0669091
1.33023,-0.979372,0.0160957,0.00037433,0.0370526
1.33026,-0.977562,0.0192404,0.000768248,0.0670468
1.33081,-0.975201,0.0163099,0.000308172,0.0370741
1.33083,-0.973398,0.0194537,0.000624976,0.0670704
1.33085,-0.971597,0.0226208,0.000887593,0.0970678
1.33153,-0.969396,0.0180443,0.00024585,0.040754
1.33155,-0.967289,0.0212276,0.000439689,0.0707526
1.3321,-0.966408,0.0173341,0.000151518,0.0376047
1.3321,-0.964614,0.0204819,0.000269875,0.0676042
1.33265,-0.962842,0.0169654,9.13377e-05,0.0371578
1.33307,-0.960778,0.0150705,4.73062e-05,0.0316886
1.33307,-0.959147,0.0181889,5.58849e-05,0.0616886
1.33352,-0.9573,0.0157428,4.5655e-06,0.0362672
1.33352,-0.955502,0.0188778,-6.2623e-05,0.066267
1.33398,-0.953917,0.0161178,-5.15319e-05,0.0369624
1.33397,-0.952119,0.0192566,-0.00019881,0.0669616
1.33395,-0.949799,0.0224725,-0.000399466,0.0969601
1.33457,-0.94837,0.0179482,-0.000150673,0.0407437
1.33455,-0.94656,0.0211043,-0.000422267,0.070741
1.33508,-0.945153,0.0172858,-0.000198697,0.0376022
1.33506,-0.94335,0.0204379,-0.000545795,0.0675978
1.33558,-0.941536,0.0169429,-0.000258596,0.0371546
1.33596,-0.939712,0.0150508,-0.00024094,0.0316852
1.33629,-0.937625,0.0139549,-0.000262486,0.0304121
1.33626,-0.935819,0.0170856,-0.000747668,0.0604034
1.33665,-0.934053,0.0151297,-0.00038381,0.0360594
1.33698,-0.931997,0.0140023,-0.000347251,0.0314367
1.33694,-0.930197,0.0171377,-0.000946877,0.0614233
1.33689,-0.92839,0.0203007,-0.00159976,0.0914074
1.33685,-0.926594,0.0234903,-0.00230603,0.121389
1.33746,-0.925561,0.0184599,-0.000602415,0.0429593
1.33741,-0.92376,0.0216392,-0.00137832,0.0729369
1.33794,-0.922155,0.0175553,-0.000575084,0.0378943
1.33832,-0.920144,0.0153992,-0.000496872,0.0318403
1.33826,-0.918345,0.0185606,-0.00137435,0.0618116
1.3382,-0.916537,0.0217511,-0.00230471,0.0917793
1.33873,-0.91525,0.0176016,-0.000767096,0.040178
1.3386,-0.91186,0.020942,-0.0017658,0.0701405
1.33916,-0.911344,0.017121,-0.000770261,0.0374995
1.33909,-0.909544,0.0203104,-0.00184783,0.0674562
1.33956,-0.908091,0.016872,-0.000815965,0.0371141
1.3399,-0.906183,0.01502,-0.000697345,0.0316571
1.33982,-0.90438,0.0182022,-0.00188101,0.0616049
1.3402,-0.902689,0.0157461,-0.000910316,0.0362264
1.34051,-0.900443,0.0143745,-0.000786069,0.0314528
1.34042,-0.898633,0.0175625,-0.00207944,0.0613904
1.34078,-0.897165,0.0153909,-0.00100987,0.0361869
1.34107,-0.894859,0.0141691,-0.000866539,0.0314386
1.34097,-0.892914,0.0173771,-0.00227134,0.0613649
1.34133,-0.891153,0.0152798,-0.00110377,0.0361766
1.34123,-0.889354,0.0184939,-0.00258858,0.0660943
1.34162,-0.88787,0.0158983,-0.00116627,0.0368931
1.34152,-0.886067,0.0191266,-0.00272989,0.0668018
1.34192,-0.884649,0.0162388,-0.00121359,0.0369931
1.34181,-0.882855,0.0194785,-0.0028555,0.0668924
1.3417,-0.881059,0.0227495,-0.00454921,0.0967851
1.34223,-0.879659,0.0180614,-0.0014142,0.040667
1.34258,-0.877257,0.0156943,-0.0010787,0.0323982
1.34246,-0.875452,0.0189495,-0.00286805,0.0622785
1.34285,-0.873955,0.0161456,-0.00135739,0.0362974
1.34273,-0.872165,0.0194138,-0.0032247,0.0661669
1.34312,-0.87062,0.0163874,-0.00143766,0.03688
1.3434,-0.868334,0.0147619,-0.00120703,0.0315629
1.34327,-0.86654,0.0180348,-0.00317963,0.0614173
1.34361,-0.864641,0.0156437,-0.00152591,0.036148
1.34347,-0.862843,0.0189355,-0.00357599,0.0659907
1.34333,-0.86105,0.0222597,-0.00567752,0.0958251
1.34385,-0.859513,0.0177895,-0.00178031,0.0405337
1.34366,-0.857201,0.0211648,-0.00394776,0.0703573
1.34355,-0.855924,0.0244804,-0.00618929,0.100169
1.34415,-0.85474,0.0188569,-0.00183273,0.0409685
1.3445,-0.852697,0.0161411,-0.00138254,0.0324275
1.34434,-0.850909,0.0194792,-0.00369643,0.0622267
1.34471,-0.848706,0.0164227,-0.00173741,0.0362491
1.34455,-0.846932,0.0197749,-0.00412544,0.0660351
1.34494,-0.845571,0.0165668,-0.00182962,0.0368181
1.34477,-0.843732,0.0199392,-0.0042923,0.0665904
1.34515,-0.84191,0.0166488,-0.00188753,0.0368929
1.34498,-0.840121,0.0200317,-0.00442476,0.0666511
1.34536,-0.838454,0.0166971,-0.00194155,0.0368949
1.3456,-0.836294,0.0149616,-0.00161926,0.0315144
1.34543,-0.834498,0.0183522,-0.00425906,0.0612525
1.34575,-0.833116,0.0158049,-0.00203425,0.0360622
1.34595,-0.831048,0.0144521,-0.00172087,0.0313146
1.34576,-0.829256,0.0178605,-0.00446913,0.0610305
1.34605,-0.827767,0.0155301,-0.0021441,0.0360137
1.34586,-0.825972,0.0189638,-0.0049712,0.0657129
1.34618,-0.824486,0.0161181,-0.00221619,0.0367222
1.34598,-0.822707,0.0195724,-0.0051213,0.0664043
1.34578,-0.820931,0.0230622,-0.00807602,0.0960749
1.34624,-0.819135,0.0181047,-0.00249927,0.0404684
1.34649,-0.816979,0.0157562,-0.00187757,0.0322543
1.34628,-0.815193,0.0192407,-0.00492639,0.0619038
1.34661,-0.813799,0.0162773,-0.00231529,0.0361215
1.34678,-0.811515,0.0147446,-0.00195788,0.0312877
1.34657,-0.809724,0.0182465,-0.00511191,0.0609123
1.34681,-0.807638,0.0157333,-0.00244547,0.0359485
1.3466,-0.805848,0.0192609,-0.0056748,0.0655546
1.34687,-0.803662,0.0162623,-0.00252409,0.0366507
1.34665,-0.801874,0.0198122,-0.00582629,0.0662384
1.34699,-0.800417,0.0165527,-0.00255912,0.0367447
1.34676,-0.798623,0.0201245,-0.0059354,0.0663133
1.34709,-0.79694,0.0167157,-0.00259953,0.0367475
1.34685,-0.795158,0.020307,-0.00604939,0.0662968
1.34718,-0.793486,0.0168095,-0.00264631,0.0367362
1.34694,-0.791698,0.0204216,-0.0061692,0.0662658
1.3467,-0.789917,0.0240717,-0.00974092,0.0957817
1.34717,-0.788495,0.018524,-0.00299089,0.0403546
1.34692,-0.786711,0.0221812,-0.00663015,0.0698519
1.34725,-0.784448,0.0177509,-0.00273588,0.0372289
1.347,-0.782661,0.0214217,-0.00644302,0.0667069
1.34675,-0.78088,0.0251313,-0.0101986,0.0961705
1.34727,-0.779778,0.0190092,-0.00309215,0.0403722
1.34748,-0.777544,0.0162863,-0.00232841,0.0321445
1.34722,-0.775765,0.0199861,-0.00617587,0.0615816
1.34745,-0.773535,0.0166548,-0.00289091,0.0359667
1.3476,-0.771671,0.015005,-0.00244384,0.0311551
1.34733,-0.769888,0.0187256,-0.00639231,0.0605618
1.34758,-0.768636,0.0159719,-0.00305027,0.0357812
1.34767,-0.766561,0.014616,-0.00256562,0.0310927
1.34739,-0.764781,0.0183668,-0.00662155,0.060466
1.3476,-0.763316,0.0157685,-0.00316631,0.0357451
1.34732,-0.761535,0.0195526,-0.00729913,0.0650935
1.34756,-0.760009,0.0163762,-0.00324285,0.0364468
1.3476,-0.757564,0.0148578,-0.0026743,0.031218
1.34732,-0.755788,0.0186687,-0.00691105,0.0605326
1.34702,-0.754014,0.0225208,-0.0111949,0.0898308
1.34734,-0.752298,0.0176812,-0.00366826,0.0395829
1.34705,-0.750518,0.0215534,-0.0080214,0.0688576
1.34731,-0.748596,0.0173919,-0.00334731,0.0369689
1.34701,-0.746829,0.0212851,-0.00777045,0.0662195
1.34723,-0.744556,0.0172738,-0.00336412,0.036577
1.34692,-0.742786,0.0211904,-0.0078558,0.0658035
1.34661,-0.741014,0.0251491,-0.0123939,0.0950127
1.34703,-0.7394,0.0188973,-0.00378849,0.0401073
1.34672,-0.737624,0.0228668,-0.00839151,0.0692933
1.34704,-0.735943,0.0180444,-0.00345284,0.0369974
1.34672,-0.734167,0.0220326,-0.00812416,0.0661585
1.34694,-0.731975,0.0176475,-0.00350211,0.0365297
1.34661,-0.730195,0.0216581,-0.00824124,0.0656655
1.34694,-0.72908,0.0174542,-0.0035807,0.0364403
1.34661,-0.727313,0.0214896,-0.00839224,0.0655486
1.34628,-0.725547,0.0255682,-0.0132495,0.0946385
1.34669,-0.724294,0.0190429,-0.00404694,0.040004
1.34675,-0.721815,0.0163693,-0.00303275,0.0318969
1.34641,-0.720044,0.0204509,-0.00798266,0.0609516
1.34668,-0.719034,0.016862,-0.00373266,0.035675
1.34663,-0.71646,0.0152022,-0.00314598,0.0309097
1.34628,-0.714693,0.0193151,-0.00819865,0.0599235
1.34637,-0.712673,0.0162498,-0.00390633,0.0354768
1.34638,-0.710646,0.0148558,-0.00327584,0.0308375
1.34603,-0.708887,0.0190073,-0.00843087,0.0598094
1.3462,-0.707618,0.016073,-0.00402494,0.0354314
1.34584,-0.705848,0.0202653,-0.0092543,0.0643718
1.34593,-0.703846,0.0166917,-0.00410465,0.0361264
1.34557,-0.702082,0.020919,-0.00940558,0.0650361
1.34569,-0.700047,0.0170294,-0.00411796,0.0362174
1.34532,-0.69828,0.0212899,-0.00948888,0.0650967
1.34547,-0.696433,0.0172202,-0.00414153,0.0362156
1.3451,-0.694672,0.0215123,-0.00958213,0.0650642
1.34529,-0.693148,0.0173333,-0.00417731,0.036198
1.34492,-0.691387,0.0216577,-0.0096884,0.0650151
1.34508,-0.689688,0.0174051,-0.00422138,0.0361763
1.34503,-0.687411,0.0155516,-0.0034867,0.0309176
1.34465,-0.685653,0.019907,-0.00909613,0.0596906
1.3447,-0.68363,0.0165443,-0.00431779,0.0353191
1.34431,-0.681872,0.020939,-0.00999763,0.0640592
1.3445,-0.680559,0.017022,-0.00442242,0.0359813
1.3441,-0.678816,0.0214532,-0.0101744,0.0646873
1.34417,-0.676822,0.0173005,-0.00444338,0.0360655
1.34416,-0.674837,0.015498,-0.00366826,0.0308357
1.34376,-0.673081,0.0199642,-0.00951738,0.0594958
1.34374,-0.670947,0.0165857,-0.00451307,0.0352289
1.34345,-0.669695,0.021065,-0.0104537,0.063846
1.34304,-0.66794,0.0256182,-0.0164157,0.0924492
1.34334,-0.666748,0.0188301,-0.00509884,0.0394823
1.34293,-0.665002,0.0234091,-0.0111293,0.0680517
1.34298,-0.662669,0.0182107,-0.00459049,0.036507
1.34292,-0.660517,0.0160475,-0.00375642,0.0308889
1.3425,-0.658764,0.020655,-0.00988077,0.0594118
1.34257,-0.657128,0.0169539,-0.004666,0.0351559
1.34258,-0.655547,0.0153392,-0.0039334,0.0305346
1.34215,-0.65379,0.0199913,-0.010158,0.059006
1.34172,-0.652053,0.0246904,-0.0164252,0.0874536
1.34191,-0.650598,0.0183817,-0.0053795,0.0388359
1.34147,-0.648854,0.0231144,-0.0117144,0.0672476
1.34103,-0.647106,0.0278962,-0.0180907,0.0956354
1.34131,-0.645599,0.0197662,-0.00535832,0.0397211
1.3413,-0.643622,0.0168715,-0.00397539,0.0315244
1.34085,-0.641877,0.0216671,-0.0104438,0.0598644
1.34092,-0.640219,0.017433,-0.00487009,0.035148
1.34046,-0.638481,0.0222695,-0.0114076,0.0634496
1.34047,-0.636463,0.0176588,-0.00501917,0.0356781
1.34001,-0.634723,0.0225348,-0.0116236,0.063942
1.33999,-0.632513,0.0177798,-0.00506837,0.0357355
1.3395,-0.630662,0.0227034,-0.0117359,0.0639627
1.33964,-0.629237,0.0178566,-0.00511052,0.0357212
1.3396,-0.627537,0.0159243,-0.00421427,0.0305435
1.33938,-0.625332,0.0149239,-0.00416956,0.0292896
1.33891,-0.623592,0.0198897,-0.010966,0.0574445
1.33877,-0.621362,0.016484,-0.00532174,0.0346194
1.33829,-0.619617,0.0215007,-0.0121853,0.0627338
1.3383,-0.617875,0.0172202,-0.00541451,0.0354455
1.33782,-0.616154,0.0222815,-0.0123457,0.0635191
1.3378,-0.614166,0.0176134,-0.00540186,0.0355597
1.33765,-0.612086,0.0158144,-0.0044324,0.0304276
1.33716,-0.610351,0.0209236,-0.0114567,0.0584454
1.33715,-0.608735,0.017035,-0.00543015,0.0347303
1.33679,-0.60749,0.0221678,-0.0125443,0.0626951
1.33678,-0.605801,0.0175498,-0.0055445,0.0353784
1.33657,-0.60364,0.0157981,-0.00455379,0.0303364
1.33606,-0.601908,0.021008,-0.0117421,0.0582521
1.33556,-0.600179,0.0262694,-0.0189694,0.0861406
1.33574,-0.598959,0.0189165,-0.00619448,0.0383766
1.33523,-0.597233,0.0242158,-0.0134875,0.0662233
1.33472,-0.595507,0.0295673,-0.0208189,0.0940427
1.33485,-0.593681,0.0202654,-0.00615977,0.0392469
1.33471,-0.59157,0.0172581,-0.00455732,0.0311742
1.33453,-0.589625,0.0157763,-0.00445929,0.0292807
1.33401,-0.587896,0.0211549,-0.0119085,0.057027
1.33379,-0.585602,0.0171359,-0.0057438,0.034359
1.33327,-0.583883,0.0225661,-0.013258,0.062061
1.33318,-0.581951,0.0177252,-0.00587522,0.035141
1.33264,-0.580231,0.0232042,-0.0134536,0.0627989
1.33279,-0.579209,0.0180347,-0.00587777,0.0352451
1.33259,-0.577311,0.0161371,-0.00482789,0.0301662
1.33205,-0.575586,0.0216719,-0.0125021,0.057759
1.33198,-0.573991,0.0173698,-0.00592977,0.0344028
1.33144,-0.572272,0.0229582,-0.0136702,0.0619484
1.33143,-0.570835,0.0179063,-0.00604013,0.0350474
1.33109,-0.568474,0.016087,-0.00496195,0.0300625
1.33054,-0.566761,0.0217335,-0.0127966,0.0575421
1.33038,-0.564846,0.0173905,-0.00607365,0.0343054
1.32982,-0.563134,0.0230919,-0.0139727,0.0617375
1.32981,-0.561705,0.0179584,-0.00617568,0.0349545
1.32925,-0.559994,0.0237119,-0.0141395,0.0623388
1.32895,-0.557408,0.018258,-0.00617366,0.0350377
1.32838,-0.555693,0.0240594,-0.0141983,0.0623767
1.32824,-0.553658,0.0184318,-0.00618138,0.0350304
1.32767,-0.55195,0.0242804,-0.0142678,0.0623229
1.32709,-0.550242,0.0301838,-0.0223896,0.0895854
1.32739,-0.549352,0.0203811,-0.00684447,0.0384576
1.32681,-0.547653,0.0263186,-0.015029,0.0656738
1.32677,-0.545927,0.0194762,-0.00615798,0.0355142
1.32637,-0.544758,0.025425,-0.014431,0.0626685
1.32621,-0.542761,0.0190973,-0.00620126,0.0350289
1.32562,-0.541056,0.0251208,-0.01451,0.0621497
1.32534,-0.538651,0.0189505,-0.00628609,0.0349151
1.32475,-0.53695,0.0250204,-0.0146554,0.061988
1.32455,-0.534833,0.0188937,-0.00636031,0.0348596
1.32395,-0.533134,0.0250118,-0.0147904,0.0618839
1.324,-0.531916,0.018882,-0.00642263,0.0348158
1.32339,-0.530211,0.0250514,-0.0149153,0.0617892
1.32278,-0.528523,0.0312759,-0.0234424,0.0887309
1.32252,-0.525944,0.0207779,-0.00714202,0.038204
1.32208,-0.52473,0.0270081,-0.0157515,0.0650856
1.32205,-0.523139,0.0197376,-0.00645718,0.0352724
1.32143,-0.521456,0.0260386,-0.0151038,0.0621177
1.32081,-0.51976,0.0323973,-0.0237829,0.0889315
1.32093,-0.518393,0.0212077,-0.00717407,0.0381853
1.32055,-0.516083,0.0179309,-0.00535807,0.030506
1.31992,-0.514393,0.0243238,-0.0141257,0.0572497
1.31929,-0.512698,0.0307744,-0.0229257,0.0839612
1.31866,-0.511026,0.0372803,-0.0317592,0.11064
1.31883,-0.509642,0.022296,-0.0077637,0.0401538
1.3184,-0.507106,0.0184487,-0.00545881,0.0308881
1.31776,-0.505424,0.0249779,-0.0143774,0.0574992
1.31771,-0.504097,0.0189919,-0.00663972,0.0339384
1.3173,-0.502037,0.0169239,-0.00558114,0.0294007
1.31661,-0.50025,0.0235343,-0.0145911,0.05593
1.31638,-0.498525,0.0182567,-0.00693163,0.0335714
1.31573,-0.496848,0.0249132,-0.016,0.0600485
1.3154,-0.494823,0.0187759,-0.00706322,0.0342152
1.31474,-0.493143,0.0254918,-0.0161907,0.0606372
1.31445,-0.491175,0.0190418,-0.00706185,0.0342969
1.31379,-0.489499,0.0258147,-0.0162481,0.0606637
1.31336,-0.487135,0.0191994,-0.00706818,0.0342852
1.31269,-0.485458,0.0260283,-0.0163119,0.0605976
1.31265,-0.484237,0.0193029,-0.00708955,0.0342545
1.31228,-0.482384,0.017122,-0.0058328,0.0293334
1.3116,-0.480707,0.0240209,-0.015165,0.0555635
1.31135,-0.479117,0.0184935,-0.00718165,0.0333622
1.31068,-0.477453,0.0254568,-0.0165733,0.0595334
1.31026,-0.475313,0.0190166,-0.00731341,0.0339816
1.30957,-0.47365,0.0260411,-0.0167628,0.0600953
1.30944,-0.472302,0.0192826,-0.0073096,0.0340597
1.30894,-0.470214,0.0171498,-0.00599973,0.0291885
1.30825,-0.468554,0.0242486,-0.0155364,0.0552171
1.30787,-0.466647,0.0185942,-0.00736044,0.0331978
1.30717,-0.46499,0.0257594,-0.0169546,0.0591668
1.30676,-0.462956,0.0191449,-0.0074832,0.0338191
1.30606,-0.461301,0.0263729,-0.0171341,0.059729
1.30575,-0.459539,0.019442,-0.00746461,0.0339026
1.30519,-0.458248,0.026715,-0.0171912,0.0597398
1.30489,-0.456527,0.0195875,-0.00747636,0.0338839
1.30418,-0.454874,0.0269379,-0.0172418,0.0596735
1.3037,-0.452695,0.0196967,-0.00749245,0.0338526
1.30298,-0.451043,0.0271081,-0.017314,0.0595821
1.30219,-0.449231,0.0345947,-0.0271568,0.0852789
1.30154,-0.447746,0.0421159,-0.0370435,0.110931
1.30164,-0.446492,0.02345,-0.00873004,0.0395992
1.30091,-0.444846,0.0310147,-0.0186644,0.0652002
1.30061,-0.442911,0.0213755,-0.00733362,0.0347294
1.30018,-0.441063,0.0183784,-0.0059952,0.0292041
1.29956,-0.438914,0.0170216,-0.00599996,0.027781
1.29882,-0.437273,0.0246601,-0.0160469,0.053267
1.29808,-0.435627,0.0323599,-0.0261199,0.078717
1.29804,-0.434573,0.0209235,-0.00862327,0.0361633
1.29759,-0.432824,0.018037,-0.00647417,0.0293836
1.29684,-0.43118,0.0258111,-0.0166325,0.0547407
1.29653,-0.429694,0.0193274,-0.00778746,0.0328059
1.29577,-0.428064,0.0271719,-0.0180015,0.0580971
1.29502,-0.42643,0.035078,-0.0282407,0.0833518
1.29426,-0.424798,0.0430458,-0.0385051,0.10857
1.29373,-0.422242,0.0235577,-0.00917774,0.0391081
1.29318,-0.420125,0.0193263,-0.00638066,0.0300294
1.29244,-0.418548,0.0273331,-0.0167305,0.0551589
1.29197,-0.416637,0.0200823,-0.00771129,0.0328431
1.29143,-0.414782,0.0178274,-0.00648184,0.02847
1.29066,-0.413153,0.0259183,-0.0169097,0.0535067
1.29021,-0.411447,0.0193985,-0.00802075,0.0324239
1.28944,-0.409833,0.027563,-0.018502,0.0573928
1.28889,-0.407883,0.0199457,-0.00816336,0.0330419
1.28811,-0.406263,0.0281812,-0.0186966,0.0579443
1.28781,-0.404872,0.0202154,-0.00814951,0.0331222
1.28702,-0.403244,0.0285223,-0.0187356,0.0579563
1.28682,-0.402088,0.0203776,-0.0081453,0.033107
1.28622,-0.400264,0.0180225,-0.00669007,0.028392
1.28546,-0.398145,0.0170174,-0.0065955,0.0271644
1.28466,-0.396534,0.0254383,-0.0172905,0.0518638
1.28412,-0.394808,0.0191727,-0.00837571,0.031913
1.28329,-0.393146,0.0276777,-0.0191195,0.0565429
1.28282,-0.391524,0.0199672,-0.00847638,0.0326977
1.28209,-0.390081,0.0285382,-0.0192817,0.0572493
1.28175,-0.388732,0.0203467,-0.00841923,0.0328191
1.28094,-0.387127,0.0289979,-0.0192677,0.0573064
1.28047,-0.385505,0.0205716,-0.00838272,0.0328219
1.27958,-0.383127,0.0182058,-0.006872,0.028164
1.27882,-0.381663,0.0269453,-0.0178053,0.0525415
1.27811,-0.379607,0.0198719,-0.00842897,0.0319302
1.27728,-0.378007,0.0286939,-0.0194044,0.0562422
1.27688,-0.376574,0.0204416,-0.00855824,0.0325286
1.27606,-0.375001,0.0293391,-0.0195848,0.0567669
1.27569,-0.373641,0.0207181,-0.00853555,0.0326075
1.27486,-0.371501,0.0183329,-0.00699751,0.027996
1.27402,-0.369918,0.0273281,-0.0181002,0.0521274
1.27341,-0.368151,0.0200526,-0.00856967,0.0317338
1.27256,-0.366563,0.0291286,-0.0197199,0.0557918
1.27171,-0.364975,0.0382687,-0.0308898,0.0798107
1.27135,-0.363537,0.0227574,-0.00956782,0.0355627
1.2705,-0.361962,0.0319624,-0.0207889,0.0595077
1.27009,-0.360493,0.0217342,-0.00854594,0.0329892
1.26915,-0.358177,0.0189273,-0.00696478,0.0280129
1.26811,-0.356278,0.028245,-0.0182493,0.0518559
1.26762,-0.35477,0.0204997,-0.00861523,0.0315795
1.26664,-0.352995,0.0298893,-0.0199508,0.055345
1.26635,-0.351889,0.0209816,-0.00878932,0.0321313
1.26548,-0.350315,0.0304358,-0.0201801,0.0558162
1.2646,-0.34874,0.0399549,-0.0315886,0.0794613
1.26394,-0.346772,0.0233371,-0.0096712,0.035372
1.26305,-0.345187,0.0329217,-0.0211282,0.0589424
1.26269,-0.34389,0.0221481,-0.00866232,0.0327494
1.26176,-0.341703,0.0192314,-0.00707344,0.027803
1.26087,-0.340136,0.0289066,-0.0186055,0.0512598
1.26006,-0.338145,0.0208248,-0.00877152,0.0313052
1.25912,-0.336493,0.0305882,-0.0203443,0.0546871
1.25876,-0.335335,0.0212964,-0.00895715,0.0318442
1.25786,-0.333776,0.0311347,-0.0205788,0.0551452
1.2575,-0.332629,0.0215135,-0.00895848,0.0319043
1.25659,-0.331074,0.0314328,-0.0206255,0.0551257
1.25589,-0.329317,0.0216492,-0.00895871,0.0318781
1.25498,-0.32732,0.01906,-0.00735733,0.027379
1.25407,-0.325767,0.0290847,-0.0190943,0.0504827
1.25315,-0.32421,0.0391754,-0.0308462,0.0735458
1.25277,-0.323002,0.0231647,-0.0100257,0.034278
1.25185,-0.321456,0.03333,-0.0218236,0.0572604
1.25133,-0.320041,0.0223004,-0.00904455,0.0321529
1.25049,-0.318223,0.0194377,-0.00736366,0.0273736
1.24953,-0.316244,0.0183098,-0.00727339,0.0260735
1.2486,-0.314702,0.0286101,-0.019165,0.0488952
1.24779,-0.312954,0.0207179,-0.00926914,0.030473
1.24686,-0.311416,0.0311089,-0.0212005,0.0532132
1.24633,-0.310121,0.0214901,-0.0093916,0.0312219
1.24539,-0.308582,0.0319691,-0.0213635,0.0538798
1.24457,-0.306789,0.0218507,-0.00932068,0.0313484
1.24363,-0.305264,0.0324143,-0.0213338,0.0539234
1.24268,-0.303735,0.0430441,-0.0333595,0.0764575
1.24209,-0.302221,0.0242765,-0.010203,0.0344373
1.24118,-0.300336,0.0203241,-0.00756015,0.0277607
1.24022,-0.298805,0.0310504,-0.0196556,0.0501701
1.23945,-0.297155,0.0217954,-0.00915611,0.0306435
1.23849,-0.295634,0.0326083,-0.0212908,0.052969
1.23765,-0.293868,0.0221932,-0.00934664,0.0310725
1.23669,-0.292347,0.033092,-0.0215201,0.0533142
1.23602,-0.290869,0.0223721,-0.00935887,0.0311067
1.23504,-0.289354,0.0333566,-0.0215712,0.0532635
1.23451,-0.288122,0.0224891,-0.00936379,0.0310705
1.23354,-0.286617,0.0335597,-0.0216153,0.053141
1.23275,-0.284978,0.0225806,-0.00937825,0.0310165
1.23176,-0.283468,0.0337376,-0.0216674,0.0530017
1.23076,-0.281512,0.0226601,-0.00939876,0.0309567
1.22978,-0.28001,0.0339029,-0.0217255,0.0528558
1.22881,-0.278128,0.0227328,-0.00942301,0.0308939
1.22782,-0.276628,0.0340618,-0.0217865,0.0527071
1.22724,-0.275373,0.0228025,-0.00944874,0.0308297
1.22609,-0.273321,0.0199901,-0.00776664,0.0265081
1.22509,-0.271819,0.0314375,-0.0201893,0.04819
1.22404,-0.270262,0.0429565,-0.0326179,0.0698316
1.22366,-0.269304,0.0244001,-0.0105943,0.033073
1.22258,-0.267709,0.0360055,-0.0230587,0.054627
1.22164,-0.266324,0.047666,-0.0355432,0.0761283
1.221,-0.264927,0.0256357,-0.010473,0.0339647
1.21999,-0.263441,0.0373755,-0.0229913,0.0553829
1.21892,-0.261461,0.0239848,-0.0093535,0.031247
1.2179,-0.259979,0.0358061,-0.0219085,0.052576
1.21687,-0.258495,0.047695,-0.0344707,0.0738627
1.21629,-0.257205,0.0258423,-0.0103581,0.0336496
1.21547,-0.255717,0.0213782,-0.00772301,0.0271078
1.21443,-0.254242,0.0333683,-0.0203496,0.0482553
1.2133,-0.252637,0.0454363,-0.0329754,0.0693656
1.21236,-0.251303,0.0575546,-0.0456244,0.0904181
1.2114,-0.249451,0.0272556,-0.0111293,0.0352185
1.21036,-0.247993,0.0394498,-0.0238101,0.0561876
1.20931,-0.246521,0.0517124,-0.0364956,0.0771152
1.20829,-0.244599,0.0268899,-0.0103077,0.0340061
1.20723,-0.243135,0.0392217,-0.0230338,0.0548397
1.20618,-0.241676,0.051621,-0.0357652,0.0756306
1.20512,-0.240226,0.0640614,-0.0484937,0.096404
1.20447,-0.238785,0.0288019,-0.0107804,0.0359544
1.20341,-0.237335,0.0412504,-0.0235378,0.0566816
1.20286,-0.236203,0.0254363,-0.0091297,0.0313861
1.20179,-0.234745,0.0379132,-0.0219073,0.0520689
1.20057,-0.232746,0.0244794,-0.00927715,0.0304604
1.19951,-0.231288,0.03694,-0.0220554,0.0511509
1.19845,-0.229837,0.0494164,-0.0348222,0.0718497
1.19782,-0.228656,0.0263778,-0.0104855,0.0331323
1.19676,-0.227202,0.038833,-0.0232567,0.0538358
1.19578,-0.225591,0.0245897,-0.00947842,0.0307067
1.19473,-0.224146,0.0370304,-0.0222512,0.0514157
1.19348,-0.22219,0.0240755,-0.00951911,0.0302325
1.19242,-0.220731,0.0365065,-0.0222908,0.0509482
1.19136,-0.219277,0.0489534,-0.0350509,0.0716723
1.19076,-0.218213,0.0261844,-0.0106011,0.0330572
1.18977,-0.216681,0.0216183,-0.00788618,0.0267385
1.18855,-0.214855,0.0200255,-0.00768459,0.0250231
1.18749,-0.213398,0.0324244,-0.0204609,0.0457491
1.18644,-0.211948,0.0448389,-0.0332257,0.0664834
1.18538,-0.21049,0.0572701,-0.0459785,0.0872265
1.18466,-0.209287,0.0270303,-0.0115251,0.0345399
1.1836,-0.207826,0.0394445,-0.0242831,0.0552843
1.18247,-0.206091,0.0246349,-0.00962643,0.0309163
1.18141,-0.204637,0.0370377,-0.0223866,0.0516636
1.18015,-0.202738,0.0240483,-0.0095391,0.0302826
1.17909,-0.201279,0.0364436,-0.0222993,0.0510338
1.17835,-0.200122,0.0238317,-0.00961821,0.0301268
1.1771,-0.198403,0.03624,-0.0223645,0.0508913
1.17624,-0.197206,0.0486272,-0.035126,0.0716448
1.17559,-0.196176,0.0260439,-0.010663,0.0330321
1.17451,-0.194596,0.0215459,-0.00791277,0.026736
1.17346,-0.193137,0.0339227,-0.0206739,0.0474956
1.17232,-0.191479,0.0231172,-0.00961091,0.0294285
1.17127,-0.190026,0.0354925,-0.02237,0.0501918
1.17019,-0.188531,0.0478872,-0.035115,0.0709653
1.16941,-0.187356,0.0257802,-0.0107912,0.0328729
1.1684,-0.185897,0.0214085,-0.00799454,0.0266661
1.16734,-0.184434,0.0337763,-0.0207534,0.0474336
1.1664,-0.183069,0.0230507,-0.00965047,0.0294024
1.16551,-0.181838,0.0354049,-0.0224172,0.0501657
1.16402,-0.179725,0.0233946,-0.00982972,0.0298678
1.16294,-0.178232,0.0357636,-0.0225837,0.0506418
1.16235,-0.177376,0.0235064,-0.00981022,0.0299701
1.16091,-0.175341,0.0205584,-0.00803655,0.0258553
1.15985,-0.173882,0.0329147,-0.0207969,0.0466267
1.1588,-0.172395,0.0226769,-0.00982697,0.0291566
1.15774,-0.170936,0.0350366,-0.0225838,0.0499313
1.15669,-0.169478,0.0474124,-0.035329,0.0707145
1.15555,-0.167876,0.0255711,-0.0109212,0.0327746
1.15445,-0.166354,0.0379456,-0.0236663,0.0535585
1.15394,-0.165625,0.0241636,-0.00971208,0.0305711
1.15288,-0.164167,0.0365296,-0.0224626,0.0513515
1.15181,-0.162672,0.0238317,-0.00963501,0.0301896
1.15062,-0.161023,0.020733,-0.00792148,0.0259607
1.14926,-0.159139,0.0195875,-0.00782974,0.0247549
1.1482,-0.157681,0.0319368,-0.020592,0.0455272
1.14714,-0.156216,0.0443028,-0.0333423,0.0663082
1.14633,-0.155105,0.0247853,-0.0110278,0.0320772
1.14528,-0.153645,0.0370989,-0.0237625,0.0529079
1.14439,-0.152417,0.0238034,-0.00987,0.0303973
1.14318,-0.150754,0.0206476,-0.00798806,0.0260271
1.14212,-0.149282,0.032877,-0.0207041,0.0469281
1.14095,-0.147672,0.0226369,-0.00975551,0.0293032
1.13991,-0.146205,0.0347691,-0.0224344,0.0503063
1.13869,-0.144543,0.0230759,-0.0098611,0.0299626
1.13765,-0.143063,0.0351113,-0.0225028,0.0510666
1.13645,-0.141418,0.0231849,-0.00977674,0.0301782
1.13542,-0.139941,0.0351222,-0.022382,0.0513815
1.13473,-0.139011,0.0232005,-0.00969584,0.030306
1.13356,-0.137386,0.0202582,-0.00792923,0.0261624
1.13253,-0.135905,0.0320401,-0.0204856,0.0475081
1.13173,-0.134811,0.0222385,-0.00966981,0.0295978
1.13071,-0.133321,0.0339274,-0.0221852,0.0510437
1.12959,-0.13177,0.0227001,-0.00975618,0.0302881
1.12859,-0.130287,0.0342935,-0.022232,0.0518322
1.12749,-0.128666,0.045865,-0.034669,0.0734387
1.12658,-0.127303,0.0573783,-0.0470868,0.0950975
1.12516,-0.12539,0.0269345,-0.0111206,0.0358996
1.12417,-0.123894,0.0383533,-0.0235052,0.0576452
1.12329,-0.122722,0.0241859,-0.00920925,0.0318158
1.12229,-0.121216,0.0355035,-0.021559,0.0536522
1.12154,-0.120214,0.0233856,-0.00915087,0.0311536
1.12055,-0.11871,0.0346046,-0.0214628,0.0530825
1.11957,-0.117205,0.0457916,-0.0337418,0.0750681
1.11859,-0.115695,0.0569472,-0.0459876,0.0971103
1.11721,-0.113829,0.0270239,-0.0107094,0.0364337
1.11595,-0.112056,0.0215529,-0.00743525,0.0281971
1.11498,-0.110539,0.0325363,-0.0196455,0.0503572
1.11388,-0.109012,0.0224412,-0.00901539,0.0306812
1.11269,-0.107292,0.0197127,-0.00755686,0.0267053
1.11173,-0.105769,0.0305492,-0.0197101,0.0489979
1.1105,-0.103818,0.0413886,-0.0318074,0.07136
1.10981,-0.102724,0.0521152,-0.0439071,0.093764
1.10923,-0.102037,0.025744,-0.0108774,0.0361174
1.10785,-0.100036,0.0208628,-0.00756532,0.028185
1.1069,-0.0985041,0.0314768,-0.0196032,0.0507099
1.10613,-0.0974451,0.0219309,-0.00902717,0.0308506
1.10503,-0.0958126,0.0193504,-0.0075301,0.0268777
1.10408,-0.0942679,0.0298225,-0.0195053,0.0495342
1.10314,-0.0927219,0.0402645,-0.0314446,0.0722456
1.10191,-0.0909545,0.0234706,-0.0102156,0.033919
1.10097,-0.0894152,0.0338202,-0.0221121,0.0567168
1.10031,-0.0885387,0.02245,-0.00913988,0.0319817
1.09939,-0.0870024,0.0327082,-0.0209906,0.0548679
1.0985,-0.0857519,0.0221566,-0.00900844,0.0317323
1.09758,-0.0842022,0.0323262,-0.0208118,0.0547068
1.09674,-0.0830077,0.0220093,-0.00898606,0.0317373
1.09546,-0.0810568,0.0192496,-0.00736269,0.0273107
1.09455,-0.0795034,0.0292786,-0.0191012,0.050411
1.09364,-0.077952,0.0392786,-0.0308028,0.0735646
1.09232,-0.0759923,0.0231704,-0.00997656,0.0343342
1.09142,-0.0744381,0.0330807,-0.0216321,0.0575719
1.09024,-0.0727093,0.0221508,-0.00893421,0.0323342
1.08934,-0.0711454,0.0319742,-0.0205416,0.0556566
1.08856,-0.0700484,0.0218454,-0.00881227,0.0320713
1.08751,-0.0684306,0.0190855,-0.00721714,0.0275525
1.08662,-0.0668691,0.02877,-0.0187571,0.0509973
1.08573,-0.0652961,0.0384279,-0.0302585,0.0744945
1.08508,-0.0644281,0.0229031,-0.00979316,0.0346362
1.0842,-0.0628621,0.0324715,-0.0212463,0.058216
1.08317,-0.0613401,0.0219022,-0.00877199,0.0326009
1.0823,-0.0597644,0.0313849,-0.0201744,0.0562641
1.08136,-0.0583838,0.021594,-0.00865301,0.0323323
1.0805,-0.0568137,0.0309911,-0.0200039,0.0560786
1.07963,-0.0552326,0.0403626,-0.0313153,0.0798761
1.07862,-0.0537797,0.0234999,-0.00949424,0.0355423
1.07764,-0.0519835,0.0327981,-0.0207496,0.0594229
1.07697,-0.0510943,0.0220631,-0.00846347,0.0329985
1.07599,-0.0495488,0.0190656,-0.00688741,0.0280598
1.07481,-0.0475897,0.0177908,-0.00681205,0.0267721
1.07396,-0.0460021,0.0268869,-0.0179861,0.050799
1.07298,-0.0444574,0.0198534,-0.00866758,0.0314376
1.07214,-0.0428731,0.0288732,-0.0197824,0.0555492
1.0713,-0.0412801,0.0378684,-0.0308566,0.0797106
1.07032,-0.0398305,0.0225571,-0.00957332,0.0355877
1.06912,-0.0378722,0.0190723,-0.00704775,0.0287319
1.06828,-0.0362747,0.0279997,-0.0180976,0.0529377
1.06743,-0.0346507,0.0369265,-0.0291207,0.0771717
1.06679,-0.0338165,0.0224511,-0.00933193,0.0353804
1.06596,-0.0322264,0.0313557,-0.0203502,0.0596255
1.065,-0.0307606,0.021475,-0.0083966,0.0331484
1.06397,-0.0290745,0.0187036,-0.00683234,0.0282013
1.06286,-0.0271991,0.0175304,-0.00675032,0.0269063
1.06197,-0.0255076,0.0264403,-0.0177908,0.0511267
1.06119,-0.0242816,0.0196493,-0.00859413,0.0315717
1.06002,-0.0222813,0.0177636,-0.00716376,0.0276932
1.05918,-0.0206856,0.0266787,-0.0182153,0.0519005
1.05807,-0.0188465,0.0196976,-0.00866273,0.0316894
1.05724,-0.0172544,0.0286259,-0.0197149,0.0558926
1.0564,-0.0156532,0.0375743,-0.0307565,0.0801012
1.05575,-0.0147514,0.0224661,-0.0095456,0.0356632
1.05478,-0.0131495,0.0190357,-0.00703806,0.0287567
1.05364,-0.0112105,0.0176841,-0.0067814,0.0270396
1.0528,-0.00960591,0.0266249,-0.0178492,0.0512229
1.05195,-0.00800528,0.0355851,-0.0289068,0.0754115
1.05112,-0.00671969,0.0219296,-0.00953034,0.0350586
1.05028,-0.00513208,0.0308935,-0.0205943,0.0592395
1.04945,-0.00354082,0.0398771,-0.031648,0.0834258
1.04874,-0.002544,0.023268,-0.00935544,0.0361398
1.0479,-0.000951265,0.0322488,-0.0204201,0.0603153
1.04695,0.00052253,0.0218619,-0.00830724,0.0332764
1.04612,0.00210964,0.0308443,-0.0193798,0.0574431
1.04528,0.00370199,0.0398464,-0.030442,0.0816152
1.04415,0.00544856,0.0234455,-0.00914874,0.0359964
1.04293,0.00747381,0.0195689,-0.00680491,0.0288937
1.04209,0.00906448,0.0285576,-0.0178928,0.0530425
1.04126,0.0103615,0.0206334,-0.00831265,0.032005
1.04042,0.0119592,0.0296306,-0.0194036,0.0561482
1.03957,0.0132842,0.0208792,-0.00850048,0.032493
1.03873,0.0148751,0.0298832,-0.0195956,0.0566299
1.03789,0.0164667,0.0389066,-0.0306804,0.0807723
1.03702,0.0177385,0.0230305,-0.00936007,0.0358014
1.03618,0.0193402,0.0320539,-0.0204547,0.0599334
1.03512,0.020993,0.0217797,-0.00836714,0.0331805
1.03429,0.0225776,0.0308049,-0.0194701,0.0573032
1.03308,0.0245157,0.0213923,-0.00834288,0.0327431
1.03192,0.0264455,0.0187085,-0.00687338,0.0280491
1.03084,0.0284816,0.0277659,-0.0179759,0.0521633
1.03023,0.0296277,0.0367786,-0.029102,0.0762649
1.02961,0.0304687,0.0224084,-0.00942267,0.0351916
1.02877,0.0320576,0.0314555,-0.0205396,0.0592933
1.02796,0.0332648,0.021513,-0.00849348,0.0330211
1.02694,0.0349279,0.0187537,-0.00690846,0.0281039
1.02572,0.037,0.0175958,-0.00681941,0.0268145
1.02487,0.0385941,0.0266627,-0.0179745,0.05087
1.02374,0.0404271,0.0197668,-0.00868875,0.0314388
1.02289,0.042015,0.0288917,-0.0198742,0.0554454
1.02207,0.043264,0.0204992,-0.00880028,0.0322209
1.02122,0.0448478,0.029679,-0.0200176,0.0561774
1.02052,0.0458617,0.0208488,-0.00873424,0.0323545
1.01933,0.0478285,0.0184683,-0.00715215,0.0277913
1.01846,0.0494059,0.0277882,-0.018469,0.0515983
1.01743,0.0510354,0.0202694,-0.00874774,0.0314793
1.01656,0.0526133,0.0296917,-0.0201228,0.0551913
1.01544,0.0543523,0.0208803,-0.00887856,0.0320602
1.01457,0.0559259,0.0304032,-0.0203128,0.0556754
1.01352,0.0577835,0.0400156,-0.0317508,0.0792583
1.0128,0.0590627,0.0496515,-0.0432391,0.102777
1.01209,0.059955,0.0251534,-0.0102359,0.0376672
1.01125,0.0611899,0.0204241,-0.00711948,0.0289891
1.01024,0.0627673,0.0186596,-0.00688021,0.0268151
1.00935,0.064327,0.0284706,-0.0184962,0.0501317
1.00802,0.0666293,0.0384081,-0.0300932,0.073428
1.00754,0.0674388,0.0483104,-0.0417896,0.096621
1.00633,0.0692021,0.024853,-0.0104481,0.0368737
1.00525,0.0708229,0.0203481,-0.00732257,0.0286486
1.00433,0.0723825,0.0304151,-0.0190739,0.0517208
1.00359,0.0734281,0.0214923,-0.00881344,0.031267
1.00267,0.0749744,0.0316596,-0.0206189,0.0542398
1.00175,0.0765192,0.0418925,-0.032439,0.0771717
1.00075,0.0779216,0.0239802,-0.0099631,0.034753
0.999349,0.0800244,0.0201103,-0.00741014,0.028006
0.998407,0.0815778,0.0304774,-0.0193247,0.0507754
0.99749,0.0828779,0.0215351,-0.0090051,0.030926
0.996347,0.0845731,0.019153,-0.00754069,0.0269164
0.995403,0.0861059,0.0296668,-0.0195385,0.0495293
0.994459,0.0876319,0.0402462,-0.0315497,0.0721006
0.993754,0.0885423,0.0234943,-0.0102868,0.0338202
0.992494,0.0903737,0.0199452,-0.00769865,0.0275626
0.991536,0.0918993,0.0306664,-0.019795,0.0499728
0.990771,0.0929265,0.0216053,-0.00925578,0.0305664
0.989811,0.0944431,0.0324321,-0.0213989,0.0528756
0.988589,0.0961509,0.0221057,-0.00940747,0.0310266
0.987429,0.0979663,0.0330621,-0.0215843,0.0532405
0.986608,0.0990291,0.0223449,-0.00940302,0.0310608
0.985632,0.10054,0.033382,-0.0216401,0.0531641
0.984765,0.101669,0.0224974,-0.00939826,0.0310226
0.983664,0.103187,0.0197676,-0.0077179,0.0266673
0.982371,0.105003,0.018744,-0.00760893,0.0254501
0.981379,0.106513,0.0299798,-0.0199486,0.0473353
0.980276,0.107995,0.021376,-0.00965724,0.0297169
0.979277,0.109499,0.0327232,-0.022037,0.0515005
0.978282,0.110993,0.0441369,-0.0344265,0.0732417
0.97687,0.112828,0.0245203,-0.0107224,0.0335249
0.975862,0.114326,0.0360378,-0.0231587,0.0551569
0.974979,0.115386,0.0233967,-0.00953028,0.0311925
0.973969,0.116873,0.0350186,-0.0220114,0.0527162
0.972954,0.118362,0.0467077,-0.0345006,0.0741978
0.972116,0.119291,0.025475,-0.0104255,0.0337211
0.970673,0.121158,0.0211574,-0.00775017,0.0271735
0.969645,0.122643,0.0329901,-0.020319,0.048478
0.968404,0.12419,0.0227131,-0.00945417,0.029855
0.967226,0.125687,0.0201207,-0.00792263,0.0260088
0.965989,0.12745,0.03213,-0.0205439,0.0471544
0.965136,0.128445,0.0223362,-0.00975203,0.0294003
0.963847,0.130078,0.0199496,-0.00813178,0.0257494
0.962796,0.131556,0.0321036,-0.0208255,0.0467205
0.961756,0.133012,0.044324,-0.0335261,0.067648
0.961076,0.133706,0.0247826,-0.0109616,0.0323512
0.95995,0.135067,0.0209324,-0.00818168,0.0264756
0.958602,0.136745,0.019649,-0.00788215,0.0248877
0.957545,0.138197,0.0320766,-0.0206698,0.0455819
0.956531,0.139377,0.022383,-0.00997152,0.0288382
0.955466,0.140827,0.0349259,-0.0227895,0.0494266
0.954397,0.142276,0.0475363,-0.0356116,0.0699723
0.953325,0.143725,0.0602143,-0.0484375,0.0904754
0.952249,0.145172,0.0729601,-0.0612671,0.110936
0.950886,0.146565,0.0292512,-0.0119073,0.0365756
0.949806,0.148004,0.0420927,-0.0247876,0.0569068
0.948965,0.148795,0.0256024,-0.00944476,0.0311668
0.94787,0.15024,0.038549,-0.0223643,0.0513791
0.946793,0.151359,0.0247395,-0.00945843,0.0300964
0.945235,0.153151,0.0213876,-0.00785425,0.0257318
0.944138,0.154579,0.0344916,-0.0208338,0.0457609
0.942808,0.15604,0.0234776,-0.0098214,0.02873
0.941704,0.157464,0.0366974,-0.0228285,0.0486476
0.940641,0.158563,0.0239979,-0.0100384,0.0291905
0.939543,0.159967,0.0373325,-0.0230738,0.0489944
0.938518,0.161001,0.0242174,-0.0100353,0.0292257
0.937404,0.162412,0.0376665,-0.0230972,0.0489173
0.936013,0.163874,0.0243611,-0.0100235,0.0291797
0.934514,0.16551,0.0212962,-0.00822497,0.0251507
0.933338,0.16698,0.0349179,-0.0213306,0.0446637
0.932311,0.167997,0.0236528,-0.0100856,0.0281988
0.931181,0.169397,0.0373888,-0.0232165,0.0475975
0.929995,0.170578,0.0242809,-0.0102263,0.0287154
0.928852,0.171981,0.0381348,-0.0233793,0.0480006
0.927569,0.17325,0.0245557,-0.0101761,0.028786
0.926431,0.174635,0.0385263,-0.0233524,0.0479549
0.925065,0.175979,0.0247287,-0.0101379,0.0287578
0.923915,0.177365,0.038817,-0.0233359,0.0478108
0.922446,0.178805,0.0248613,-0.0101217,0.0286981
0.921297,0.180178,0.0390676,-0.0233414,0.0476328
0.920049,0.181344,0.0249733,-0.0101205,0.028623
0.918414,0.183007,0.0217908,-0.00830772,0.0246868
0.917248,0.184381,0.0361703,-0.0215645,0.0434359
0.916081,0.18575,0.0506173,-0.0348179,0.0621422
0.914912,0.187117,0.0651318,-0.0480675,0.0808057
0.914074,0.187672,0.0290013,-0.0119216,0.0328343
0.912733,0.188925,0.0232376,-0.0083178,0.025793
0.911551,0.190287,0.0379159,-0.0216145,0.0442537
0.910319,0.191394,0.024956,-0.00997202,0.0278156
0.908872,0.192793,0.0219635,-0.0083427,0.0242588
0.907674,0.194154,0.0368168,-0.021669,0.0425341
0.906492,0.195493,0.0517367,-0.0349908,0.0607655
0.905286,0.196852,0.0667252,-0.0483055,0.078956
0.904302,0.197532,0.0293926,-0.0120037,0.0323776
0.903027,0.198661,0.023517,-0.00837259,0.0254799
0.90141,0.2002,0.0217457,-0.00803377,0.0235184
0.900209,0.201528,0.0369557,-0.0214026,0.0414342
0.898958,0.202627,0.024742,-0.0102733,0.0268328
0.89775,0.203951,0.0400743,-0.0236498,0.0446337
0.89638,0.20514,0.0254766,-0.0104419,0.0274282
0.895162,0.206463,0.0409302,-0.0238267,0.0451122
0.893662,0.207755,0.0257715,-0.0103738,0.027529
0.892438,0.209074,0.0413466,-0.023767,0.0450937
0.891277,0.209997,0.0259583,-0.0103102,0.02752
0.889674,0.211425,0.0226135,-0.00844971,0.0237884
0.888101,0.213096,0.0383885,-0.0218419,0.0411803
0.88721,0.214038,0.0542029,-0.0352654,0.058478
0.886006,0.21493,0.0280428,-0.0114535,0.0293791
0.884447,0.216267,0.0233336,-0.00855362,0.0242292
0.883201,0.217567,0.0393312,-0.0219758,0.0413631
0.881681,0.218818,0.0256566,-0.01026,0.0265436
0.880433,0.220109,0.0417773,-0.0236844,0.043559
0.879324,0.220927,0.0262119,-0.0103994,0.0269319
0.878066,0.222217,0.0424547,-0.0238258,0.0438284
0.876134,0.223815,0.0264403,-0.0103561,0.026974
0.874563,0.22541,0.042826,-0.0237652,0.043767
0.873603,0.22638,0.0592526,-0.0372007,0.060468
0.872548,0.227014,0.029252,-0.0113446,0.0295675
0.871276,0.228288,0.0458038,-0.0247676,0.0461697
0.870237,0.228949,0.0274343,-0.0101303,0.0275162
0.868702,0.230176,0.0235519,-0.00825593,0.0235122
0.867427,0.231436,0.0402814,-0.0216892,0.0399142
0.866142,0.2327,0.0570771,-0.0351089,0.0562755
0.86454,0.233855,0.0290157,-0.0113368,0.0287018
0.863173,0.234887,0.0240329,-0.00848586,0.0236908
0.861473,0.236268,0.0225775,-0.00821279,0.0221432
0.860182,0.237514,0.0396128,-0.021643,0.0382309
0.858344,0.238953,0.0260244,-0.0104232,0.0253002
0.857042,0.240198,0.0431852,-0.023844,0.0412714
0.855467,0.241347,0.0268424,-0.0105384,0.0259343
0.854158,0.242587,0.044128,-0.0239507,0.0417858
0.852994,0.24334,0.0271589,-0.0104299,0.0260746
0.851691,0.244564,0.0445676,-0.0238343,0.0418045
0.850189,0.245603,0.0273467,-0.0103447,0.026083
0.848871,0.24683,0.0448789,-0.0237398,0.0416917
0.847549,0.248055,0.0624764,-0.0371185,0.05726
0.846497,0.248592,0.0302354,-0.0113152,0.0285877
0.845178,0.249804,0.047953,-0.0246899,0.0440236
0.843755,0.250703,0.0283136,-0.0100953,0.0266379
0.842423,0.251915,0.0461528,-0.0234614,0.0419472
0.840853,0.252946,0.0279992,-0.0100493,0.0261318
0.839116,0.2542,0.0241985,-0.00827031,0.0225571
0.837768,0.255409,0.0422208,-0.0216254,0.0376662
0.836379,0.25632,0.0271124,-0.0101997,0.0249031
0.835002,0.257543,0.0452593,-0.0235371,0.0398956
0.833613,0.258425,0.0277531,-0.0103497,0.0253312
0.832258,0.259618,0.0460217,-0.0236721,0.0402021
0.830925,0.260436,0.0279911,-0.0102888,0.0253973
0.829063,0.261758,0.0242941,-0.00841214,0.0220711
0.82771,0.262932,0.042746,-0.0217152,0.0367465
0.825871,0.264177,0.0273436,-0.0102597,0.0244635
0.824509,0.265353,0.0458669,-0.0235493,0.0390746
0.823102,0.266208,0.0279998,-0.0103659,0.0249724
0.821732,0.267385,0.0465938,-0.0236431,0.0395172
0.820413,0.268153,0.0282211,-0.0102832,0.0251071
0.81859,0.269403,0.0244585,-0.00840352,0.0218725
0.817196,0.270595,0.0431052,-0.0216761,0.0363562
0.815509,0.271682,0.0274932,-0.0102462,0.0242941
0.814057,0.272923,0.0461609,-0.0235099,0.0387697
0.812453,0.273908,0.0281114,-0.0103537,0.02485
0.811083,0.275077,0.0467939,-0.0236173,0.0393057
0.809713,0.276246,0.0654868,-0.0368687,0.0537757
0.808793,0.276577,0.031111,-0.0112861,0.027523
0.807426,0.277741,0.0498195,-0.0245394,0.041967
0.80592,0.278586,0.0290398,-0.0100467,0.0258187
0.804549,0.279753,0.0477657,-0.0232992,0.0402406
0.802683,0.280891,0.0286573,-0.00998674,0.0254254
0.80131,0.282058,0.0474018,-0.0232372,0.0398262
0.799937,0.283224,0.0661567,-0.0364755,0.0542414
0.798624,0.283822,0.0313658,-0.0110605,0.0277494
0.797248,0.284988,0.0501378,-0.0243017,0.0421339
0.79601,0.285587,0.0291867,-0.00992378,0.0259113
0.794641,0.286747,0.0479754,-0.0231654,0.0402717
0.793267,0.28791,0.0667746,-0.0363947,0.0546467
0.791314,0.288987,0.0315436,-0.0109409,0.0278943
0.789876,0.290203,0.0503648,-0.0241697,0.0422394
0.788555,0.291319,0.0691903,-0.0373936,0.0565905
0.787121,0.291936,0.0319791,-0.0108273,0.0283269
0.785197,0.293124,0.0257756,-0.00802013,0.0230478
0.783818,0.294285,0.0446312,-0.0212542,0.0373322
0.782443,0.295443,0.0634968,-0.0344763,0.0516309
0.781089,0.296069,0.031042,-0.0109643,0.0272646
0.779273,0.297201,0.025439,-0.00823326,0.0225826
0.777892,0.29836,0.0443326,-0.0214627,0.0368242
0.776488,0.299539,0.0632377,-0.0346785,0.0510821
0.775132,0.300677,0.0821505,-0.0478851,0.065351
0.773601,0.301342,0.033206,-0.0117199,0.0290923
0.772223,0.302497,0.0521385,-0.0249309,0.0433228
0.770689,0.303257,0.0296753,-0.0098349,0.0261898
0.769082,0.304215,0.0251624,-0.0079974,0.0223046
0.767132,0.305498,0.0238037,-0.00795957,0.0209355
0.765744,0.306655,0.0427758,-0.0211793,0.0350881
0.764259,0.307895,0.061763,-0.0343812,0.0492622
0.763276,0.308258,0.03059,-0.0113371,0.0264648
0.761894,0.309409,0.0495909,-0.0245429,0.0406097
0.760511,0.310561,0.068602,-0.0377365,0.0547691
0.758816,0.311389,0.0317685,-0.0111482,0.0276786
0.757424,0.312546,0.0508001,-0.0243433,0.0418046
0.756051,0.313687,0.0698408,-0.0375275,0.0559438
0.754389,0.314428,0.0321222,-0.0108639,0.028095
0.752862,0.315263,0.0258844,-0.00802908,0.0228837
0.751203,0.316284,0.024111,-0.00785675,0.021148
0.749332,0.317511,0.0234682,-0.00807723,0.0203991
0.74806,0.318562,0.0425581,-0.0212809,0.0344197
0.746672,0.319708,0.0616616,-0.0344681,0.0484603
0.744983,0.320613,0.0305515,-0.0114519,0.0261625
0.743209,0.322076,0.0496942,-0.0246137,0.040207
0.742206,0.322904,0.0688112,-0.0378067,0.0542138
0.740818,0.324049,0.0879561,-0.0509658,0.0682616
0.739196,0.324666,0.0339566,-0.0117317,0.0294209
0.737806,0.32581,0.0531229,-0.0248973,0.0434215
0.736357,0.32644,0.0300038,-0.0097091,0.0262115
0.734807,0.327285,0.0253645,-0.00791797,0.0222453
0.733414,0.328428,0.044562,-0.0210909,0.036182
0.732044,0.329131,0.0281747,-0.0098976,0.0242344
0.730653,0.33027,0.0473919,-0.0230652,0.0381546
0.729266,0.331406,0.0666188,-0.0362209,0.0520893
0.727017,0.332641,0.0315464,-0.0111441,0.0270728
0.725622,0.333781,0.0507964,-0.0242989,0.0409752
0.724076,0.33452,0.0294573,-0.00995033,0.0254274
0.722687,0.335653,0.0487289,-0.0231025,0.0393038
0.721369,0.33624,0.0290709,-0.00990552,0.0250217
0.719974,0.337377,0.0483625,-0.0230551,0.0388743
0.718193,0.338328,0.0289779,-0.00995857,0.024872
0.716807,0.339455,0.0482907,-0.0231047,0.0387012
0.715305,0.340198,0.028951,-0.00999734,0.0247941
0.713655,0.341537,0.0482964,-0.0231248,0.0386196
0.712024,0.342359,0.0289465,-0.0100177,0.0247472
0.710623,0.343494,0.048303,-0.0231544,0.0385333
0.709221,0.34463,0.0676693,-0.0362789,0.0523346
0.707737,0.345239,0.0318116,-0.0110357,0.027143
0.706375,0.34634,0.0511977,-0.0241627,0.0409077
0.704671,0.347174,0.029615,-0.00987565,0.0254011
0.703271,0.348304,0.0490244,-0.0229986,0.0391403
0.701505,0.349207,0.0292028,-0.00985056,0.0249611
0.699677,0.350273,0.0251457,-0.00811344,0.0216281
0.698272,0.351403,0.0445894,-0.0212361,0.0353152
0.696788,0.35217,0.0282039,-0.0100176,0.0238216
0.695384,0.353298,0.0476687,-0.0231335,0.0374929
0.693987,0.35442,0.0671428,-0.0362378,0.0511788
0.692559,0.355017,0.0316911,-0.0111773,0.0267636
0.691376,0.355965,0.0511778,-0.0242914,0.0404054
0.689996,0.35658,0.0296029,-0.00996115,0.0251777
0.688146,0.357666,0.0252985,-0.00809722,0.0216786
0.686257,0.358825,0.0240374,-0.00800357,0.0204348
0.684857,0.359942,0.0435762,-0.0211088,0.0340171
0.683448,0.361067,0.063125,-0.0342017,0.047615
0.68207,0.361676,0.0310242,-0.0113015,0.0258959
0.680402,0.363005,0.0506053,-0.0243761,0.0394885
0.678989,0.363636,0.0294286,-0.0101311,0.0248013
0.677584,0.364754,0.0490198,-0.0232156,0.0383531
0.676193,0.365389,0.0291926,-0.00998875,0.0245955
0.674448,0.366391,0.0251776,-0.00818641,0.021388
0.672559,0.367544,0.0240125,-0.00806599,0.0202548
0.671146,0.368664,0.0436489,-0.0211486,0.0337397
0.669205,0.369789,0.0279742,-0.0102101,0.0231838
0.668193,0.37059,0.0476197,-0.0233011,0.0366333
0.666315,0.371621,0.0287716,-0.0103122,0.0239027
0.664902,0.372738,0.0484526,-0.023379,0.0373567
0.663701,0.373249,0.0290099,-0.0101878,0.0241676
0.661711,0.374428,0.0251073,-0.00831125,0.0211365
0.660295,0.375543,0.0448218,-0.0213733,0.0345483
0.658827,0.376283,0.0283018,-0.0101057,0.0234372
0.657412,0.377396,0.0480375,-0.0231598,0.036835
0.655996,0.378509,0.0677828,-0.0362018,0.0502481
0.654044,0.379449,0.0318617,-0.0112011,0.0264329
0.652622,0.380564,0.0516307,-0.0242402,0.0398149
0.650984,0.381309,0.0297837,-0.00994677,0.0249269
0.649567,0.382419,0.0495751,-0.0229821,0.0382819
0.648269,0.382947,0.0294365,-0.00985047,0.0245876
0.647074,0.383882,0.0492411,-0.022892,0.0379056
0.645424,0.384679,0.0293541,-0.00989237,0.0244477
0.644009,0.385783,0.049188,-0.0229188,0.037756
0.642589,0.386891,0.0690315,-0.0359331,0.0510799
0.641,0.387528,0.0322303,-0.0109221,0.0267698
0.638932,0.388672,0.0261559,-0.00809603,0.0220846
0.637509,0.389779,0.0460351,-0.0211135,0.0353412
0.635583,0.390786,0.0287514,-0.00981639,0.023771
0.63416,0.39189,0.0486536,-0.022827,0.0370075
0.632553,0.392651,0.029211,-0.0100039,0.0240993
0.631126,0.393757,0.0491358,-0.0230079,0.0373154
0.629705,0.394381,0.0293213,-0.00999081,0.0241808
0.628279,0.395487,0.0492418,-0.0229956,0.0374019
0.62686,0.396589,0.0691451,-0.0359953,0.0506643
0.625071,0.397357,0.0322377,-0.0109711,0.0266248
0.623646,0.398466,0.0521128,-0.0239823,0.0399045
0.621833,0.3993,0.0299717,-0.00980972,0.0250002
0.620119,0.400206,0.0255465,-0.00800184,0.0215296
0.618695,0.401321,0.0453283,-0.0210449,0.0348807
0.617289,0.402427,0.0650663,-0.0340896,0.0482987
0.616356,0.402625,0.031546,-0.0110126,0.0261774
0.61485,0.403404,0.0258393,-0.00825283,0.0218875
0.612838,0.404615,0.0242451,-0.00799526,0.020479
0.611456,0.405715,0.0438199,-0.0210923,0.0340255
0.610152,0.406346,0.0279985,-0.0101642,0.0233268
0.608748,0.407471,0.047492,-0.0232754,0.0369651
0.607197,0.408251,0.0286902,-0.0102939,0.0240868
0.605797,0.409381,0.0481015,-0.0234212,0.0378122
0.604368,0.41006,0.0288363,-0.010201,0.0244082
0.603145,0.411053,0.048152,-0.0233544,0.0382151
0.601517,0.411871,0.0288457,-0.0101439,0.0245807
0.600125,0.413009,0.0480923,-0.0233045,0.0384741
0.597992,0.414195,0.0288263,-0.0101071,0.0247071
0.596709,0.415249,0.0479848,-0.0232892,0.0386792
0.594825,0.416239,0.0287806,-0.010099,0.0247958
0.593439,0.417385,0.0478669,-0.0232908,0.0388507
0.591987,0.418052,0.0287311,-0.0100972,0.0248735
0.590604,0.419204,0.0477359,-0.0233039,0.0390102
0.589002,0.419995,0.0286752,-0.0101013,0.0249446
0.58762,0.421153,0.0475987,-0.0233226,0.0391632
0.58588,0.422057,0.0286166,-0.0101082,0.0250122
0.584514,0.423208,0.0474581,-0.0233443,0.0393117
0.582791,0.424107,0.0285576,-0.0101152,0.025079
0.581477,0.425222,0.047314,-0.0233676,0.0394589
0.579983,0.425952,0.028494,-0.0101269,0.0251404
0.578616,0.42712,0.0471726,-0.0233896,0.0396037
0.577311,0.427717,0.0284322,-0.0101365,0.0252033
0.575513,0.428823,0.0245436,-0.00832182,0.0219565
0.57415,0.429997,0.0430996,-0.0216091,0.0365291
0.572788,0.431175,0.0616129,-0.034892,0.0511691
0.571019,0.432083,0.0304069,-0.0113246,0.027067
0.569668,0.433258,0.0488386,-0.0246218,0.0417824
0.567871,0.434221,0.0286676,-0.010191,0.0258015
0.566515,0.435408,0.0470187,-0.0235,0.0405958
0.565545,0.435737,0.0283085,-0.0101022,0.0255994
0.563569,0.437009,0.0243971,-0.00829961,0.022236
0.562218,0.438202,0.0426248,-0.0216314,0.037138
0.560894,0.4389,0.0272456,-0.0102136,0.024703
0.559188,0.440002,0.0239371,-0.00851998,0.0218767
0.557844,0.4412,0.0420414,-0.0218688,0.0368972
0.555973,0.442372,0.0269821,-0.0103817,0.0245886
0.554525,0.443671,0.0450102,-0.0237302,0.0397053
0.553298,0.444776,0.0629807,-0.0370845,0.0548803
0.552108,0.445242,0.0303619,-0.0114697,0.0279068
0.551411,0.445874,0.0482032,-0.0248668,0.0431453
0.549312,0.447156,0.028345,-0.0102132,0.0263154
0.547975,0.448374,0.0461605,-0.0235832,0.0416445
0.545953,0.449593,0.0279343,-0.0101223,0.026046
0.544273,0.450659,0.0240808,-0.00832023,0.0225888
0.542945,0.451879,0.0417755,-0.0217082,0.0380229
0.541955,0.452327,0.0268456,-0.0102474,0.0251214
0.540393,0.453363,0.0236008,-0.00854935,0.0222231
0.539074,0.454587,0.0411699,-0.0219495,0.0377782
0.537755,0.455816,0.0586969,-0.035341,0.0534004
0.536426,0.456464,0.0294372,-0.0115359,0.0277581
0.534732,0.457575,0.024311,-0.00860139,0.0231309
0.533418,0.45881,0.0417144,-0.0220098,0.0388583
0.532105,0.460048,0.0590757,-0.0354091,0.0546527
0.530825,0.460629,0.0295299,-0.0113928,0.028157
0.529521,0.461867,0.0468076,-0.0247999,0.0440282
0.528221,0.463105,0.0640431,-0.0381975,0.0599661
0.526381,0.464075,0.0304109,-0.0112256,0.0292649
0.524437,0.465356,0.024637,-0.00827527,0.0238654
0.523142,0.466599,0.0417521,-0.0216956,0.0398873
0.521809,0.467331,0.0267281,-0.0100713,0.0259105
0.520244,0.468392,0.0233961,-0.00842948,0.0227708
0.518951,0.469645,0.040388,-0.021859,0.0389061
0.517454,0.470591,0.0262057,-0.010357,0.0255511
0.516159,0.471853,0.043115,-0.0237851,0.0417767
0.514885,0.4731,0.0599812,-0.0372033,0.0580679
0.513479,0.473802,0.0294276,-0.0115101,0.028886
0.511722,0.475002,0.0241098,-0.00850199,0.0237824
0.510441,0.476267,0.0408543,-0.021934,0.0401715
0.509224,0.476948,0.0263048,-0.0102143,0.026036
0.507176,0.478493,0.0230848,-0.00851203,0.0229218
0.506006,0.479659,0.0396975,-0.0219538,0.0394252
0.504724,0.48094,0.0562783,-0.0353782,0.0559958
0.503613,0.481433,0.0286597,-0.0115291,0.0286161
0.502346,0.482708,0.0451562,-0.0249557,0.0452657
0.500131,0.484245,0.027136,-0.0103375,0.0272357
0.498862,0.485528,0.0435531,-0.0237642,0.0439633
0.497762,0.486049,0.0268149,-0.0102169,0.0270425
0.49584,0.487478,0.0231773,-0.00838308,0.0234269
0.49458,0.488765,0.0394717,-0.0218156,0.040262
0.493476,0.489383,0.0257565,-0.010298,0.0261768
0.492217,0.490676,0.0419674,-0.0237253,0.0431017
0.490831,0.49154,0.0262448,-0.0104391,0.0267945
0.48958,0.492833,0.042373,-0.0238626,0.0438049
0.488332,0.494128,0.0584602,-0.0372719,0.0608809
0.486333,0.495406,0.0289408,-0.0114014,0.0297321
0.484549,0.496675,0.023705,-0.00842631,0.0243604
0.483305,0.497976,0.0396729,-0.0218456,0.0415272
0.482377,0.498408,0.0257591,-0.0101633,0.02667
0.480548,0.499827,0.0226148,-0.00848138,0.0234351
0.479305,0.501139,0.03846,-0.0218987,0.0407169
0.477984,0.502002,0.0252875,-0.0103789,0.0264048
0.476336,0.503279,0.022342,-0.00863222,0.023331
0.475104,0.504591,0.0380652,-0.0220441,0.0407317
0.473875,0.505904,0.0537476,-0.0354402,0.0581977
0.472647,0.507222,0.0693898,-0.0488202,0.075729
0.471392,0.507744,0.029943,-0.0121901,0.0315767
0.470169,0.509065,0.0455028,-0.0255723,0.0491749
0.468164,0.51043,0.0269931,-0.0101329,0.0285066
0.466943,0.511755,0.0424739,-0.0235129,0.0461764
0.465727,0.513081,0.0579142,-0.0368762,0.0639111
0.464179,0.513886,0.0288355,-0.0110447,0.030682
0.462965,0.515216,0.0441951,-0.0244096,0.0484813
0.461782,0.515786,0.0267377,-0.00994022,0.0285361
0.460572,0.51712,0.0420148,-0.0233019,0.0464098
0.459171,0.517973,0.0261821,-0.00996624,0.028112
0.457966,0.519308,0.041377,-0.023322,0.0460636
0.456275,0.520481,0.0259416,-0.0100627,0.0280133
0.455071,0.521824,0.0410565,-0.023411,0.0460432
0.45387,0.523168,0.0561315,-0.036741,0.0641378
0.45244,0.523933,0.028299,-0.0111508,0.0307785
0.45078,0.525176,0.023187,-0.00827193,0.0250958
0.449587,0.526522,0.0381404,-0.0216064,0.0432787
0.448003,0.527659,0.025055,-0.0100419,0.027491
0.446338,0.529006,0.022012,-0.00839269,0.0241054
0.445151,0.530358,0.0368462,-0.0217175,0.042398
0.443817,0.531297,0.0245263,-0.0102885,0.0272036
0.442637,0.532648,0.03928,-0.0235988,0.0455834
0.441312,0.53355,0.0250564,-0.0103932,0.027883
0.440134,0.534908,0.0397299,-0.0236899,0.0463472
0.438964,0.536263,0.0543637,-0.0369671,0.064875
0.437519,0.537117,0.0276778,-0.011315,0.0309461
0.436347,0.538481,0.0422315,-0.0245854,0.0495449
0.434553,0.539769,0.025903,-0.0100624,0.028951
0.433385,0.541137,0.0403781,-0.0233235,0.0476235
0.431539,0.542509,0.0254624,-0.00999391,0.028618
0.430373,0.543883,0.03986,-0.0232439,0.0473657
0.428917,0.54486,0.0252764,-0.0100372,0.0285673
0.427759,0.546231,0.0395946,-0.0232751,0.0473926
0.426065,0.547533,0.0252114,-0.0100243,0.0286196
0.425929,0.547695,0.039333,-0.0233027,0.0475154
0.423757,0.549528,0.0250466,-0.0100896,0.0286239
0.422499,0.551036,0.0392152,-0.023296,0.0476073
0.420926,0.552184,0.0249835,-0.01009,0.0286672
0.419773,0.553574,0.039066,-0.0232878,0.0477243
0.41863,0.554959,0.0531097,-0.0364638,0.0668442
0.416811,0.556211,0.0273491,-0.0110941,0.0315775
0.415667,0.557605,0.0413155,-0.0242614,0.0507641
0.413983,0.558796,0.025544,-0.00991343,0.0294583
0.412845,0.560189,0.0394328,-0.0230688,0.0487165
0.411709,0.561586,0.053284,-0.036201,0.0680374
0.410503,0.562129,0.0274514,-0.010887,0.0319386
0.409095,0.563199,0.0225169,-0.00808473,0.0259183
0.407528,0.564573,0.0208588,-0.0078833,0.0242322
0.406316,0.566079,0.0345561,-0.0210052,0.0436705
0.405014,0.567069,0.0235448,-0.0100968,0.0279749
0.403883,0.568483,0.0371589,-0.0232013,0.0474946
0.402207,0.56986,0.0241345,-0.0102402,0.0287468
0.401088,0.571267,0.0376716,-0.0233251,0.0483468
0.400074,0.571874,0.0242961,-0.0101486,0.0289923
0.398274,0.573529,0.0212051,-0.00828676,0.0251033
0.397158,0.574945,0.0346252,-0.0213502,0.0448106
0.395807,0.576009,0.0234573,-0.0100873,0.0283183
0.39413,0.577562,0.0208068,-0.00838452,0.0249067
0.392989,0.579023,0.0341146,-0.0214199,0.044727
0.391551,0.580206,0.0232141,-0.0101654,0.0283001
0.390442,0.581636,0.0364442,-0.0231778,0.0482033
0.389115,0.582649,0.0237942,-0.0102163,0.0290291
0.388017,0.584072,0.0369469,-0.0232062,0.0490132
0.386907,0.584819,0.0239734,-0.0100969,0.0292759
0.38581,0.586251,0.0370484,-0.0230642,0.0493408
0.384622,0.587092,0.0240266,-0.0100043,0.0294115
0.383532,0.588523,0.0370229,-0.0229495,0.0495561
0.382076,0.589681,0.0240243,-0.00994448,0.0295079
0.380429,0.591219,0.0209452,-0.00813905,0.025496
0.379343,0.592657,0.0338266,-0.0210602,0.0457431
0.378036,0.593714,0.0230865,-0.00994347,0.0287616
0.376346,0.59535,0.0204876,-0.00827198,0.0252684
0.375246,0.59682,0.0332572,-0.0211616,0.045626
0.37388,0.597969,0.0228102,-0.0100397,0.0287281
0.372646,0.599629,0.0355174,-0.0228923,0.0491755
0.371735,0.60086,0.0481531,-0.0357362,0.0696753
0.370233,0.601947,0.0257434,-0.011069,0.0324609
0.369165,0.603398,0.0383254,-0.0238863,0.0530292
0.368159,0.603956,0.0242887,-0.00979916,0.0303766
0.367096,0.60541,0.0367928,-0.0225944,0.051019
0.365705,0.606486,0.0239165,-0.00968689,0.0300691
0.364646,0.607943,0.0363445,-0.022459,0.0507857
0.363124,0.609194,0.0237528,-0.00969884,0.0300413
0.362072,0.610651,0.0361055,-0.0224473,0.0508318
0.360598,0.61185,0.0236483,-0.00970795,0.0300689
0.359552,0.613306,0.0359261,-0.0224319,0.0509335
0.358504,0.614771,0.0481699,-0.0351266,0.0718575
0.356601,0.61631,0.0258557,-0.0106767,0.0331075
0.355036,0.617705,0.0213926,-0.0079027,0.0268292
0.353996,0.61917,0.0335247,-0.0205812,0.0478328
0.352636,0.620287,0.0229193,-0.00955456,0.0296108
0.351795,0.621481,0.0349525,-0.0222139,0.050691
0.350342,0.62271,0.0231797,-0.0097297,0.0301208
0.34931,0.624183,0.035165,-0.0223534,0.0512748
0.348217,0.624952,0.0232273,-0.00969967,0.0302691
0.346688,0.626461,0.0202997,-0.00793831,0.0261255
0.34566,0.627941,0.0321726,-0.0205289,0.0473805
0.344626,0.629436,0.0440127,-0.0330882,0.0686945
0.343424,0.630249,0.0246883,-0.0107343,0.0327475
0.342405,0.631731,0.0364525,-0.0232696,0.0541307
0.34139,0.633215,0.0481832,-0.035774,0.0755721
0.339292,0.63504,0.0257489,-0.0105152,0.0338544
0.338497,0.636209,0.0373757,-0.023014,0.0553519
0.337302,0.636988,0.0239322,-0.00934466,0.0312837
0.335653,0.638617,0.0205702,-0.00762,0.0266262
0.334646,0.640107,0.0321174,-0.0200813,0.048211
0.333176,0.64144,0.0223006,-0.00943863,0.0299133
0.332174,0.642934,0.033777,-0.0218678,0.0515735
0.331068,0.643762,0.0226604,-0.00959881,0.0305239
0.329428,0.645481,0.0198904,-0.00785909,0.0263915
0.32843,0.646981,0.0312583,-0.0202505,0.0481505
0.326868,0.6485,0.0218691,-0.00956733,0.0299001
0.325599,0.65042,0.0331967,-0.021905,0.0517481
0.324553,0.651148,0.0223614,-0.009644,0.0305912
0.323484,0.652775,0.0335982,-0.0219619,0.0525045
0.322476,0.653472,0.0225215,-0.00954764,0.0307962
0.321224,0.655392,0.0337073,-0.0218186,0.0527929
0.320518,0.65648,0.0447874,-0.0340899,0.0748337
0.319201,0.65741,0.0247793,-0.0103944,0.0339923
0.317782,0.658783,0.0206213,-0.00767506,0.0274951
0.316801,0.660306,0.0316346,-0.0199047,0.0496178
0.315572,0.661372,0.0220239,-0.00924968,0.0304323
0.314042,0.663019,0.0194969,-0.00771185,0.0265683
0.313074,0.664537,0.0304028,-0.0198995,0.048789
0.311923,0.665567,0.0214772,-0.00941904,0.0302306
0.310474,0.66714,0.0191684,-0.00782723,0.0265078
0.309511,0.668662,0.0299689,-0.0199678,0.0488309
0.308358,0.669721,0.0212479,-0.00947286,0.0302474
0.307402,0.671243,0.031979,-0.0215737,0.0526481
0.306137,0.672412,0.0218296,-0.00950253,0.0309888
0.305206,0.673905,0.0324872,-0.0215654,0.0534658
0.304053,0.674881,0.0220302,-0.00938001,0.0312113
0.303094,0.676429,0.0326235,-0.0214062,0.0537588
0.301886,0.67748,0.0221068,-0.00928096,0.0313264
0.300326,0.679218,0.0193944,-0.00758032,0.0269908
0.299385,0.680751,0.0298806,-0.0195634,0.0496322
0.298227,0.681815,0.0212208,-0.00923439,0.030596
0.296724,0.683524,0.0189421,-0.00767337,0.0267953
0.295787,0.685065,0.0293257,-0.0196064,0.0495362
0.294579,0.68623,0.0209457,-0.00929755,0.0305822
0.293649,0.68777,0.0312621,-0.021189,0.0533982
0.292477,0.68883,0.0215122,-0.00933303,0.0313184
0.2909,0.690651,0.0190123,-0.00760298,0.0270679
0.289973,0.6922,0.029227,-0.0194456,0.0499795
0.288895,0.69401,0.0394329,-0.0312394,0.0729524
0.288002,0.694466,0.0231508,-0.0101631,0.034116
0.286395,0.69628,0.0196228,-0.00756034,0.0278537
0.285472,0.697843,0.0297045,-0.0193255,0.0509044
0.284073,0.699261,0.021106,-0.00901309,0.0310474
0.283159,0.70082,0.031122,-0.0207379,0.0541683
0.281931,0.701946,0.021478,-0.00909484,0.0316409
0.281026,0.7035,0.0314271,-0.0207802,0.0548309
0.279844,0.704552,0.0215925,-0.00902042,0.0318085
0.278277,0.706391,0.0189804,-0.0073672,0.0273907
0.277375,0.707952,0.0288288,-0.0190044,0.0506704
0.276204,0.709088,0.0207245,-0.00896975,0.0310864
0.275312,0.710644,0.0305071,-0.0205634,0.0544381
0.274279,0.711533,0.0211981,-0.00904122,0.0317765
0.273394,0.713086,0.0309135,-0.0205926,0.0551984
0.272074,0.714406,0.0213608,-0.00894573,0.0319685
0.270583,0.716181,0.0188039,-0.00729883,0.0275267
0.269698,0.717749,0.0284203,-0.0187995,0.0510378
0.268474,0.719012,0.0205342,-0.00887107,0.0312609
0.26766,0.720466,0.0300759,-0.0203287,0.0548441
0.266304,0.721889,0.0210063,-0.00893933,0.0319537
0.265429,0.723462,0.0304943,-0.0203523,0.0556034
0.264343,0.724438,0.0211778,-0.00884162,0.0321437
0.262822,0.726307,0.0186559,-0.0072123,0.0276703
0.261954,0.727882,0.0280441,-0.0185722,0.0514094
0.2605,0.729535,0.0203507,-0.00876659,0.0314344
0.259634,0.731117,0.0296776,-0.020081,0.055242
0.258774,0.732695,0.0389777,-0.031356,0.0791006
0.257628,0.73356,0.022934,-0.00968457,0.0353851
0.256769,0.735147,0.0321677,-0.0209233,0.0593027
0.255915,0.736732,0.0413753,-0.0321221,0.083271
0.254806,0.737411,0.0237677,-0.00937405,0.0360552
0.253957,0.738998,0.0329051,-0.0205421,0.0600767
0.252653,0.740195,0.0221289,-0.00832037,0.0331978
0.251106,0.742092,0.019079,-0.00678675,0.0281782
0.250252,0.743701,0.0281157,-0.0179092,0.052277
0.249135,0.744819,0.0204227,-0.00841087,0.0318245
0.248296,0.746412,0.0293952,-0.0194875,0.0559897
0.247085,0.74767,0.0207404,-0.00854709,0.0324625
0.246251,0.749266,0.0296497,-0.0195781,0.056693
0.245151,0.750332,0.0208296,-0.00849354,0.0326215
0.244304,0.751963,0.0296775,-0.0194773,0.0569179
0.243095,0.753215,0.0208455,-0.00843215,0.0326997
0.241733,0.754946,0.0183436,-0.00689367,0.0281055
0.240909,0.756548,0.0270914,-0.0178218,0.0524861
0.239464,0.758312,0.0199089,-0.00840632,0.0319438
0.238646,0.759914,0.0285973,-0.0192856,0.0563901
0.237609,0.76093,0.0203673,-0.00847236,0.0326366
0.236283,0.762637,0.0180428,-0.00691402,0.0281307
0.235468,0.764249,0.0266363,-0.0177319,0.0526638
0.234177,0.765792,0.019679,-0.00837537,0.0320298
0.233371,0.767399,0.0282133,-0.0191426,0.056629
0.232567,0.769009,0.0367242,-0.0298677,0.0812762
0.23132,0.770167,0.0222266,-0.00922882,0.0360547
0.23052,0.771781,0.0306741,-0.0199134,0.0607579
0.229607,0.77247,0.0211576,-0.00815651,0.0335464
0.22814,0.774429,0.0184075,-0.00660779,0.0285217
0.227346,0.776047,0.0267564,-0.0172364,0.053304
0.226093,0.777538,0.019767,-0.00810359,0.0323061
0.2253,0.779164,0.0280576,-0.0186809,0.0571526
0.224422,0.779951,0.0201398,-0.00819829,0.0329699
0.223195,0.781597,0.0178429,-0.00669623,0.028397
0.222419,0.783207,0.0260363,-0.0172081,0.0533298
0.220995,0.785089,0.0194001,-0.0081244,0.0323456
0.220218,0.786714,0.0275378,-0.0185835,0.0573419
0.219085,0.787994,0.0198876,-0.00816955,0.0330525
0.218312,0.789623,0.0279667,-0.0185767,0.0581116
0.217376,0.79053,0.020078,-0.00806721,0.0332331
0.216607,0.792163,0.0280967,-0.0184225,0.0583548
0.215252,0.793848,0.0201511,-0.00797795,0.0333196
0.214491,0.795474,0.0281104,-0.0182835,0.058501
0.213541,0.796402,0.0201683,-0.00791073,0.0333816
0.212721,0.798169,0.028078,-0.0181598,0.0586264
0.211735,0.799174,0.0201573,-0.00785389,0.0334373
0.210378,0.801132,0.0177746,-0.0064194,0.0287065
0.209683,0.802646,0.0255694,-0.0166086,0.0540311
0.208328,0.804488,0.0191925,-0.0078316,0.0326718
0.207563,0.806167,0.0269454,-0.017964,0.0580571
0.206724,0.80696,0.0196351,-0.00789181,0.0333677
0.205594,0.808554,0.0174512,-0.0064353,0.0287274
0.204853,0.810199,0.025109,-0.0164969,0.0541962
0.203816,0.811494,0.0189578,-0.00778892,0.0327541
0.203083,0.813136,0.0265594,-0.0177928,0.058286
0.202352,0.814781,0.0341417,-0.0277514,0.083862
0.201625,0.816427,0.0417048,-0.0376648,0.109482
0.200429,0.817429,0.0231454,-0.00897613,0.0393662
0.199187,0.819037,0.0189944,-0.00618298,0.0302752
0.197831,0.821089,0.0172611,-0.0059158,0.0281348
0.197115,0.822729,0.0246877,-0.0157681,0.0538347
0.196398,0.824381,0.0320965,-0.0255746,0.0795778
0.195685,0.826032,0.0394867,-0.0353353,0.105364
0.194229,0.827618,0.0225951,-0.00881352,0.0390942
0.193467,0.829396,0.0299341,-0.0185306,0.0649275
0.192353,0.830501,0.0208502,-0.00732306,0.0347579
0.191649,0.832155,0.0281185,-0.0169976,0.0606405
0.190947,0.833814,0.0353694,-0.0266257,0.0865656
0.189723,0.834996,0.0221069,-0.00795218,0.0374656
0.188564,0.836538,0.0185267,-0.00589281,0.029998
0.18787,0.838194,0.0256776,-0.0154688,0.0559848
0.186678,0.839778,0.0192816,-0.00716738,0.0333887
0.185991,0.841432,0.0263778,-0.0166873,0.0594318
0.184942,0.842711,0.0194388,-0.00729191,0.0339496
0.184256,0.844374,0.0264805,-0.0167553,0.0600488
0.183236,0.845607,0.0194687,-0.00725615,0.0340754
0.182098,0.847351,0.0172172,-0.00592923,0.0292358
0.181417,0.849022,0.0241711,-0.0153184,0.0554106
0.180399,0.850402,0.0185321,-0.00722053,0.0333238
0.179726,0.852067,0.0254334,-0.0165484,0.0595569
0.178347,0.854157,0.0189719,-0.00726669,0.0340268
0.177679,0.855826,0.0258223,-0.0165369,0.0603146
0.176549,0.857335,0.0191523,-0.00717539,0.0341901
0.175884,0.859009,0.0259504,-0.0163878,0.0605322
0.175224,0.860682,0.0327329,-0.0255526,0.0869146
0.174566,0.862357,0.0395004,-0.0346695,0.113337
0.173913,0.864033,0.0462529,-0.0437385,0.139799
0.172632,0.864947,0.0242474,-0.0083352,0.0421488
0.17137,0.866661,0.0193598,-0.00548899,0.0312745
0.170726,0.868326,0.0260002,-0.0145237,0.0577802
0.170079,0.870009,0.0326273,-0.0235101,0.0843251
0.169107,0.870867,0.0213233,-0.00734303,0.0375421
0.167964,0.872602,0.0180194,-0.00550601,0.0302767
0.166837,0.874509,0.0165056,-0.00536953,0.0285373
0.166204,0.876179,0.0230037,-0.0142736,0.0551638
0.165328,0.877387,0.0180015,-0.00684899,0.0335004
0.164697,0.879069,0.0244513,-0.0156872,0.0601835
0.163433,0.881106,0.01853,-0.00690954,0.0343431
0.162804,0.882796,0.0249317,-0.0156859,0.0610791
0.162181,0.88448,0.0313195,-0.0244136,0.0878532
0.161561,0.88617,0.0376946,-0.0330921,0.114665
0.160523,0.88703,0.0222716,-0.00781129,0.0405181
0.159468,0.888567,0.0183623,-0.00537613,0.0310419
0.158854,0.890256,0.024636,-0.013998,0.0579088
0.158241,0.891953,0.0308977,-0.0225705,0.0848131
0.157108,0.893381,0.0206669,-0.00712002,0.0377511
0.155956,0.895279,0.0175986,-0.00531806,0.030464
0.154843,0.897307,0.0161905,-0.00516235,0.0287312
0.154324,0.898757,0.0223469,-0.0136888,0.0556821
0.15372,0.900453,0.0285251,-0.0221845,0.0826523
0.153117,0.902148,0.0347082,-0.0306515,0.109642
0.152247,0.902863,0.0213428,-0.00768412,0.0401661
0.151641,0.904566,0.0275175,-0.0161614,0.0671499
0.150648,0.905837,0.0199005,-0.00640796,0.03562
0.150043,0.907532,0.0260866,-0.0149109,0.062584
0.148844,0.909397,0.0193823,-0.00635705,0.034933
0.147753,0.911302,0.0170232,-0.00524839,0.0298213
0.147143,0.913,0.0232254,-0.0137974,0.0567502
0.146143,0.914591,0.0181279,-0.00650999,0.0339325
0.145534,0.916284,0.0243495,-0.0150756,0.0608469
0.144924,0.917976,0.030593,-0.0236334,0.0877642
0.143888,0.919344,0.0204088,-0.00729412,0.0380476
0.143275,0.921042,0.0266638,-0.0158776,0.0649448
0.142276,0.922447,0.0195517,-0.00651382,0.0352426
0.14166,0.924144,0.02582,-0.0151195,0.062122
0.140559,0.925855,0.0192454,-0.00648711,0.034807
0.139942,0.92755,0.0255283,-0.0151139,0.0616691
0.138933,0.929067,0.0191099,-0.0065334,0.0347192
0.138317,0.930758,0.0254077,-0.0151799,0.061565
0.13754,0.931746,0.0190466,-0.00657246,0.0346887
0.136514,0.933598,0.0168599,-0.00540896,0.029697
0.135896,0.935283,0.0231718,-0.0140923,0.0565139
0.135279,0.936969,0.0295054,-0.0227678,0.0833338
0.134659,0.938659,0.0358613,-0.031435,0.110157
0.133679,0.93978,0.0217352,-0.00778831,0.0401391
0.132667,0.941437,0.0181162,-0.0054396,0.0309335
0.13204,0.943137,0.0244722,-0.0141602,0.0577171
0.131216,0.944315,0.0187291,-0.00653268,0.0340531
0.130071,0.946469,0.0167149,-0.00547031,0.029513
0.129446,0.948158,0.0230867,-0.0142255,0.0562688
0.128421,0.949897,0.0180374,-0.00673989,0.0337475
0.127796,0.951582,0.0244286,-0.0155088,0.0604905
0.126984,0.952752,0.0185456,-0.00683298,0.0344233
0.126361,0.954426,0.0249529,-0.0156167,0.0611531
0.125733,0.956113,0.0313827,-0.0243919,0.087886
0.124854,0.957181,0.020672,-0.00746802,0.0379659
0.123825,0.958956,0.0176411,-0.00552639,0.0304052
0.122705,0.961081,0.0162677,-0.0053575,0.0286018
0.122019,0.96291,0.0227164,-0.0141901,0.0552893
0.121117,0.964365,0.0178618,-0.00683288,0.0335358
0.120484,0.966048,0.02432,-0.0156814,0.06021
0.119672,0.967236,0.0184806,-0.00693134,0.0343343
0.119035,0.968928,0.0249568,-0.0157931,0.0609959
0.118403,0.970605,0.0314536,-0.0246472,0.0876604
0.117769,0.972289,0.0379726,-0.0334929,0.114328
0.11658,0.973825,0.0223426,-0.00793065,0.0404193
0.115944,0.975509,0.028864,-0.0168088,0.0670621
0.115128,0.976413,0.0204905,-0.00660051,0.0354763
0.11449,0.978095,0.0270196,-0.0155017,0.0621006
0.113289,0.980005,0.0198084,-0.00659212,0.0347136
0.112652,0.981679,0.0263495,-0.0155148,0.0613198
0.11174,0.98295,0.0194958,-0.00668875,0.0345595
0.111105,0.984616,0.0260495,-0.0156301,0.0611497
0.110031,0.986289,0.0193415,-0.00675957,0.0345096
0.108994,0.988102,0.0170766,-0.00557215,0.0295452
0.108351,0.989782,0.0236462,-0.01455,0.0561052
0.107578,0.990889,0.0183143,-0.00687205,0.0336338
0.106931,0.992574,0.0249021,-0.0158619,0.0601818
0.106077,0.993838,0.0187652,-0.00698151,0.0342836
0.105434,0.995508,0.0253683,-0.0159857,0.0608184
0.104787,0.997188,0.0319936,-0.0249813,0.0873564
0.103792,0.998514,0.0208717,-0.00764323,0.0378052
0.102685,1.00042,0.0177826,-0.00565797,0.0302852
0.102036,1.00209,0.0244144,-0.014698,0.056788
0.101058,1.00363,0.0186878,-0.00684101,0.0337441
0.100418,1.00528,0.0253351,-0.0158961,0.060233
0.0995043,1.00663,0.0189814,-0.00697288,0.034279
0.0988516,1.00831,0.0256465,-0.0160422,0.0607541
0.0979353,1.00966,0.0191157,-0.00697074,0.0343604
0.0972836,1.01134,0.0257957,-0.0160556,0.0608212
0.0963505,1.01272,0.019188,-0.00696391,0.0343694
0.0953367,1.01449,0.0170134,-0.00571577,0.0294425
0.0946805,1.01617,0.0237092,-0.0148335,0.0558752
0.0937435,1.01767,0.0183325,-0.00701027,0.0335239
0.0925624,1.01986,0.0165613,-0.00584514,0.0291996
0.0919059,1.02153,0.0232785,-0.0149913,0.0556067
0.0910613,1.02283,0.0180994,-0.00711899,0.0334414
0.0904035,1.0245,0.0248361,-0.0162757,0.0598372
0.089386,1.02614,0.0187034,-0.00717962,0.0341341
0.0887256,1.02781,0.0254581,-0.0163497,0.0605166
0.0880654,1.02949,0.0322341,-0.0255113,0.0869025
0.0870186,1.03092,0.020911,-0.00781915,0.0376617
0.0863546,1.0326,0.0276972,-0.0170029,0.0640284
0.0855069,1.03369,0.0199771,-0.00696634,0.034851
0.0845007,1.0354,0.0174551,-0.00567568,0.0295402
0.0838347,1.03707,0.024251,-0.0148963,0.0558762
0.0831719,1.03874,0.0310677,-0.0241086,0.0822155
0.0818016,1.04096,0.0205794,-0.00779069,0.0371027
0.0807181,1.04278,0.0176801,-0.00583673,0.0300272
0.0800753,1.04439,0.0245045,-0.0150922,0.0563309
0.079219,1.04563,0.0187167,-0.00704385,0.0335596
0.0781871,1.04744,0.0168046,-0.00587849,0.0291627
0.0775167,1.04911,0.023652,-0.015161,0.0554411
0.0768469,1.05078,0.0305207,-0.024435,0.0817228
0.0760331,1.05178,0.0202876,-0.00796577,0.0369746
0.0753635,1.05345,0.0271682,-0.0172574,0.0632403
0.0743318,1.05501,0.0197266,-0.00714618,0.0346539
0.0737702,1.0564,0.0266013,-0.0164627,0.0609005
0.0730982,1.05807,0.0335162,-0.0257631,0.0871536
0.0717991,1.06001,0.0214421,-0.00779448,0.0376643
0.0707519,1.0617,0.0181394,-0.00578409,0.0301442
0.0700717,1.06338,0.0250604,-0.0151295,0.05636
0.0693326,1.06436,0.0189991,-0.00703581,0.0335435
0.0686579,1.06602,0.0259345,-0.0163941,0.0597465
0.0675617,1.06777,0.0192532,-0.00718704,0.0340668
0.0668836,1.06944,0.0262049,-0.0165596,0.0602556
0.0662054,1.07111,0.0331777,-0.0259234,0.0864478
0.0655261,1.07278,0.0401722,-0.0352785,0.112644
0.0648485,1.07444,0.0471877,-0.0446251,0.138843
0.0636252,1.07576,0.0244567,-0.00852282,0.0419596
0.0621621,1.07821,0.019582,-0.0056365,0.0311204
0.0618696,1.07893,0.0265132,-0.0150812,0.0572536
0.0611866,1.0806,0.033541,-0.024498,0.0833935
0.0602612,1.0817,0.0216352,-0.00767646,0.0372276
0.0590187,1.08381,0.0182899,-0.00580454,0.0299967
0.0583274,1.08547,0.0253778,-0.015322,0.0560433
0.0576356,1.08713,0.0325056,-0.0248498,0.0820743
0.0565204,1.08871,0.0211439,-0.00795437,0.0369521
0.0554652,1.09042,0.0180635,-0.00599851,0.029847
0.0547578,1.09208,0.0253149,-0.0156774,0.0557289
0.0537257,1.09368,0.0191253,-0.00732899,0.0332577
0.0530139,1.09533,0.0264711,-0.0170937,0.0590488
0.052343,1.09614,0.0195038,-0.00752518,0.0337372
0.0516201,1.09778,0.0269818,-0.0174105,0.0593983
0.0507516,1.09902,0.0197248,-0.00759405,0.0337412
0.0495094,1.10117,0.0175166,-0.00626864,0.0288915
0.048768,1.10282,0.0251886,-0.0163415,0.0543474
0.0479845,1.10395,0.0190656,-0.00775645,0.0327656
0.0469162,1.10578,0.0172337,-0.00651276,0.0285124
0.0461541,1.10741,0.0251673,-0.0168144,0.0537031
0.0451698,1.109,0.0190368,-0.00801927,0.0324964
0.0443934,1.11062,0.027153,-0.0184624,0.0575128
0.0435414,1.11191,0.0197694,-0.00817986,0.0330648
0.0427518,1.11353,0.0280671,-0.0187626,0.0579042
0.0418318,1.11493,0.0201814,-0.00820632,0.0330745
0.0406116,1.117,0.0179528,-0.00675929,0.0283361
0.0398017,1.11861,0.0265163,-0.0175544,0.0528999
0.0388108,1.12017,0.0196928,-0.00833344,0.0320727
0.0379882,1.12177,0.0284441,-0.0192586,0.0564555
0.037327,1.12267,0.0203558,-0.00851602,0.0325944
0.0361499,1.12459,0.0181471,-0.00701238,0.0280016
0.0353083,1.12618,0.0271721,-0.0181358,0.0521027
0.0344891,1.12738,0.0199979,-0.00861308,0.0316982
0.0336324,1.12897,0.0292151,-0.0198573,0.0556147
0.0326797,1.13037,0.0206919,-0.00878058,0.0322223
0.0318085,1.13195,0.0301019,-0.0201445,0.0559504
0.0305263,1.13388,0.0210761,-0.00879891,0.0322216
0.0296439,1.13545,0.0306789,-0.0202805,0.0557587
0.0284933,1.13711,0.0213425,-0.00883255,0.0321216
0.027598,1.13867,0.0311399,-0.020429,0.0554652
0.0268279,1.13967,0.0215531,-0.00888785,0.0319942
0.0256515,1.1414,0.0190267,-0.00732882,0.0274237
0.0247345,1.14295,0.029111,-0.0190986,0.050468
0.0236595,1.14444,0.0209321,-0.00905057,0.0309217
0.0227308,1.14599,0.0312182,-0.020924,0.0537704
0.021677,1.1474,0.021588,-0.00923828,0.0314104
0.0207358,1.14893,0.0320763,-0.0212137,0.0540604
0.0197893,1.15046,0.0426787,-0.0332265,0.076621
0.0186272,1.15192,0.0242329,-0.0101623,0.0344897
0.0183121,1.15242,0.0350243,-0.0223559,0.0567493
0.0165701,1.15478,0.0230268,-0.00917869,0.0318241
0.0155953,1.1563,0.0340253,-0.0213951,0.05397
0.014725,1.15732,0.0228168,-0.00919695,0.0312595
0.013358,1.15914,0.0199704,-0.00760495,0.0267528
0.012362,1.16064,0.03127,-0.019966,0.0485822
0.0113669,1.16214,0.0426856,-0.032358,0.0703192
0.0103627,1.16363,0.0542178,-0.0447793,0.0919647
0.00915553,1.16498,0.0263526,-0.0110975,0.0355928
0.00813656,1.16647,0.0380848,-0.0236113,0.0570205
0.00707234,1.16801,0.0499399,-0.0361486,0.0783578
0.00635562,1.16861,0.0263653,-0.010268,0.0343081
0.00510315,1.1701,0.0216498,-0.00760804,0.0273008
0.00406271,1.17156,0.0337937,-0.020288,0.0482965
0.00268265,1.17318,0.0231266,-0.00941572,0.0297316
0.00162917,1.17464,0.0354845,-0.0221677,0.0505144
0.000566922,1.17609,0.0479612,-0.034941,0.0712035
-0.000570582,1.17726,0.0258914,-0.010726,0.0329113
-0.00164206,1.17871,0.0385773,-0.0235728,0.0533792
-0.00275454,1.17986,0.0245169,-0.00966649,0.0304514
-0.003834,1.18129,0.0374167,-0.0225803,0.0506991
-0.00492438,1.18272,0.0504358,-0.0355108,0.0708529
-0.00604966,1.1838,0.0266793,-0.0106957,0.0327133
-0.00750537,1.18538,0.0220744,-0.00798237,0.0263545
-0.00860173,1.18678,0.035406,-0.0210193,0.0461578
-0.0100901,1.18836,0.0238683,-0.00977986,0.0287514
-0.0112097,1.18977,0.037421,-0.0228673,0.0483375
-0.0123356,1.19117,0.0510936,-0.0359664,0.0678283
-0.0139864,1.19281,0.0268286,-0.0110575,0.0318615
-0.0151259,1.19421,0.0407193,-0.0242095,0.0511239
-0.016272,1.1956,0.0547306,-0.0373704,0.0702907
-0.0171666,1.19627,0.0277885,-0.0108995,0.0322093
-0.0187583,1.19786,0.0228036,-0.00806949,0.0258587
-0.0199207,1.19923,0.037134,-0.0213124,0.0446666
-0.0211464,1.20037,0.0246727,-0.00989585,0.0280495
-0.0223197,1.20173,0.0392276,-0.0231738,0.0466346
-0.0232694,1.20254,0.0251441,-0.0101553,0.0282697
-0.0248909,1.20414,0.0220093,-0.00835994,0.0243993
-0.0260774,1.20548,0.0368975,-0.0216913,0.0426387
-0.0272735,1.20683,0.0519063,-0.0350231,0.0607826
-0.0282898,1.20763,0.0273303,-0.0113789,0.0301058
-0.0298005,1.20904,0.0228474,-0.00850809,0.024725
-0.0315046,1.21066,0.0215036,-0.00821885,0.0231286
-0.0327268,1.21199,0.0369558,-0.0216115,0.0407994
-0.0339514,1.21331,0.0525288,-0.0350005,0.0583738
-0.0351619,1.21427,0.0275646,-0.0115521,0.0293863
-0.036396,1.21558,0.0433638,-0.0249574,0.0467319
-0.0377301,1.21666,0.026486,-0.010368,0.0277561
-0.0389806,1.21796,0.0425128,-0.0237848,0.0448736
-0.0402281,1.21925,0.0586598,-0.0371937,0.0618946
-0.0413279,1.22,0.0290955,-0.0112632,0.0299623
-0.0425894,1.22128,0.0454651,-0.0246839,0.0467481
-0.0441319,1.22248,0.0273319,-0.0100814,0.0277246
-0.0454076,1.22376,0.0439275,-0.0235067,0.0442783
-0.046546,1.22457,0.0270793,-0.0100666,0.0271048
-0.0478336,1.22583,0.0439011,-0.0234912,0.0434292
-0.0489933,1.22666,0.027112,-0.0101423,0.0267865
-0.0509122,1.22825,0.0235494,-0.00834778,0.0230969
-0.0522123,1.2295,0.040709,-0.0217698,0.039067
-0.0536125,1.23055,0.0264378,-0.0102615,0.0255493
-0.0545607,1.23144,0.043839,-0.0236849,0.0412472
-0.0558769,1.23267,0.0613458,-0.0370736,0.0568988
-0.0571981,1.2339,0.0789715,-0.050442,0.0724564
-0.0593373,1.23541,0.0321378,-0.0120154,0.0304809
-0.0606696,1.23663,0.0499868,-0.0253742,0.0457942
-0.0622362,1.23766,0.0288504,-0.00996421,0.0270639
-0.0637805,1.23877,0.0245697,-0.0080835,0.0229108
-0.0651267,1.23996,0.0427547,-0.0214187,0.0378598
-0.0667735,1.24111,0.0273708,-0.0100519,0.0249722
-0.0681289,1.24229,0.0457301,-0.0233631,0.0397507
-0.0695364,1.24321,0.0279842,-0.0102514,0.0252664
-0.0708973,1.24438,0.0465173,-0.0235373,0.0398729
-0.0722162,1.2452,0.0282275,-0.0102189,0.0252487
-0.0735901,1.24638,0.0469077,-0.0234815,0.0397099
-0.0748262,1.24711,0.0283751,-0.0101759,0.0251831
-0.0762009,1.24827,0.0471752,-0.0234188,0.0395246
-0.0778776,1.24933,0.0284886,-0.0101433,0.0251081
-0.0797708,1.25061,0.0246761,-0.00830928,0.0218019
-0.0811568,1.25176,0.043659,-0.0215254,0.0359479
-0.0827871,1.25311,0.0627171,-0.0347051,0.0500727
-0.0839254,1.25405,0.081823,-0.0478902,0.0641147
-0.0853158,1.2552,0.100995,-0.0610399,0.078146
-0.0867057,1.25634,0.120229,-0.0741671,0.0921392
-0.0875046,1.25628,0.0365734,-0.012309,0.0318581
-0.089011,1.2575,0.0559316,-0.0254232,0.0456972
-0.0905587,1.2582,0.0307159,-0.00944045,0.0268278
-0.0924979,1.25934,0.0257566,-0.00768273,0.0224572
-0.0939004,1.26047,0.0452917,-0.0207819,0.0360607
-0.0956601,1.26144,0.0285405,-0.00971587,0.0241608
-0.0970717,1.26256,0.0481994,-0.0227857,0.0376421
-0.0988598,1.26353,0.0290623,-0.00997899,0.024374
-0.10043,1.26476,0.048852,-0.0230103,0.0377422
-0.101973,1.26552,0.0292321,-0.00998325,0.0243421
-0.103394,1.26662,0.0491398,-0.0229913,0.037576
-0.104821,1.26772,0.0691089,-0.0359738,0.0507734
-0.106243,1.26827,0.0322695,-0.0109483,0.0266298
-0.107836,1.2691,0.026239,-0.00809439,0.0219483
-0.10926,1.27018,0.046394,-0.0210391,0.0349281
-0.110707,1.27087,0.0289442,-0.00977601,0.0235499
-0.112141,1.27195,0.0492218,-0.0226848,0.0364106
-0.114042,1.27293,0.0294862,-0.00993516,0.0238089
-0.115754,1.27386,0.0255503,-0.00813784,0.0207905
-0.117206,1.27494,0.0460145,-0.0209952,0.0334544
-0.1188,1.27572,0.0288996,-0.00991647,0.0229023
-0.12024,1.27678,0.0494866,-0.0227341,0.0354488
-0.121347,1.2772,0.0296061,-0.0100008,0.023364
-0.122803,1.27826,0.0503141,-0.022778,0.0357942
-0.124563,1.2791,0.0298532,-0.00989954,0.0234742
-0.126023,1.28015,0.0506833,-0.0226359,0.035784
-0.12732,1.28067,0.0300033,-0.00981117,0.023476
-0.128786,1.28171,0.0509541,-0.0225061,0.0356662
-0.131112,1.28288,0.0301223,-0.00974619,0.0234324
-0.132583,1.28392,0.0511965,-0.0223977,0.0354999
-0.134058,1.28496,0.0723298,-0.0350193,0.0475334
-0.135751,1.28557,0.0332457,-0.0106565,0.0256381
-0.137235,1.28661,0.0545016,-0.0232372,0.0375375
-0.138709,1.28763,0.0758157,-0.0357879,0.0494022
-0.140015,1.28793,0.0339015,-0.0103994,0.0261615
-0.141966,1.28882,0.0272652,-0.00766141,0.0214299
-0.143458,1.28984,0.0487631,-0.0201548,0.0330714
-0.144946,1.29085,0.0703189,-0.0326171,0.0446791
-0.146193,1.29117,0.0332295,-0.0103735,0.0250136
-0.14769,1.29217,0.0549044,-0.022791,0.036492
-0.149386,1.29282,0.0312397,-0.00937289,0.0235928
-0.151184,1.29364,0.0266836,-0.00762931,0.0203369
-0.15332,1.29471,0.0254452,-0.00753546,0.0190611
-0.154833,1.29571,0.0473625,-0.0198604,0.0302673
-0.156331,1.29668,0.0693363,-0.0321531,0.04144
-0.158392,1.29752,0.0331035,-0.0106104,0.0238376
-0.160186,1.2983,0.0271817,-0.00790301,0.0201577
-0.1617,1.29928,0.0493369,-0.0201196,0.0311327
-0.162698,1.29955,0.0303279,-0.00938986,0.0217608
-0.164609,1.30043,0.0265379,-0.00778556,0.0193226
-0.166131,1.30139,0.0488691,-0.0199217,0.0301166
-0.167567,1.30193,0.0302701,-0.00943757,0.021318
-0.169343,1.30305,0.0527234,-0.021505,0.0320219
-0.170563,1.30342,0.0310279,-0.00947052,0.0218345
-0.17233,1.30419,0.0268482,-0.00770972,0.0192505
-0.173862,1.30513,0.0494687,-0.0197038,0.0297559
-0.175774,1.30592,0.0305262,-0.00931058,0.021142
-0.177487,1.30696,0.0532663,-0.0212361,0.0315523
-0.178851,1.30779,0.0760572,-0.033138,0.0419029
-0.18011,1.30807,0.0344427,-0.0102464,0.0238183
-0.181658,1.30899,0.0573468,-0.0220856,0.0340652
-0.183324,1.30999,0.0803087,-0.033882,0.0442933
-0.184861,1.31034,0.0351917,-0.00989431,0.0246038
-0.186413,1.31125,0.0582643,-0.0216394,0.0346902
-0.187963,1.31216,0.0813903,-0.0333478,0.0447476
-0.189824,1.31264,0.0354956,-0.00961132,0.024865
-0.191621,1.31327,0.0284121,-0.00708517,0.0204309
-0.193516,1.31402,0.0266157,-0.00691837,0.0186864
-0.195153,1.31496,0.0499753,-0.0185074,0.028461
-0.196639,1.31581,0.0733861,-0.0300631,0.0381953
-0.198131,1.31619,0.0344369,-0.00984979,0.0228435
-0.200195,1.31698,0.0281512,-0.00734954,0.0193723
-0.201766,1.31786,0.051731,-0.0188074,0.0289241
-0.203796,1.31859,0.0314472,-0.00876651,0.0207412
-0.205368,1.31946,0.0551374,-0.0201547,0.0301874
-0.207127,1.32001,0.0320747,-0.00883215,0.0210647
-0.208704,1.32087,0.0558745,-0.0201502,0.030404
-0.210288,1.32174,0.0797255,-0.0314286,0.0397174
-0.211791,1.32204,0.0354979,-0.00959087,0.0232196
-0.213362,1.32252,0.0286349,-0.00705956,0.0194559
-0.215596,1.32339,0.0269446,-0.00680047,0.017966
-0.216901,1.32409,0.0510211,-0.0179465,0.0269926
-0.218492,1.32493,0.0751443,-0.0290491,0.0360176
-0.220037,1.3253,0.0349995,-0.0095489,0.0220728
-0.22163,1.32613,0.0592291,-0.0205792,0.0309882
-0.223228,1.32697,0.0835082,-0.0315683,0.0398792
-0.224838,1.32727,0.0361927,-0.00930799,0.0232561
-0.226437,1.3281,0.0605786,-0.0202253,0.0320261
-0.228442,1.32864,0.033415,-0.00820478,0.0217438
-0.230834,1.32947,0.0283966,-0.00665007,0.0187931
-0.23202,1.33007,0.0529494,-0.0174604,0.0273392
-0.233943,1.33065,0.0321446,-0.00819822,0.0200475
-0.235557,1.33145,0.056796,-0.0189256,0.0285321
-0.237323,1.33193,0.0328211,-0.00829725,0.0203512
-0.238932,1.33272,0.0575752,-0.018946,0.0287351
-0.240257,1.33299,0.0330099,-0.00821458,0.0204235
-0.241876,1.33377,0.0578648,-0.0187845,0.0287088
-0.243924,1.33435,0.0331156,-0.0081263,0.0204194
-0.24593,1.33499,0.0284655,-0.00662544,0.0179777
-0.247559,1.33577,0.0534749,-0.0170753,0.0260966
-0.249189,1.33654,0.0785308,-0.0274816,0.0341938
-0.250891,1.33689,0.0359404,-0.00890317,0.0215041
-0.25252,1.33766,0.0610966,-0.0192282,0.0294956
-0.253958,1.33792,0.0337935,-0.00793219,0.0206671
-0.255713,1.33842,0.0287819,-0.00640837,0.018028
-0.257349,1.33917,0.0540875,-0.0166114,0.0258525
-0.258611,1.33942,0.0326831,-0.00780794,0.0193301
-0.260759,1.3401,0.0285303,-0.00647828,0.0173209
-0.262309,1.3408,0.0539826,-0.0165564,0.0249868
-0.263789,1.34115,0.0326956,-0.00783673,0.0188908
-0.265995,1.34185,0.0285768,-0.00647842,0.0170352
-0.267642,1.34258,0.0541719,-0.0164276,0.0245633
-0.269816,1.34319,0.0327852,-0.00778289,0.0186748
-0.271648,1.34399,0.0584775,-0.0176375,0.0261306
-0.273104,1.34463,0.0842122,-0.0274547,0.0335353
-0.27416,1.34467,0.0369616,-0.00849585,0.0212025
-0.275813,1.34537,0.0627877,-0.0182247,0.0285261
-0.27773,1.34578,0.0343826,-0.0074601,0.0202617
-0.279397,1.34649,0.0603016,-0.0171002,0.0274896
-0.280948,1.34676,0.0340519,-0.00731423,0.0199233
-0.283259,1.34741,0.0291766,-0.00597163,0.0174906
-0.285039,1.34814,0.0552364,-0.0154747,0.0245707
-0.286196,1.34831,0.0332443,-0.00728233,0.0187227
-0.288337,1.3489,0.0290023,-0.00603913,0.0168221
-0.290007,1.34958,0.0551957,-0.0154099,0.0237538
-0.291501,1.34989,0.0332706,-0.0072915,0.018306
-0.293173,1.35056,0.059551,-0.0165704,0.0251586
-0.295469,1.35112,0.0340326,-0.00728303,0.018825
-0.297141,1.35178,0.0604008,-0.0164684,0.0255939
-0.298817,1.35244,0.0868091,-0.0256058,0.0323478
-0.300204,1.35256,0.0376548,-0.00782418,0.0209286
-0.302411,1.35309,0.0302237,-0.00573461,0.0177938
-0.30407,1.35372,0.056765,-0.0147325,0.0243853
-0.305752,1.35437,0.0833453,-0.0236821,0.0309643
-0.307434,1.35501,0.109964,-0.0325832,0.0375289
-0.309118,1.35564,0.136622,-0.0414358,0.0440799
-0.310694,1.35564,0.042045,-0.00815463,0.0237519
-0.312382,1.35627,0.0687904,-0.0169134,0.0301807
-0.313841,1.35636,0.0358027,-0.00641865,0.0210288
-0.315874,1.35678,0.0300068,-0.00517851,0.0178962
-0.317565,1.3574,0.0568788,-0.0137948,0.0241616
-0.319102,1.35764,0.0339616,-0.00643998,0.0185905
-0.320937,1.35804,0.0295621,-0.0053709,0.0165887
-0.32284,1.35849,0.0284872,-0.00527306,0.0155987
-0.324875,1.35921,0.0555241,-0.0136867,0.0217086
-0.326656,1.35955,0.033733,-0.00660244,0.0173173
-0.328321,1.36013,0.060845,-0.0149251,0.0233327
-0.329965,1.36041,0.0346424,-0.00658427,0.017995
-0.332123,1.36089,0.0298034,-0.0053267,0.016174
-0.333824,1.36147,0.0570323,-0.0134996,0.02207
-0.335413,1.36173,0.0340971,-0.00636779,0.0175047
-0.33712,1.3623,0.0614008,-0.0144407,0.0233339
-0.338829,1.36287,0.0887392,-0.0224632,0.0291533
-0.340537,1.36343,0.116112,-0.030435,0.0349627
-0.343418,1.36388,0.0409442,-0.00725377,0.0215112
-0.345132,1.36444,0.0683948,-0.0151227,0.0272231
-0.347201,1.36469,0.0360345,-0.00591626,0.0197993
-0.348911,1.36524,0.0635602,-0.013682,0.0254257
-0.350623,1.36578,0.0911192,-0.0213968,0.0310436
-0.351889,1.36575,0.0388203,-0.00636797,0.0208391
-0.353687,1.36601,0.031012,-0.0046923,0.0175578
-0.355413,1.36654,0.058682,-0.0122525,0.0230268
-0.357251,1.3668,0.0346427,-0.00566296,0.0180513
-0.359225,1.36715,0.0300798,-0.00470382,0.0161218
-0.360956,1.36767,0.0578558,-0.0121076,0.0214737
-0.362129,1.36777,0.0345226,-0.0057106,0.0172538
-0.364144,1.36814,0.0300838,-0.00470811,0.0156389
-0.366401,1.36859,0.0290286,-0.00456215,0.0148042
-0.368138,1.36908,0.0569844,-0.0116876,0.0199671
-0.370051,1.36938,0.0344426,-0.00562671,0.0164629
-0.371803,1.36987,0.0624914,-0.0125995,0.0215448
-0.373514,1.37034,0.0905979,-0.0194736,0.0265902
-0.375263,1.37082,0.11876,-0.0262491,0.0316078
-0.377002,1.37128,0.146979,-0.0329249,0.0365931
-0.37873,1.37174,0.175252,-0.0395015,0.0415469
-0.380485,1.37219,0.203579,-0.045978,0.0464753
-0.381643,1.37189,0.0465344,-0.00632995,0.0247004
-0.383395,1.37232,0.0749751,-0.0126044,0.0294525
-0.385086,1.37235,0.037461,-0.00449395,0.0208783
-0.386832,1.37277,0.0660089,-0.010565,0.0254965
-0.389108,1.37299,0.0362489,-0.0043591,0.01924
-0.390973,1.37342,0.0648999,-0.0102226,0.0237539
-0.392617,1.37379,0.0936006,-0.0159823,0.0282218
-0.393555,1.37371,0.0396945,-0.00474185,0.0200495
-0.395837,1.374,0.0317053,-0.00345254,0.0169325
-0.398196,1.37434,0.0298924,-0.0033014,0.0153186
-0.400062,1.37473,0.0587818,-0.00864967,0.019564
-0.401545,1.37486,0.0352429,-0.00410535,0.0163457
-0.403311,1.37522,0.0642197,-0.00924749,0.0205026
-0.405384,1.37545,0.0361317,-0.0040283,0.0167883
-0.40716,1.37579,0.0651929,-0.00896126,0.0208654
-0.408932,1.37612,0.0942944,-0.013789,0.0249268
-0.410716,1.37625,0.0399536,-0.00417092,0.0186701
-0.412497,1.37657,0.0691341,-0.00878939,0.0226431
-0.414263,1.37687,0.098352,-0.0133021,0.0266018
-0.415345,1.37686,0.04045,-0.00382347,0.0194956
-0.417125,1.37715,0.0697416,-0.008126,0.0233643
-0.418889,1.37744,0.0990679,-0.0123225,0.0272212
-0.420677,1.37772,0.128428,-0.0164132,0.0310719
-0.42334,1.3779,0.0431332,-0.00362486,0.0212909
-0.425138,1.37816,0.0725601,-0.00750371,0.02504
-0.426905,1.37842,0.102018,-0.0112754,0.0287793
-0.429112,1.37872,0.131508,-0.0149325,0.0325707
-0.430852,1.37872,0.0434471,-0.00317759,0.0219831
-0.43268,1.37896,0.0729953,-0.00662913,0.0256199
-0.434428,1.37918,0.102572,-0.00997205,0.0292447
-0.436228,1.37941,0.132174,-0.013209,0.032874
-0.43804,1.37939,0.0435644,-0.00278277,0.0222223
-0.439838,1.3796,0.0732193,-0.0058053,0.0257511
-0.441178,1.37959,0.0377843,-0.00216927,0.0194694
-0.442891,1.37977,0.0674883,-0.00497227,0.0229206
-0.444148,1.37977,0.0370016,-0.00204234,0.0181435
-0.446419,1.37999,0.0667498,-0.004628,0.0215922
-0.448305,1.38005,0.036913,-0.00192592,0.0174612
-0.450103,1.38021,0.0667015,-0.00429936,0.0208201
-0.451912,1.38036,0.0965089,-0.00656418,0.0241861
-0.453696,1.3805,0.126334,-0.00872009,0.0275563
-0.454553,1.38042,0.0432482,-0.00198372,0.0201764
-0.456344,1.38055,0.0731073,-0.00392293,0.0234853
-0.458139,1.38068,0.102982,-0.00575407,0.0268043
-0.460293,1.38068,0.0412744,-0.00155335,0.0199306
-0.462089,1.38079,0.0711771,-0.0031658,0.0231947
-0.464163,1.3808,0.0376176,-0.0012075,0.0183226
-0.465849,1.38081,0.0317571,-0.0008943,0.0158092
-0.467645,1.38089,0.0616956,-0.00217767,0.0190048
-0.469494,1.3809,0.0362388,-0.000968998,0.016173
-0.471493,1.38092,0.0314613,-0.000731466,0.0146145
-0.47329,1.38098,0.0614273,-0.00168595,0.0177742
-0.47432,1.38095,0.0362096,-0.000744181,0.0155056
-0.476335,1.38095,0.0314651,-0.000537117,0.0142227
-0.478143,1.38099,0.0614505,-0.00116339,0.0173614
-0.479792,1.38097,0.0362228,-0.000496406,0.0152798
-0.481593,1.381,0.0662166,-0.000904137,0.0184181
-0.483106,1.38095,0.036952,-0.000340109,0.0158655
-0.484907,1.38097,0.0669506,-0.000529572,0.0190037
-0.486709,1.38097,0.0969504,-0.000611154,0.0221656
-0.488327,1.3809,0.0407431,-0.000131977,0.0178207
-0.490127,1.38089,0.0707424,4.86186e-06,0.0209735
-0.492074,1.38082,0.0376035,6.63168e-05,0.0172203
-0.494423,1.38074,0.0317861,0.000147879,0.0152078
-0.496222,1.38071,0.061778,0.000613082,0.0183473
-0.497802,1.38064,0.0362765,0.000344977,0.0158318
-0.499605,1.38059,0.0662592,0.00102725,0.018986
-0.501086,1.3805,0.036952,0.000509529,0.0161778
-0.503574,1.38039,0.0316305,0.000503865,0.0146203
-0.505506,1.38031,0.0615926,0.00151228,0.0177955
-0.506899,1.38022,0.0362313,0.000773571,0.0155218
-0.508696,1.38014,0.0661753,0.00199864,0.0187118
-0.509965,1.38004,0.0369192,0.00093795,0.0160255
-0.512056,1.37989,0.0316022,0.000852401,0.0145434
-0.513853,1.37979,0.0615125,0.00240217,0.0177594
-0.515799,1.37964,0.0361916,0.00119242,0.0155027
-0.517598,1.37952,0.0660752,0.00295682,0.018753
-0.519195,1.37938,0.0368727,0.00136054,0.0160402
-0.521417,1.37919,0.0315607,0.00119723,0.0145665
-0.523217,1.37905,0.0613976,0.00328471,0.0178562
-0.525004,1.3789,0.0912174,0.00547693,0.0211869
-0.525893,1.37879,0.0400338,0.00183529,0.0172583
-0.527865,1.3786,0.0322208,0.00146111,0.0152704
-0.529659,1.37843,0.0619837,0.00397431,0.0186391
-0.531449,1.37825,0.0917261,0.00659099,0.0220526
-0.53374,1.378,0.0400481,0.00217237,0.0176644
-0.535538,1.37781,0.0697467,0.0050011,0.021116
-0.537223,1.3776,0.0373126,0.00212704,0.0172544
-0.539012,1.3774,0.066964,0.00516668,0.0207491
-0.541009,1.37715,0.0368893,0.00227789,0.0170673
-0.542794,1.37693,0.0664902,0.00552746,0.0206106
-0.54376,1.37679,0.0367935,0.00244681,0.0169891
-0.545594,1.37655,0.0314077,0.0020951,0.0151733
-0.547507,1.37629,0.0609266,0.00565763,0.018794
-0.54885,1.37609,0.0358969,0.0027277,0.0160284
-0.550771,1.37581,0.0311601,0.00235115,0.0146411
-0.552678,1.37553,0.0605896,0.00622456,0.0183462
-0.554328,1.37528,0.0899854,0.0102075,0.0220898
-0.55599,1.37503,0.0396585,0.0033815,0.0175292
-0.557746,1.37475,0.0689909,0.00756281,0.0213413
-0.559376,1.37449,0.0370181,0.00319357,0.0173085
-0.561149,1.37419,0.0662827,0.00757638,0.0211879
-0.562923,1.37388,0.0955125,0.0120566,0.0251271
-0.564535,1.37362,0.0401765,0.0036997,0.0189176
-0.567057,1.37318,0.0319813,0.00283267,0.0162967
-0.568849,1.37285,0.0610996,0.00761871,0.0203165
-0.570402,1.37257,0.0357293,0.00359549,0.0168114
-0.572485,1.37218,0.0309349,0.00308251,0.015179
-0.574303,1.37183,0.0599351,0.00816804,0.0193098
-0.576115,1.37148,0.0354699,0.0039228,0.0162582
-0.577882,1.37112,0.0643877,0.00920509,0.0204746
-0.579754,1.37075,0.0361202,0.00410827,0.016819
-0.581517,1.37037,0.0649525,0.0095858,0.0211248
-0.583276,1.36999,0.0937415,0.0151566,0.0254986
-0.585029,1.3696,0.122487,0.02082,0.0299406
-0.586603,1.36929,0.0423278,0.00497222,0.0204868
-0.588363,1.36889,0.0709809,0.0108314,0.0249989
-0.58939,1.36868,0.0369885,0.00431103,0.0190052
-0.591326,1.36825,0.031029,0.00359111,0.0164931
-0.593068,1.36783,0.0595383,0.0097415,0.0211183
-0.594738,1.36745,0.0351764,0.00462273,0.0171895
-0.596806,1.36696,0.0305218,0.00394058,0.0155404
-0.598235,1.3666,0.058871,0.0103963,0.0202959
-0.59976,1.36624,0.0349684,0.00497429,0.0167265
-0.601504,1.36578,0.0632251,0.0115922,0.021603
-0.60305,1.36541,0.0356034,0.0051574,0.0173181
-0.604793,1.36493,0.0637542,0.0119585,0.0223051
-0.606904,1.3644,0.0356405,0.00525463,0.0176621
-0.608636,1.36391,0.0636824,0.0122375,0.0227595
-0.610365,1.36342,0.0916699,0.0193056,0.0279361
-0.612097,1.36292,0.119602,0.0264581,0.0331931
-0.613304,1.36265,0.0416285,0.00628258,0.0213147
-0.615866,1.36195,0.0317228,0.0044396,0.0177751
-0.617317,1.36151,0.05947,0.0118882,0.0231476
-0.619062,1.36104,0.0348117,0.00551438,0.0181665
-0.620781,1.36051,0.0624515,0.0131184,0.0236676
-0.622418,1.36006,0.0352037,0.00577991,0.0183174
-0.624132,1.35951,0.0627228,0.0135567,0.0239395
-0.625844,1.35896,0.0901816,0.0214138,0.0296468
-0.627418,1.35853,0.0386418,0.00656827,0.02026
-0.629448,1.35792,0.0308508,0.00494141,0.0173464
-0.631045,1.35738,0.0581146,0.013068,0.0232096
-0.632747,1.3568,0.0853205,0.0212648,0.0291633
-0.634752,1.35621,0.0379544,0.00684015,0.0200643
-0.636487,1.35567,0.0305755,0.00519357,0.0172904
-0.638184,1.35507,0.057585,0.0136435,0.0234145
-0.639877,1.35446,0.0845291,0.0221692,0.0296284
-0.641444,1.35399,0.0377143,0.00714789,0.0201814
-0.643135,1.35337,0.0645234,0.0158365,0.0265229
-0.644818,1.35274,0.0912652,0.0245992,0.0329557
-0.646452,1.35225,0.0384047,0.00725784,0.0213733
-0.648133,1.35161,0.0650076,0.0161821,0.027929
-0.64991,1.35104,0.0351457,0.00661461,0.0201806
-0.651474,1.35043,0.0616015,0.0157049,0.0268656
-0.653147,1.34977,0.0879935,0.0248573,0.0336483
-0.654539,1.34934,0.0378842,0.0074922,0.0216621
-0.656091,1.3488,0.0302279,0.00565566,0.0182764
-0.658227,1.34801,0.0283504,0.00558624,0.0167802
-0.659892,1.34732,0.0544493,0.0150531,0.0238065
-0.661556,1.34663,0.0804757,0.0245874,0.0309302
-0.66275,1.34623,0.0367021,0.00811518,0.0204955
-0.664403,1.34553,0.0625781,0.0177971,0.0277652
-0.666801,1.34462,0.0343599,0.00742363,0.0200091
-0.668458,1.3439,0.0600845,0.017249,0.0274292
-0.670264,1.34322,0.0339086,0.00745767,0.0199532
-0.671912,1.34248,0.059479,0.0174247,0.0275262
-0.673554,1.34175,0.0849731,0.0274546,0.0352
-0.67519,1.341,0.110391,0.0375465,0.0429749
-0.676121,1.34074,0.0394528,0.00884137,0.0237198
-0.677755,1.33998,0.0647105,0.0190767,0.0316291
-0.679369,1.33937,0.0345101,0.00751366,0.0216559
-0.68152,1.33846,0.0289762,0.0061853,0.0186396
-0.683134,1.33769,0.0539898,0.0166302,0.0267606
-0.684756,1.33691,0.0789248,0.0271321,0.0349859
-0.68664,1.33614,0.0360048,0.0087538,0.0219619
-0.688423,1.33537,0.0291291,0.00662464,0.0187302
-0.690037,1.33457,0.0538153,0.0173263,0.027178
-0.691489,1.33395,0.0323477,0.00810951,0.0200206
-0.692986,1.33319,0.0568588,0.018943,0.0286383
-0.694867,1.33235,0.0327604,0.00834359,0.0204692
-0.696467,1.33152,0.0571109,0.0192903,0.0292583
-0.698194,1.33075,0.0327339,0.00841389,0.0207269
-0.699792,1.32991,0.0569138,0.0194794,0.0296883
-0.701455,1.32915,0.03263,0.0084795,0.0209201
-0.703301,1.32826,0.0279556,0.00699641,0.0184964
-0.704885,1.3274,0.0518749,0.0182403,0.0277053
-0.706067,1.32686,0.031591,0.00864722,0.0202636
-0.707953,1.32592,0.0275304,0.00724396,0.0182295
-0.70953,1.32504,0.0511855,0.0186573,0.0276991
-0.711526,1.32403,0.0312991,0.00888527,0.0202429
-0.713167,1.3231,0.054778,0.0204019,0.0299037
-0.714477,1.32247,0.0318543,0.00902874,0.0209839
-0.716035,1.32157,0.0551535,0.0206521,0.0308217
-0.717403,1.32089,0.0318752,0.00901986,0.0213829
-0.719272,1.31989,0.0273573,0.00740871,0.018933
-0.720821,1.31898,0.0503828,0.0191892,0.0290347
-0.722135,1.3183,0.0308812,0.00909799,0.0208853
-0.72368,1.31737,0.0537237,0.0209748,0.0311774
-0.725524,1.31637,0.0313911,0.00926078,0.0215663
-0.726944,1.3155,0.0540398,0.02124,0.0320457
-0.728668,1.31456,0.0313918,0.00926732,0.0219235
-0.730194,1.31361,0.0538643,0.0213308,0.0325907
-0.731381,1.31299,0.0313001,0.00928134,0.022173
-0.733279,1.31189,0.0268648,0.00763463,0.0195433
-0.734796,1.31092,0.0490534,0.0198367,0.0304828
-0.736099,1.31019,0.030253,0.00939598,0.0215774
-0.737618,1.3092,0.0522528,0.0216808,0.0327133
-0.738913,1.30847,0.0307416,0.00956816,0.0222438
-0.740767,1.30735,0.0264831,0.00785685,0.0196857
-0.742264,1.30635,0.0481941,0.0202684,0.0311011
-0.743755,1.30535,0.0698131,0.0327095,0.0426331
-0.745245,1.30433,0.09134,0.045179,0.0542822
-0.746915,1.30339,0.0354071,0.0112531,0.0262904
-0.748611,1.30237,0.0275567,0.00787096,0.0214003
-0.75023,1.30124,0.0487912,0.0204605,0.0333184
-0.751742,1.30032,0.0298799,0.0094608,0.0228558
-0.753533,1.29917,0.0259586,0.00793306,0.020241
-0.755004,1.29813,0.0468936,0.0206382,0.0324338
-0.756466,1.29707,0.0677345,0.0333667,0.044745
-0.757883,1.29621,0.0323781,0.0108713,0.0249981
-0.759331,1.29515,0.0530203,0.0236665,0.0375028
-0.760492,1.29444,0.0303663,0.00981683,0.0240582
-0.761936,1.29337,0.0508098,0.0226743,0.0367597
-0.763429,1.2924,0.0299061,0.00976321,0.0239799
-0.764868,1.29131,0.0501498,0.0226794,0.0368803
-0.765899,1.29066,0.0296863,0.00982314,0.0240598
-0.76781,1.28932,0.0255108,0.00809172,0.0210494
-0.769234,1.28822,0.0454496,0.0210965,0.0342398
-0.771028,1.28695,0.0285511,0.00997593,0.0233627
-0.772443,1.28584,0.0482897,0.0230287,0.0367592
-0.773516,1.28512,0.0289974,0.0101474,0.0240333
-0.774925,1.28399,0.048534,0.0232461,0.0376356
-0.776061,1.28321,0.0289935,0.0101232,0.0243667
-0.777459,1.28208,0.0483271,0.0232656,0.0381734
-0.779375,1.28067,0.0288942,0.0101052,0.0246031
-0.780763,1.27952,0.0480244,0.0232884,0.0386142
-0.781952,1.27868,0.0287651,0.0101062,0.0247998
-0.783337,1.27752,0.047691,0.023327,0.0390163
-0.784546,1.27664,0.0286227,0.0101185,0.024978
-0.785914,1.27548,0.0473424,0.0233746,0.0394002
-0.787302,1.27444,0.0284728,0.0101368,0.0251459
-0.789185,1.27295,0.0245279,0.00832795,0.021963
-0.790558,1.27175,0.0429369,0.0216356,0.0366844
-0.792022,1.27061,0.0273606,0.0102278,0.0245155
-0.793479,1.26932,0.0455699,0.0235543,0.0394531
-0.794391,1.26864,0.027793,0.0103771,0.0252173
-0.795739,1.26743,0.0457916,0.0237311,0.0403581
-0.796892,1.26652,0.027801,0.0103262,0.025553
-0.798534,1.26515,0.0240057,0.00845571,0.022336
-0.79986,1.26393,0.0416895,0.0218452,0.0377798
-0.801576,1.26248,0.0267669,0.01033,0.0250274
-0.802895,1.26125,0.0442458,0.0237317,0.0406831
-0.804536,1.25986,0.0272107,0.0104534,0.0257554
-0.805836,1.25863,0.0444824,0.0238663,0.0416212
-0.806839,1.25781,0.0272346,0.0103859,0.0260906
-0.80836,1.25647,0.0235641,0.00849395,0.0227646
-0.809652,1.25522,0.0406007,0.021922,0.0388552
-0.810946,1.25396,0.0575691,0.03534,0.0550395
-0.81222,1.25288,0.0290647,0.0114839,0.0283224
-0.813503,1.25162,0.0459029,0.0249076,0.0446315
-0.814785,1.25036,0.0626996,0.0383199,0.061007
-0.816158,1.24918,0.0299982,0.0112893,0.0295604
-0.817436,1.24791,0.0466879,0.0247102,0.0460281
-0.818848,1.24665,0.0277073,0.0100436,0.0275034
-0.820126,1.24537,0.0442923,0.0234683,0.0440691
-0.821168,1.24444,0.0271431,0.0100396,0.0271066
-0.822434,1.24316,0.043623,0.0234662,0.0437728
-0.823636,1.24204,0.0269041,0.0101288,0.0270259
-0.825126,1.2406,0.0232407,0.00834216,0.0234229
-0.826577,1.23918,0.0220367,0.00824688,0.0222932
-0.827829,1.23789,0.0382977,0.021683,0.0391532
-0.829085,1.23661,0.054518,0.0351053,0.0560791
-0.830337,1.23531,0.0706972,0.0485137,0.0730708
-0.831072,1.23463,0.0303232,0.0122377,0.0309741
-0.832323,1.23333,0.0463913,0.0256494,0.0480632
-0.833965,1.23167,0.0273446,0.010183,0.0280747
-0.835213,1.23037,0.0433042,0.0235936,0.0452656
-0.836452,1.22907,0.0592223,0.0369897,0.0625218
-0.83751,1.228,0.0292193,0.011087,0.0302634
-0.839076,1.22634,0.0450489,0.0244621,0.047639
-0.840153,1.22523,0.0270654,0.00997315,0.0281915
-0.841575,1.22374,0.0231116,0.00815961,0.0241194
-0.842802,1.22242,0.0387448,0.0215605,0.0416194
-0.843618,1.22156,0.0254151,0.0101404,0.0268216
-0.844989,1.22009,0.0223598,0.00848139,0.0236161
-0.846204,1.21877,0.0378292,0.0218741,0.0412722
-0.847423,1.21744,0.0532589,0.0352497,0.0589933
-0.848781,1.21597,0.0276764,0.0114871,0.029598
-0.849993,1.21464,0.0429973,0.0248552,0.0474237
-0.850749,1.21381,0.0262385,0.0102932,0.0281341
-0.85201,1.21242,0.0225693,0.00834666,0.0241976
-0.853212,1.21108,0.0377209,0.0217071,0.0421761
-0.854533,1.2096,0.024917,0.0102284,0.0270726
-0.855984,1.20797,0.0219787,0.00852244,0.0238569
-0.857152,1.20666,0.036964,0.0218685,0.0419941
-0.858335,1.20532,0.0519115,0.0351954,0.0601949
-0.859054,1.20449,0.0272222,0.0114821,0.0299776
-0.86024,1.20314,0.0420615,0.0247967,0.0482841
-0.8618,1.20133,0.0258461,0.0102719,0.028487
-0.863271,1.19962,0.0222558,0.00832316,0.0244883
-0.864456,1.19825,0.0369251,0.0216234,0.0429496
-0.865631,1.19689,0.0515544,0.0349041,0.0614748
-0.866176,1.19622,0.027148,0.011297,0.0304127
-0.867767,1.19433,0.0225518,0.00843612,0.0250849
-0.868936,1.19296,0.037007,0.021703,0.0437622
-0.870124,1.19157,0.0514251,0.0349475,0.0625045
-0.870905,1.1906,0.0270862,0.0112207,0.0306985
-0.872064,1.18922,0.0413908,0.0244524,0.0495438
-0.873126,1.18791,0.0255878,0.0100898,0.0290157
-0.874283,1.18653,0.0397831,0.0233042,0.0479671
-0.875434,1.18515,0.0539396,0.036497,0.0669815
-0.876589,1.1837,0.0276168,0.0110119,0.0316078
-0.877752,1.18224,0.022645,0.0081613,0.0257038
-0.87889,1.18086,0.0366189,0.0213402,0.0448662
-0.879762,1.17975,0.0243442,0.00991209,0.0282336
-0.881216,1.17792,0.0213997,0.00828277,0.0247356
-0.88259,1.17618,0.0203488,0.00816748,0.0237207
-0.883724,1.17478,0.0340976,0.0213101,0.043092
-0.884851,1.17338,0.0478083,0.0344295,0.0625256
-0.885919,1.17197,0.0259023,0.0114102,0.0308336
-0.887041,1.17056,0.0395047,0.0245061,0.0503744
-0.888044,1.16922,0.0247771,0.0101833,0.0293588
-0.889233,1.16765,0.0214193,0.00823048,0.0252188
-0.890346,1.16624,0.0348509,0.0212956,0.0449162
-0.891129,1.16517,0.0235626,0.010033,0.0283634
-0.892168,1.16384,0.0368827,0.0230721,0.0481705
-0.893369,1.16221,0.0240017,0.0101449,0.0290245
-0.894471,1.16079,0.0372248,0.0231524,0.0489396
-0.895387,1.15951,0.0241019,0.0100619,0.0292547
-0.896697,1.15773,0.0210225,0.0082181,0.0253237
-0.897792,1.15629,0.034077,0.0211878,0.045397
-0.898681,1.15504,0.0231955,0.0100071,0.0286009
-0.89977,1.1536,0.0361476,0.0229444,0.0487832
-0.900768,1.15218,0.023673,0.0100949,0.0292934
-0.901994,1.15046,0.0207386,0.00824039,0.0254189
-0.903074,1.14902,0.0335241,0.0211352,0.0457598
-0.903892,1.14782,0.0229287,0.00999131,0.0287723
-0.904967,1.14637,0.0356124,0.0228507,0.0492227
-0.905808,1.14512,0.0234314,0.0100582,0.0294842
-0.906874,1.14367,0.0360111,0.0228833,0.0500422
-0.907906,1.14213,0.0235674,0.00994882,0.0297309
-0.909307,1.1401,0.0205943,0.00811675,0.0257184
-0.910365,1.13864,0.0330056,0.0208952,0.0464346
-0.911249,1.13729,0.0226877,0.00986854,0.0290904
-0.912301,1.13583,0.0349972,0.0226088,0.0499152
-0.913539,1.13395,0.0231655,0.00994653,0.0297911
-0.914586,1.13248,0.0353707,0.0226487,0.050724
-0.915767,1.13066,0.0232913,0.00984398,0.0300287
-0.916806,1.12919,0.0353909,0.0225081,0.0510692
-0.91785,1.12771,0.0474571,0.0351419,0.072169
-0.918258,1.12693,0.0255894,0.0107156,0.0331839
-0.919288,1.12546,0.0375406,0.0233165,0.0543866
-0.920149,1.12403,0.0239869,0.00952765,0.03094
-0.921201,1.12237,0.0206472,0.00774509,0.0264036
-0.922291,1.12079,0.0324294,0.0202912,0.0477634
-0.922965,1.11965,0.0224319,0.00954316,0.0297074
-0.924051,1.11793,0.0198804,0.00795792,0.0260388
-0.925065,1.11644,0.0314928,0.0204497,0.0475523
-0.925936,1.115,0.0219791,0.00969034,0.0296501
-0.926941,1.11351,0.033492,0.0221367,0.0512707
-0.92771,1.1122,0.0224971,0.00974643,0.0303889
-0.928705,1.11071,0.0339082,0.0221484,0.0521147
-0.929699,1.10921,0.0452873,0.034518,0.0738977
-0.931061,1.10692,0.0248908,0.010563,0.0337062
-0.932051,1.10542,0.0361576,0.022892,0.055592
-0.932761,1.10413,0.0234109,0.00936126,0.0314298
-0.933746,1.10262,0.0345698,0.0216468,0.0534188
-0.934455,1.10132,0.0229678,0.00926727,0.0311056
-0.9355,1.09954,0.019971,0.00760556,0.0267522
-0.93647,1.09803,0.0309596,0.0198287,0.0488935
-0.937441,1.09652,0.0419173,0.032018,0.0710909
-0.938102,1.09525,0.0240427,0.0103581,0.0335396
-0.939305,1.09316,0.0202305,0.00772515,0.0274218
-0.940278,1.09162,0.0310155,0.0198497,0.0497714
-0.941223,1.09011,0.0417661,0.0319413,0.072176
-0.942018,1.08859,0.0239891,0.010246,0.0338043
-0.943085,1.08666,0.0201602,0.00763483,0.0275853
-0.944035,1.08513,0.0307382,0.0196592,0.0501408
-0.94491,1.08349,0.0215957,0.00915591,0.0306987
-0.945858,1.08194,0.0320753,0.0211267,0.0533576
-0.946288,1.08102,0.0219004,0.00925755,0.0312938
-0.947223,1.07948,0.0322796,0.0211758,0.0540543
-0.948052,1.07787,0.0219628,0.00918721,0.0314785
-0.948981,1.07632,0.0322415,0.0210515,0.0543409
-0.950228,1.07396,0.0219511,0.00911443,0.0315886
-0.951147,1.07242,0.0321274,0.0209238,0.0545536
-0.952053,1.07062,0.0219252,0.00904243,0.0316869
-0.952723,1.06948,0.0319607,0.0208051,0.0547565
-0.953848,1.06726,0.0218378,0.00900182,0.0317662
-0.954759,1.0657,0.0318111,0.0206989,0.0549342
-0.955522,1.0641,0.0217742,0.00895314,0.0318455
-0.956418,1.06255,0.0316457,0.0205929,0.0551145
-0.957738,1.06026,0.0415548,0.0321573,0.078458
-0.95821,1.05943,0.0512843,0.0437462,0.101832
-0.958435,1.05861,0.0255776,0.01027,0.0375037
-0.959362,1.05668,0.0205911,0.00709649,0.0289637
-0.960348,1.05468,0.0186883,0.0068273,0.0268665
-0.961229,1.05311,0.0282497,0.018294,0.0504334
-0.96202,1.05142,0.0205235,0.00875276,0.0312041
-0.962895,1.04984,0.0299918,0.0201562,0.0548706
-0.9633,1.04884,0.0209817,0.00887429,0.0320055
-0.964125,1.04711,0.0185375,0.00723985,0.0276398
-0.964992,1.04552,0.0278512,0.0185528,0.0514529
-0.965599,1.04414,0.020249,0.00876189,0.0314645
-0.966459,1.04255,0.0294719,0.0200094,0.0553758
-0.967307,1.04098,0.0386677,0.0312175,0.0793374
-0.968105,1.03911,0.0228255,0.00964593,0.0354585
-0.968952,1.03752,0.0319182,0.0207918,0.0595165
-0.969371,1.0364,0.0216621,0.00851437,0.0330437
-0.970287,1.03438,0.0188001,0.00688893,0.0281307
-0.971119,1.03279,0.0277298,0.0179428,0.0523317
-0.971941,1.0309,0.0202194,0.0084336,0.0318543
-0.972771,1.0293,0.0290586,0.0194189,0.0561515
-0.973198,1.02817,0.0205746,0.0085202,0.0325355
-0.97418,1.02597,0.0181834,0.00695136,0.0280562
-0.974999,1.02436,0.026871,0.0178375,0.0524956
-0.975816,1.02276,0.0355347,0.028682,0.0769837
-0.976624,1.02074,0.0219137,0.00931047,0.0354358
-0.977493,1.01902,0.0304878,0.0200818,0.0600208
-0.977782,1.01807,0.0210602,0.00829612,0.0333452
-0.978619,1.01607,0.0183696,0.00670214,0.0284183
-0.979391,1.01451,0.026773,0.0173776,0.0531413
-0.980181,1.0129,0.0351572,0.0280103,0.0779111
-0.980855,1.01108,0.0218496,0.00904954,0.0357306
-0.981649,1.00944,0.030137,0.0196111,0.0605932
-0.981864,1.00861,0.0209377,0.00808891,0.0335832
-0.982514,1.00695,0.0182453,0.00654466,0.0286038
-0.983463,1.00468,0.0170758,0.00641817,0.027353
-0.98403,1.00348,0.0251165,0.0168439,0.0524031
-0.984827,1.00145,0.0189886,0.00812016,0.0322092
-0.985593,0.99982,0.0269827,0.0184659,0.0573454
-0.98595,0.998705,0.0196187,0.0081504,0.0330967
-0.986704,0.997083,0.0275272,0.0184197,0.058323
-0.987298,0.995408,0.0198669,0.00800586,0.0333324
-0.98805,0.993773,0.0276896,0.0181981,0.0586483
-0.988636,0.992076,0.0199611,0.007881,0.0334504
-0.989521,0.989764,0.0176328,0.00641481,0.0287398
-0.990263,0.988121,0.0253107,0.016493,0.0541896
-0.990995,0.986075,0.0190589,0.00777481,0.0327511
-0.991732,0.984424,0.0266549,0.0177721,0.05829
-0.992461,0.982782,0.0342307,0.0277244,0.083873
-0.992657,0.981826,0.0214697,0.00855428,0.0368619
-0.993379,0.980179,0.0289508,0.0184293,0.0625315
-0.993952,0.978365,0.0204511,0.00753886,0.0342787
-0.994692,0.97625,0.0178151,0.00609191,0.029129
-0.995404,0.974597,0.0251465,0.0158496,0.0549288
-0.995876,0.973073,0.0190064,0.0074436,0.033075
-0.996581,0.971414,0.0262576,0.0171184,0.0589604
-0.997141,0.969629,0.0193465,0.00750482,0.0337678
-0.997837,0.967972,0.0265151,0.0170965,0.0597383
-0.998532,0.96631,0.0336667,0.0266416,0.0857507
-0.99883,0.965017,0.021373,0.00812535,0.0373368
-0.999516,0.963356,0.0284301,0.0175895,0.0634328
-1.00011,0.961355,0.0202625,0.00717505,0.0346355
-1.00087,0.959023,0.0176283,0.00580633,0.0294067
-1.00154,0.957352,0.0245388,0.0151466,0.0556283
-1.00208,0.955546,0.0187267,0.00710899,0.0334039
-1.00274,0.953874,0.0255595,0.0163623,0.059708
-1.00314,0.952386,0.0190449,0.00716961,0.0340962
-1.0038,0.95071,0.0257988,0.0163359,0.0604818
-1.00417,0.949259,0.0191497,0.0070781,0.0342683
-1.00482,0.947584,0.0258244,0.0161574,0.0607343
-1.00547,0.945906,0.0324844,0.0251886,0.0872397
-1.00584,0.944279,0.0210434,0.00766009,0.0377785
-1.00654,0.941921,0.017843,0.00562887,0.030301
-1.00718,0.940233,0.0243531,0.0145318,0.0569268
-1.00753,0.938796,0.0186395,0.00673624,0.0338317
-1.00816,0.937105,0.0250746,0.0155494,0.0605356
-1.00851,0.935646,0.0188485,0.00679365,0.0344349
-1.00906,0.93373,0.0167421,0.00553741,0.0295921
-1.00968,0.932041,0.0230494,0.0142171,0.0564124
-1.01025,0.929956,0.017993,0.006699,0.0338043
-1.01086,0.928263,0.0242308,0.0152863,0.060701
-1.01112,0.927045,0.0184351,0.00670743,0.0345331
-1.01172,0.925349,0.0246014,0.0152029,0.0615049
-1.01212,0.923685,0.0186159,0.00658988,0.0347104
-1.01274,0.921437,0.0165553,0.00534968,0.0297741
-1.01334,0.919724,0.0225995,0.013707,0.0568585
-1.01385,0.917729,0.0177781,0.00645587,0.0340092
-1.01443,0.916026,0.0237546,0.0147189,0.0611671
-1.01501,0.914324,0.0297202,0.0229319,0.0883606
-1.01559,0.912618,0.0356754,0.0310946,0.11559
-1.01589,0.910856,0.0217193,0.00739879,0.0408232
-1.01646,0.909149,0.0275807,0.0154696,0.0681247
-1.0168,0.9074,0.0199482,0.00605171,0.0359287
-1.01736,0.90569,0.0257283,0.0140284,0.0633016
-1.01778,0.903717,0.0192297,0.00593924,0.0352477
-1.01833,0.902,0.0249346,0.0138205,0.062691
-1.01857,0.900621,0.018861,0.00593133,0.0351717
-1.01902,0.898689,0.0166055,0.00485182,0.0301139
-1.01957,0.896972,0.0221885,0.0125904,0.0576612
-1.02011,0.895254,0.0277631,0.0202779,0.0852418
-1.02027,0.89406,0.0194695,0.00654516,0.0381164
-1.0208,0.892341,0.0249706,0.0141364,0.0657642
-1.02133,0.890621,0.0304639,0.0216761,0.0934445
-1.02154,0.889145,0.0205567,0.00634894,0.0391059
-1.02202,0.88755,0.0259557,0.0137927,0.0668536
-1.02236,0.8857,0.0193024,0.00557569,0.035955
-1.02291,0.883273,0.0167783,0.00451264,0.0304418
-1.0234,0.88111,0.0154933,0.00444384,0.0291218
-1.02391,0.879376,0.0207396,0.0116922,0.0569993
-1.02413,0.878101,0.016895,0.00561864,0.0344243
-1.02463,0.876364,0.0220871,0.0127665,0.0623647
-1.02494,0.874679,0.0174709,0.00561894,0.0353112
-1.02543,0.87294,0.0226057,0.0126662,0.0633139
-1.02585,0.87078,0.0177364,0.00549042,0.0355003
-1.02634,0.869047,0.0228115,0.0124365,0.0635646
-1.02667,0.867191,0.0178543,0.00537178,0.0355778
-1.02714,0.865455,0.0228701,0.0122163,0.0637027
-1.02761,0.863716,0.0278819,0.0190081,0.0918567
-1.02791,0.86176,0.0196444,0.0057712,0.0391791
-1.02838,0.860013,0.0245856,0.0124617,0.0673928
-1.0286,0.858398,0.0187052,0.00506765,0.036247
-1.02906,0.856651,0.0235821,0.0116563,0.0645191
-1.02951,0.854916,0.0284546,0.0181922,0.0928191
-1.02965,0.853532,0.0199841,0.00545077,0.0393841
-1.03009,0.851789,0.0247849,0.0118854,0.067741
-1.03038,0.84984,0.0188319,0.00481671,0.036378
-1.03074,0.847795,0.0164022,0.00389496,0.0308038
-1.03118,0.846043,0.0210945,0.0101758,0.059245
-1.03145,0.844261,0.0171242,0.00476121,0.0350997
-1.03188,0.842512,0.021766,0.0109376,0.0635953
-1.0323,0.840768,0.026406,0.0170605,0.092117
-1.0325,0.839089,0.01913,0.00523247,0.0394037
-1.03279,0.83726,0.0164788,0.00382635,0.0315339
-1.0332,0.835508,0.0210117,0.00979421,0.0601354
-1.03361,0.833751,0.0255446,0.0157082,0.088762
-1.03368,0.832635,0.0188358,0.0050044,0.0391
-1.03399,0.830644,0.0163074,0.00369796,0.0315131
-1.03439,0.828886,0.0207379,0.00945614,0.0602163
-1.03478,0.827134,0.0251683,0.0151604,0.0889438
-1.03484,0.826106,0.0186982,0.00483703,0.0391741
-1.03522,0.824346,0.0230725,0.0104367,0.0679505
-1.03554,0.822032,0.0180509,0.00427716,0.0365974
-1.03592,0.820269,0.022373,0.00977061,0.0654222
-1.03604,0.818998,0.017745,0.00416601,0.0362535
-1.0364,0.81662,0.0157168,0.00339016,0.0309668
-1.03677,0.814851,0.0199732,0.00877357,0.0598411
-1.03691,0.813539,0.016574,0.00412498,0.0354028
-1.03727,0.811776,0.0208108,0.00945099,0.0643017
-1.03746,0.810156,0.0169589,0.00414291,0.0361044
-1.03772,0.808267,0.0152643,0.0033765,0.0309492
-1.03804,0.806151,0.0143433,0.00330069,0.0297275
-1.0384,0.804385,0.0185456,0.00858492,0.0586451
-1.03858,0.802866,0.0158115,0.0041517,0.0352137
-1.03894,0.801108,0.0200201,0.00942698,0.0641347
-1.03917,0.799228,0.0165435,0.00417293,0.0360786
-1.03944,0.797204,0.015024,0.00339591,0.0309444
-1.0398,0.795444,0.0192215,0.00865652,0.0598719
-1.03996,0.793924,0.0161864,0.00409498,0.0354239
-1.04027,0.792429,0.0203695,0.00934981,0.0643544
-1.04045,0.790722,0.016733,0.00411994,0.0361223
-1.04081,0.788958,0.0209348,0.00936156,0.0650573
-1.04095,0.787428,0.0170283,0.00407368,0.0362362
-1.04131,0.785657,0.0212292,0.00930583,0.0651751
-1.04144,0.784176,0.0171848,0.00403756,0.0362601
-1.0418,0.782411,0.0213828,0.00926053,0.0652028
-1.04208,0.780072,0.0172672,0.0040138,0.0362686
-1.04244,0.778309,0.0214615,0.00922651,0.0652156
-1.04279,0.776542,0.0256799,0.0144343,0.0941637
-1.04315,0.774774,0.0299223,0.0196373,0.123113
-1.04318,0.773278,0.0205605,0.00461895,0.0424829
-1.04353,0.771515,0.0247724,0.00981235,0.071437
-1.0437,0.769591,0.0189526,0.00383405,0.0371974
-1.04387,0.767896,0.0163282,0.00312639,0.0312395
-1.04422,0.766126,0.0204997,0.00830497,0.0602012
-1.04443,0.764256,0.0168744,0.00389692,0.0355133
-1.04478,0.762501,0.0210448,0.00906615,0.0644788
-1.04503,0.760367,0.0171019,0.00397838,0.0361699
-1.04538,0.7586,0.0212714,0.00913761,0.0651394
-1.04573,0.756836,0.0254644,0.0142921,0.0941099
-1.04578,0.755556,0.0189124,0.00436316,0.0398733
-1.04613,0.753796,0.0230903,0.00950889,0.0688479
-1.0463,0.751983,0.0181066,0.00388873,0.0368287
-1.04656,0.749972,0.0158975,0.00316387,0.0311578
-1.04691,0.748204,0.0200481,0.00829574,0.060139
-1.0472,0.74591,0.0166337,0.00390357,0.0355072
-1.04755,0.74414,0.0207855,0.00902576,0.0644921
-1.0479,0.74236,0.0249622,0.014143,0.0934781
-1.04795,0.741109,0.0186816,0.00436045,0.03981
-1.0483,0.739349,0.0228433,0.00946957,0.0687998
-1.04842,0.737847,0.0179848,0.00388062,0.0368265
-1.04877,0.736078,0.0221388,0.00898124,0.0658199
-1.04894,0.734414,0.0176675,0.00384904,0.0363964
-1.04928,0.732689,0.0218123,0.00894187,0.0653932
-1.04949,0.730779,0.0175013,0.00386186,0.0363317
-1.04977,0.728685,0.0155587,0.00317199,0.0310499
-1.05011,0.726914,0.0196857,0.00825128,0.0600528
-1.05024,0.72559,0.0164422,0.00389394,0.0355
-1.05054,0.723463,0.0149564,0.00324364,0.0308521
-1.05089,0.721687,0.0190736,0.00831046,0.0598602
-1.05118,0.719468,0.0161043,0.0039431,0.0354635
-1.05153,0.717709,0.0202251,0.00900122,0.0644749
-1.05174,0.71587,0.0166699,0.00396768,0.036182
-1.05209,0.714103,0.0207924,0.00901721,0.0651966
-1.05221,0.712794,0.0169671,0.003924,0.0362977
-1.05255,0.71103,0.0210888,0.0089658,0.0653155
-1.05269,0.709604,0.0171245,0.00389015,0.036321
-1.05304,0.7072,0.01534,0.00317984,0.0310521
-1.05338,0.705427,0.0194456,0.00821006,0.0600749
-1.05373,0.703664,0.0235742,0.0132358,0.0890987
-1.05396,0.701621,0.0180693,0.0042977,0.0393488
-1.0543,0.699849,0.0221905,0.00931556,0.0683758
-1.05466,0.698039,0.0263395,0.014328,0.0974039
-1.05467,0.697074,0.0193208,0.00421942,0.0402524
-1.0549,0.695267,0.0165161,0.00310327,0.0319327
-1.05524,0.692979,0.0150433,0.0030132,0.0300375
-1.05558,0.691209,0.0191347,0.00801407,0.0590723
-1.05592,0.689448,0.0232491,0.0130105,0.0881078
-1.05603,0.688203,0.0179235,0.004276,0.039243
-1.05637,0.686435,0.0220319,0.00926595,0.0682814
-1.05671,0.684667,0.0261642,0.0142513,0.0973206
-1.05696,0.68249,0.0192462,0.00420571,0.0402486
-1.05721,0.680614,0.0164737,0.00309208,0.0319361
-1.05755,0.678841,0.020567,0.00806862,0.0609802
-1.05764,0.6778,0.0169121,0.00374534,0.0356785
-1.05793,0.675848,0.0152315,0.00312723,0.0309182
-1.05822,0.67429,0.0192969,0.00809778,0.0599655
-1.05843,0.672681,0.0162335,0.00383615,0.035505
-1.05878,0.670894,0.0203186,0.00879735,0.0645552
-1.059,0.669194,0.0167267,0.00387491,0.0362165
-1.05934,0.667422,0.0208121,0.00883007,0.065269
-1.05965,0.665213,0.0169843,0.00384124,0.0363292
-1.05998,0.663444,0.0210691,0.00878998,0.0653842
-1.06015,0.662016,0.0171204,0.00381325,0.0363509
-1.06049,0.660246,0.0212042,0.00875608,0.0654082
-1.06068,0.6587,0.017193,0.00379506,0.0363575
-1.06101,0.65694,0.0212745,0.00873221,0.065417
-1.06135,0.655174,0.0253802,0.0136647,0.0944774
-1.06156,0.653362,0.0189166,0.00416179,0.039964
-1.06188,0.651139,0.0162936,0.00307889,0.0318819
-1.06222,0.648884,0.0149071,0.00298429,0.0300372
-1.06256,0.647105,0.018967,0.00790701,0.059103
-1.06289,0.645349,0.023049,0.0128255,0.0881696
-1.06318,0.643181,0.0178356,0.00422016,0.0392658
-1.06352,0.641412,0.0219127,0.00913262,0.0683349
-1.0636,0.64045,0.0175345,0.00378726,0.0367913
-1.06385,0.638683,0.0155544,0.00307087,0.0311851
-1.06418,0.636922,0.0196111,0.00797646,0.0602575
-1.06452,0.635156,0.0236918,0.0128775,0.0893308
-1.06468,0.633718,0.018152,0.0041692,0.0394058
-1.06499,0.631585,0.0158746,0.00311335,0.0317607
-1.06532,0.629812,0.0199303,0.00800756,0.0608374
-1.06554,0.628166,0.0165745,0.00373591,0.035665
-1.06588,0.626404,0.0206321,0.00862456,0.0647438
-1.06618,0.624261,0.0169007,0.00378493,0.0362642
-1.06651,0.622502,0.0209583,0.00866788,0.0653451
-1.06664,0.621353,0.0170676,0.00376597,0.0363576
-1.06693,0.619408,0.0152962,0.00308039,0.0310889
-1.06726,0.617626,0.0193411,0.00795627,0.0601729
-1.06752,0.615802,0.0162607,0.00375918,0.0355576
-1.06788,0.613515,0.014837,0.00312685,0.0309011
-1.06821,0.611743,0.0188744,0.00799512,0.0599883
-1.06841,0.6103,0.0160046,0.00379492,0.0355239
-1.06874,0.608531,0.0200483,0.00865765,0.064613
-1.0689,0.607252,0.0165882,0.00381745,0.0362425
-1.06923,0.605484,0.0206345,0.00867522,0.0653333
-1.06946,0.603808,0.0168963,0.00377613,0.0363569
-1.06981,0.601572,0.015196,0.00308183,0.0310912
-1.07014,0.599802,0.0192297,0.00793316,0.0601848
-1.07044,0.597782,0.0162008,0.00374972,0.0355631
-1.07077,0.596011,0.0202397,0.00859554,0.0646586
-1.07107,0.593959,0.0166931,0.00378469,0.0362554
-1.07155,0.591368,0.0208038,0.00861221,0.0653552
-1.07173,0.590418,0.0247985,0.0134614,0.094451
-1.07206,0.588648,0.0288871,0.018293,0.12355
-1.07222,0.58709,0.0202152,0.00432555,0.0426005
-1.07255,0.585321,0.024279,0.00915451,0.0717014
-1.07265,0.5843,0.0186922,0.00359102,0.0373002
-1.07293,0.582384,0.0162012,0.00291572,0.0313256
-1.07324,0.580731,0.0202245,0.00774241,0.0604287
-1.07357,0.57895,0.0242807,0.012563,0.089533
-1.07379,0.577215,0.0184625,0.0040411,0.0394544
-1.07412,0.575452,0.0225071,0.00885841,0.0685603
-1.0745,0.572898,0.0178407,0.00365561,0.0368501
-1.07483,0.571128,0.0218797,0.00846866,0.0659578
-1.07509,0.569291,0.0175506,0.00363461,0.0364729
-1.07542,0.567526,0.0215855,0.00844369,0.0655822
-1.07562,0.56603,0.0174015,0.00364826,0.0364156
-1.07595,0.564262,0.0214339,0.00845349,0.0655264
-1.07618,0.562622,0.017323,0.0036579,0.0364063
-1.07649,0.560611,0.0154363,0.0030034,0.0311166
-1.07682,0.558831,0.0194532,0.00780414,0.0602296
-1.07713,0.556834,0.0163261,0.00368497,0.0355836
-1.07746,0.555063,0.0203468,0.00848142,0.064698
-1.07778,0.553292,0.0243915,0.0132735,0.0938133
-1.07799,0.551744,0.0184665,0.00410071,0.0399154
-1.07832,0.549968,0.0225018,0.00889012,0.0690319
-1.07847,0.548818,0.0178345,0.00364607,0.0369214
-1.0788,0.547046,0.021864,0.00843288,0.0660391
-1.07921,0.544443,0.0175428,0.00361624,0.0364898
-1.07956,0.542211,0.0155592,0.00297186,0.0311409
-1.07991,0.540316,0.0195794,0.00775327,0.0602609
-1.08008,0.539132,0.0163914,0.00365899,0.0355935
-1.08042,0.537032,0.014907,0.00305107,0.0309276
-1.08074,0.535262,0.0189105,0.00782987,0.0600492
-1.08096,0.533797,0.0160294,0.0037153,0.0355528
-1.08129,0.532021,0.02004,0.00848998,0.0646756
-1.08157,0.530221,0.0165901,0.00374275,0.0362702
-1.08194,0.527942,0.0150143,0.00305437,0.0310832
-1.08226,0.526165,0.0190161,0.00782487,0.0602078
-1.08259,0.524399,0.023041,0.0125911,0.0893332
-1.08288,0.522447,0.0178468,0.00409887,0.0394288
-1.08321,0.520676,0.0218669,0.0088623,0.0685554
-1.08353,0.518892,0.0259124,0.0136211,0.0976829
-1.08362,0.51803,0.0191714,0.0040161,0.0403342
-1.08395,0.516272,0.0231991,0.00877422,0.0694625
-1.08422,0.514412,0.018187,0.00356662,0.036996
-1.08455,0.512641,0.0222075,0.00832242,0.0661254
-1.0849,0.510388,0.0177225,0.00356009,0.0365126
-1.08522,0.508619,0.021738,0.00831318,0.0656432
-1.08554,0.506853,0.0257772,0.0130619,0.0947746
-1.0858,0.505062,0.0191452,0.00395565,0.0400419
-1.08612,0.503291,0.0231696,0.00870296,0.0691742
-1.08631,0.50194,0.0181765,0.00355229,0.0369577
-1.08661,0.500068,0.0159078,0.00290154,0.0312583
-1.08693,0.498292,0.0199073,0.00764725,0.0603921
-1.08723,0.496336,0.0165761,0.00359779,0.0356259
-1.0876,0.494092,0.0150115,0.00300743,0.0309438
-1.08792,0.49232,0.0190019,0.00774935,0.0600792
-1.08822,0.490415,0.0160822,0.0036752,0.0355663
-1.08856,0.488363,0.0147234,0.00305465,0.0309253
-1.0889,0.486508,0.0187162,0.00779118,0.0600627
-1.08913,0.484989,0.0159196,0.00370063,0.0355607
-1.08945,0.483217,0.0199136,0.00843453,0.064699
-1.08978,0.481447,0.0239314,0.0131641,0.0938381
-1.08999,0.480007,0.0182485,0.00408193,0.0399264
-1.09031,0.477976,0.0159135,0.00300924,0.031902
-1.09064,0.476212,0.0199059,0.00773802,0.0610422
-1.09096,0.474442,0.0239226,0.0124624,0.0901832
-1.09119,0.472885,0.0182933,0.0039962,0.0395418
-1.09151,0.471116,0.0223017,0.00871914,0.0686836
-1.09171,0.469758,0.0177415,0.00359799,0.0368838
-1.09204,0.46798,0.0217461,0.00831903,0.0660264
-1.09233,0.466144,0.0174869,0.00357149,0.0364996
-1.0927,0.463865,0.0155225,0.00293495,0.0311537
-1.09303,0.462094,0.0195088,0.00765476,0.0602974
-1.09335,0.460323,0.0235191,0.0123702,0.0894418
-1.09367,0.458552,0.0275533,0.0170813,0.118587
-1.09397,0.456579,0.0196984,0.00422703,0.0422267
-1.09429,0.454801,0.0237141,0.00893827,0.0713725
-1.09464,0.452638,0.0184715,0.00352586,0.0372738
-1.09481,0.451692,0.0224095,0.00824834,0.0664181
-1.09513,0.449922,0.0264352,0.0129549,0.0955653
-1.09537,0.448318,0.0194594,0.00387526,0.0401399
-1.09569,0.446563,0.0234674,0.00858229,0.0692875
-1.09596,0.444858,0.0183267,0.0034943,0.0369849
-1.09628,0.443087,0.0223278,0.00820029,0.0661331
-1.0966,0.441125,0.0177865,0.0035074,0.036525
-1.09696,0.438927,0.0156906,0.00289533,0.0311652
-1.09734,0.436724,0.0145406,0.002872,0.0298969
-1.09766,0.434949,0.0185133,0.0075779,0.059046
-1.09798,0.433047,0.015824,0.00366041,0.0354045
-1.0983,0.431275,0.019805,0.00836325,0.0645545
-1.09862,0.429505,0.0238098,0.0130618,0.0937053
-1.09894,0.427733,0.0278387,0.0177559,0.122857
-1.09926,0.425965,0.0318915,0.0224458,0.152009
-1.0994,0.424878,0.0212556,0.00435882,0.0445819
-1.09972,0.423107,0.0252757,0.00905187,0.0737342
-1.10006,0.421042,0.0191656,0.00344464,0.0376082
-1.10038,0.419272,0.0231703,0.00813833,0.0667607
-1.10066,0.417534,0.0182093,0.00343829,0.0366275
-1.10097,0.415708,0.0159261,0.00284933,0.0311945
-1.10129,0.413935,0.0199064,0.00754448,0.0603473
-1.1015,0.412692,0.016579,0.00355363,0.035629
-1.10181,0.410925,0.0205626,0.00824699,0.0647823
-1.10226,0.408346,0.0168776,0.00362379,0.0363092
-1.10258,0.406572,0.0208635,0.00831541,0.0654631
-1.10285,0.404963,0.0170301,0.0036136,0.0364129
-1.10317,0.403095,0.0152616,0.00295859,0.0311344
-1.1035,0.401248,0.0192412,0.00764927,0.0602889
-1.10384,0.399273,0.0162138,0.00361471,0.0356123
-1.10415,0.397536,0.0201912,0.0083048,0.064767
-1.10438,0.39616,0.016678,0.00365613,0.0363031
-1.10474,0.394125,0.0150593,0.00298905,0.0311064
-1.10506,0.392353,0.0190306,0.0076786,0.0602615
-1.10529,0.390996,0.0160989,0.00363269,0.0356058
-1.10567,0.388831,0.0147296,0.00301906,0.0309436
-1.10599,0.387057,0.0186981,0.00770777,0.0600991
-1.10626,0.385492,0.0159155,0.0036602,0.0355764
-1.10658,0.383722,0.0198918,0.0083469,0.0647323
-1.1069,0.381945,0.0238926,0.0130292,0.0938891
-1.10701,0.381234,0.018239,0.00403976,0.0399421
-1.10733,0.379474,0.0222313,0.00872286,0.0690988
-1.10772,0.377268,0.0177479,0.00357377,0.0369502
-1.10789,0.376319,0.0216728,0.0082683,0.066105
-1.10831,0.373916,0.0174484,0.00354841,0.0365176
-1.10863,0.372145,0.0214334,0.00823151,0.0656745
-1.10893,0.370443,0.0173288,0.00355802,0.0364524
-1.10925,0.368665,0.0213139,0.00824057,0.0656095
-1.10958,0.366743,0.0172669,0.00356707,0.0364415
-1.10997,0.36456,0.0153953,0.00292963,0.0311449
-1.11029,0.362787,0.0193665,0.00761381,0.0603019
-1.11061,0.361016,0.0233616,0.0122937,0.0894597
-1.11103,0.358627,0.0180265,0.00398761,0.0394665
-1.11135,0.356851,0.0220167,0.00866801,0.0686242
-1.11154,0.355769,0.0175987,0.00358595,0.0368806
-1.11195,0.353497,0.0155789,0.00291356,0.0312462
-1.11226,0.351725,0.0195517,0.00759662,0.0604035
-1.11258,0.349952,0.0235485,0.0122754,0.0895617
-1.11284,0.348492,0.0181209,0.0039718,0.0394801
-1.11317,0.346683,0.0158443,0.00296967,0.0318148
-1.11349,0.344911,0.0198192,0.00765214,0.0609723
-1.11373,0.343539,0.0165246,0.00357065,0.0357276
-1.11414,0.341303,0.0205427,0.00824536,0.0648865
-1.11437,0.339996,0.0245071,0.0129297,0.0940437
-1.11467,0.338365,0.0185505,0.00398223,0.0399671
-1.11507,0.336118,0.0160746,0.00294679,0.0319223
-1.11547,0.333942,0.0147569,0.00285082,0.0300879
-1.11579,0.332173,0.0187236,0.00753532,0.059245
-1.11611,0.330418,0.0159412,0.00362661,0.0354432
-1.11645,0.328537,0.0146383,0.00302527,0.0309059
-1.11679,0.326649,0.0186131,0.00770881,0.060063
-1.11709,0.324995,0.0225944,0.0123912,0.0892204
-1.11742,0.32318,0.0176383,0.00405296,0.0394305
-1.11773,0.321469,0.0216214,0.00873538,0.0685878
-1.11805,0.31971,0.0173923,0.00362285,0.0368704
-1.11837,0.317938,0.0213788,0.0083051,0.0660277
-1.11859,0.316753,0.0172968,0.00357261,0.0365031
-1.11895,0.314797,0.0154127,0.00292922,0.0311589
-1.11936,0.312542,0.014375,0.00288758,0.0298959
-1.11968,0.310775,0.0183398,0.00757496,0.059052
-1.12,0.309037,0.0157276,0.00366167,0.0354071
-1.12032,0.307268,0.0197019,0.00834776,0.0645633
-1.12054,0.30607,0.0164144,0.00369436,0.0362677
-1.12098,0.303712,0.0149173,0.00301087,0.0310964
-1.12125,0.302164,0.0188721,0.00770127,0.0602517
-1.12161,0.300262,0.0160108,0.00364638,0.0356027
-1.12192,0.298492,0.0199874,0.00833332,0.0647586
-1.12229,0.296536,0.0165677,0.00367286,0.0362999
-1.1226,0.294766,0.0205489,0.00835954,0.0654557
-1.12294,0.292944,0.0168625,0.00363874,0.036409
-1.12326,0.291171,0.0208465,0.00832555,0.0655647
-1.12356,0.289615,0.0170203,0.0036135,0.0364285
-1.12387,0.287842,0.0210057,0.00830071,0.065584
-1.12419,0.286071,0.025015,0.0129836,0.0947403
-1.12451,0.284396,0.0187873,0.00395824,0.0400437
-1.12483,0.282625,0.0227858,0.00864397,0.0691993
-1.12509,0.281263,0.0179872,0.00353525,0.0369689
-1.12549,0.279104,0.0157977,0.00288182,0.0312688
-1.12581,0.277336,0.0197753,0.00757277,0.0604232
-1.12614,0.275579,0.0165073,0.00356462,0.0356402
-1.12646,0.273806,0.02049,0.00825537,0.0647945
-1.12678,0.272037,0.0244964,0.0129419,0.0939495
-1.1271,0.270335,0.0185402,0.0039905,0.0399551
-1.12742,0.268568,0.0225377,0.0086796,0.0691095
-1.12774,0.266799,0.0265592,0.0133644,0.0982647
-1.12795,0.265729,0.0194906,0.00390019,0.0404164
-1.1284,0.263353,0.0165879,0.00287774,0.0320252
-1.12872,0.261578,0.0205732,0.00757112,0.0611784
-1.1291,0.259549,0.0169286,0.00351265,0.0357666
-1.12942,0.257777,0.0209159,0.0082067,0.0649196
-1.12974,0.256005,0.0249271,0.0128964,0.0940733
-1.12998,0.254785,0.0187512,0.00395807,0.0399725
-1.13037,0.252725,0.0161897,0.00293513,0.0319235
-1.13069,0.250943,0.0201738,0.00763204,0.0610755
-1.13107,0.248944,0.0167184,0.00355051,0.0357452
-1.13145,0.246888,0.0207298,0.00824367,0.0648977
-1.13169,0.245632,0.0169494,0.0036169,0.036327
-1.13201,0.243859,0.0209383,0.00831534,0.0654783
-1.1323,0.242369,0.0170699,0.00361178,0.0364148
-1.13263,0.240596,0.0210604,0.0083112,0.0655657
-1.13294,0.238836,0.0250736,0.0130065,0.0947174
-1.13343,0.236323,0.0188139,0.00396415,0.0400394
-1.13375,0.234547,0.0228178,0.00866308,0.06919
-1.13405,0.233043,0.018002,0.00354298,0.0369654
-1.13437,0.231269,0.0220008,0.00824457,0.0661153
-1.13461,0.230135,0.0176196,0.00353251,0.0365195
-1.13498,0.22818,0.0155974,0.00291007,0.0311625
-1.13541,0.225943,0.0144862,0.00288178,0.029895
-1.13573,0.22417,0.0184606,0.00759192,0.0590426
-1.13604,0.222591,0.0157948,0.00366841,0.0354026
-1.13636,0.220819,0.0197787,0.00837824,0.0645499
-1.13662,0.219539,0.0164549,0.00370683,0.0362619
-1.13706,0.217222,0.0149333,0.00302463,0.0310909
-1.13746,0.215014,0.0189465,0.00773207,0.0602382
-1.1377,0.213842,0.0160314,0.00366381,0.0355957
-1.13803,0.21206,0.0200195,0.00837733,0.0647416
-1.13828,0.210796,0.016583,0.00369224,0.0362924
-1.13871,0.208593,0.0150065,0.00301538,0.0310984
-1.13903,0.206818,0.0189882,0.00773306,0.060243
-1.13934,0.205231,0.0160742,0.00365973,0.0355968
-1.13966,0.20346,0.0200635,0.00837759,0.0647411
-1.13994,0.202066,0.0166072,0.00369143,0.0362921
-1.14043,0.199536,0.015021,0.00301568,0.0310979
-1.14081,0.197421,0.0190308,0.00773296,0.0602417
-1.14107,0.19599,0.0230118,0.0124555,0.0893845
-1.14129,0.194959,0.0178411,0.00405439,0.0394453
-1.14162,0.193188,0.021845,0.00877465,0.0685882
-1.14195,0.191521,0.0175066,0.00363439,0.0368656
-1.1424,0.189183,0.0155326,0.00294888,0.0312348
-1.14272,0.187441,0.0195197,0.00767573,0.0603759
-1.14308,0.185619,0.0163657,0.00361816,0.0356226
-1.1434,0.183846,0.0203608,0.00834523,0.0647633
-1.14375,0.182089,0.0167671,0.0036709,0.0362972
-1.14408,0.180311,0.0207663,0.00839899,0.0654374
-1.14435,0.178988,0.0169763,0.00365246,0.0364008
-1.14467,0.177223,0.0209767,0.00838203,0.0655404
-1.14499,0.175454,0.0250014,0.0131072,0.0946809
-1.14531,0.173919,0.0187729,0.0039984,0.0400281
-1.14569,0.171971,0.0162033,0.00295924,0.0319292
-1.14601,0.170201,0.0202005,0.00769328,0.0610674
-1.14632,0.168652,0.0167283,0.00357878,0.035737
-1.14678,0.1663,0.0150985,0.00298943,0.0309721
-1.1471,0.164537,0.019088,0.00772815,0.0601087
-1.14742,0.162766,0.0231018,0.0124624,0.0892462
-1.14775,0.160994,0.0271397,0.0171923,0.118385
-1.14806,0.159527,0.0194989,0.00427758,0.0422008
-1.14852,0.157203,0.0165757,0.00297997,0.0323852
-1.14885,0.155419,0.0205796,0.0077209,0.0615206
-1.14916,0.153901,0.0169266,0.0035616,0.0358101
-1.14948,0.152161,0.0209298,0.0083048,0.0649447
-1.14986,0.150283,0.0170686,0.00363425,0.0363279
-1.15019,0.148501,0.0210767,0.00837887,0.0654618
-1.15054,0.146811,0.0171395,0.00363725,0.0364049
-1.1509,0.144978,0.0153285,0.00298342,0.0311242
-1.15123,0.143208,0.0193248,0.0077344,0.0602561
-1.15154,0.141657,0.0162589,0.00365443,0.0355965
-1.15187,0.139888,0.0202622,0.00840619,0.064728
-1.15232,0.13764,0.0167127,0.00370063,0.0362858
-1.15265,0.135867,0.0207205,0.00845397,0.0654165
-1.1529,0.134674,0.0169504,0.00367769,0.0363921
-1.15327,0.132857,0.0152203,0.00300844,0.0311177
-1.15359,0.131086,0.0192189,0.00776757,0.0602466
-1.15399,0.1291,0.0162,0.00367178,0.035592
-1.15443,0.126912,0.0147943,0.00305615,0.0309288
-1.15475,0.125134,0.0187917,0.00781956,0.0600562
-1.15505,0.123707,0.0159645,0.0037129,0.0355557
-1.15537,0.121941,0.0199699,0.00847683,0.0646827
-1.15569,0.1204,0.0165534,0.00373885,0.0362728
-1.15601,0.118633,0.0205639,0.00850394,0.0653991
-1.15647,0.116343,0.0168655,0.00370269,0.0363852
-1.1568,0.11457,0.0208797,0.00846947,0.0655107
-1.15711,0.113068,0.017033,0.00367658,0.0364051
-1.15754,0.110919,0.015269,0.00300937,0.0311191
-1.15787,0.109148,0.0192735,0.00778226,0.0602428
-1.15813,0.107946,0.0162293,0.0036779,0.0355893
-1.15852,0.105968,0.0148125,0.00306229,0.0309261
-1.15885,0.104194,0.018815,0.00783946,0.0600482
-1.15924,0.102279,0.0159769,0.00372209,0.035552
-1.15956,0.100513,0.0199876,0.00849998,0.0646736
-1.15982,0.0993105,0.0165621,0.00374893,0.0362688
-1.16023,0.0972666,0.0149989,0.00306063,0.0310814
-1.16056,0.0954952,0.019005,0.00784356,0.0602013
-1.16086,0.0940666,0.0160802,0.00371253,0.0355772
-1.16123,0.0920225,0.0201164,0.00849207,0.0646974
-1.16152,0.0906801,0.0166197,0.00374396,0.0362724
-1.16185,0.0889075,0.0206389,0.00852902,0.0653911
-1.16219,0.0873045,0.0169044,0.00371231,0.0363808
-1.16251,0.0855355,0.0209264,0.0084994,0.0654987
-1.16286,0.0839321,0.0170565,0.00368898,0.0363998
-1.16318,0.082163,0.0210805,0.00847833,0.0655168
-1.1636,0.0801735,0.0171382,0.00367632,0.036404
-1.16409,0.0777449,0.015331,0.00301357,0.031116
-1.16441,0.0759684,0.0193452,0.00780985,0.0602307
-1.16474,0.074204,0.0233824,0.0126019,0.0893462
-1.16504,0.0728675,0.0180172,0.00409082,0.0394291
-1.16537,0.0710862,0.0220518,0.0088863,0.0685434
-1.16573,0.0693846,0.0176082,0.00367771,0.0368468
-1.16606,0.0676122,0.0216405,0.00847643,0.06596
-1.16641,0.0659697,0.017427,0.00364329,0.0364735
-1.16683,0.0638863,0.0154956,0.00299264,0.0311331
-1.16716,0.062118,0.0195142,0.00779884,0.060244
-1.16759,0.0600104,0.0163605,0.0036817,0.0355859
-1.16792,0.0582368,0.0203861,0.00848914,0.0646961
-1.16825,0.0564685,0.0244352,0.0132922,0.0938071
-1.16864,0.054656,0.0184866,0.00410572,0.0399131
-1.16906,0.0526385,0.0160508,0.00303622,0.0318882
-1.16939,0.0508663,0.0200769,0.00784946,0.0609962
-1.16973,0.0492881,0.0166575,0.00365504,0.0357086
-1.17005,0.0475106,0.0206792,0.0084448,0.0648255
-1.17044,0.0456968,0.016928,0.00369447,0.0362993
-1.17076,0.0439214,0.0209334,0.00843637,0.0654343
-1.17117,0.0419678,0.0170581,0.0036527,0.0364003
-1.17149,0.0401854,0.0210473,0.0083469,0.0655531
-1.17192,0.0381511,0.0171171,0.00359924,0.0364309
-1.17223,0.0363767,0.0210701,0.00819592,0.0656197
-1.17255,0.0348663,0.017133,0.00352669,0.0364582
-1.17286,0.0330924,0.021051,0.00802554,0.0656822
-1.17309,0.0321227,0.0171284,0.00345062,0.0364852
-1.17351,0.0299757,0.0152917,0.0027916,0.031196
-1.17381,0.0281985,0.0191462,0.00714721,0.0604704
-1.17415,0.0261207,0.023035,0.0114432,0.0897636
-1.17443,0.0249893,0.0178938,0.00368797,0.0395738
-1.17486,0.0228285,0.015684,0.0027136,0.0319048
-1.17514,0.0210584,0.019476,0.00687441,0.0612443
-1.17551,0.0192587,0.0163507,0.00318248,0.0358637
-1.17579,0.0174786,0.0201168,0.00724545,0.0652345
-1.17616,0.0157214,0.016664,0.00315398,0.0364879
-1.17643,0.0139383,0.0204025,0.00711959,0.065889
-1.1768,0.0121731,0.0168167,0.00306693,0.0366022
-1.17706,0.0103917,0.0205268,0.00693566,0.0660329
-1.17733,0.00924639,0.0168879,0.00298057,0.0366398
-1.17759,0.00746749,0.0205697,0.00675194,0.0660993
-1.17793,0.00583802,0.0169152,0.00289909,0.0366649
-1.17835,0.0035586,0.0151273,0.00233832,0.0313412
-1.1786,0.00177459,0.0187557,0.00596882,0.0608414
-1.17889,0.00037344,0.0159839,0.00279398,0.0358796
-1.17913,-0.00141333,0.0195917,0.00632578,0.0654069
-1.1795,-0.00330117,0.0164107,0.00275754,0.0365921
-1.17973,-0.0050905,0.019996,0.00619189,0.0661456
-1.17996,-0.00687381,0.0235914,0.00957095,0.0957131
-1.18018,-0.00865659,0.0271977,0.0128949,0.125295
-1.18055,-0.010063,0.0198389,0.00301993,0.0430202
-1.18073,-0.0115528,0.0233707,0.00624826,0.0726264
-1.18116,-0.0136651,0.0183301,0.00242116,0.0376705
-1.18137,-0.0154462,0.0218548,0.00556176,0.067298
-1.18173,-0.0172587,0.017605,0.00233595,0.0369323
-1.18194,-0.0190551,0.0211032,0.0053814,0.0665824
-1.18226,-0.0206236,0.0172262,0.0022918,0.0368364
-1.18246,-0.0224133,0.020699,0.00524112,0.0665085
-1.18285,-0.0245969,0.0170204,0.00223856,0.0368349
-1.18304,-0.0263847,0.0204704,0.00509175,0.0665283
-1.18323,-0.0281827,0.0239344,0.00788965,0.0962333
-1.18363,-0.0302017,0.0185267,0.00237136,0.0405043
-1.18382,-0.0320022,0.0219583,0.00507615,0.070229
-1.18413,-0.0335638,0.0176618,0.00204473,0.0373963
-1.18431,-0.0353454,0.0210659,0.0046541,0.0671403
-1.18448,-0.0371377,0.0244852,0.00720845,0.0968948
-1.1848,-0.0386073,0.0188165,0.00214183,0.0406022
-1.18512,-0.0405242,0.0161245,0.00154876,0.0323326
-1.18527,-0.0422154,0.0194734,0.00396426,0.0621137
-1.18556,-0.0439205,0.0164062,0.00181573,0.0362252
-1.18571,-0.0457127,0.0197474,0.0041357,0.0660233
-1.18603,-0.0477418,0.0165435,0.00178491,0.0368247
-1.18618,-0.0495414,0.0198697,0.0040071,0.0666396
-1.18648,-0.0513594,0.0166091,0.00171222,0.0369239
-1.18677,-0.0535223,0.0148891,0.00136552,0.0315574
-1.18691,-0.055318,0.0181793,0.00344506,0.0613955
-1.18713,-0.0566625,0.0157129,0.00160158,0.0361392
-1.18726,-0.0584606,0.0189945,0.00358139,0.0659925
-1.18754,-0.0603317,0.0161503,0.00154912,0.0368467
-1.18766,-0.0621286,0.0194211,0.00343002,0.0667143
-1.18792,-0.0638701,0.0163806,0.00146407,0.0369608
-1.18804,-0.0656658,0.0196396,0.00324674,0.066842
-1.18827,-0.0670461,0.0164996,0.00138065,0.0369868
-1.18851,-0.0690557,0.0148153,0.00109147,0.0316005
-1.18862,-0.0708529,0.0180437,0.00272997,0.0615003
-1.18884,-0.0723996,0.0156476,0.00126357,0.036187
-1.18894,-0.0741957,0.0188707,0.00280207,0.0660986
-1.1892,-0.076162,0.0160945,0.00120607,0.0368924
-1.18942,-0.0781673,0.0145768,0.000947795,0.0315924
-1.18952,-0.0799736,0.0177765,0.00234193,0.0615199
-1.18976,-0.0820588,0.0155031,0.00108149,0.036204
-1.18986,-0.0841917,0.018727,0.00237497,0.0661415
-1.18993,-0.0856567,0.0219146,0.00360643,0.0960849
-1.19016,-0.0869165,0.0176604,0.00109057,0.0406204
-1.1904,-0.0891315,0.0154576,0.000762213,0.0324159
-1.19047,-0.0909323,0.0186364,0.00186138,0.0623708
-1.19068,-0.0925647,0.0159797,0.000839712,0.0363511
-1.19074,-0.0943511,0.0191537,0.00183976,0.0663138
-1.19081,-0.0961501,0.0223494,0.00278554,0.0962804
-1.19105,-0.0978057,0.0178916,0.000831258,0.0406548
-1.19128,-0.100162,0.0155828,0.000571723,0.0324334
-1.19133,-0.101966,0.0187419,0.00137753,0.0624092
-1.19154,-0.103825,0.0160397,0.00061409,0.0363675
-1.19158,-0.105622,0.0191964,0.0013214,0.0663489
-1.19163,-0.107421,0.0223751,0.00197435,0.096333
-1.19185,-0.108997,0.0179212,0.000581009,0.0406703
-1.19189,-0.110688,0.0210766,0.00113504,0.0706589
-1.19211,-0.112633,0.0172683,0.000435651,0.0375865
-1.19214,-0.114428,0.0204232,0.00089601,0.0675786
-1.19216,-0.116227,0.0236015,0.0013023,0.0975725
-1.19241,-0.118374,0.0185199,0.000371825,0.0408035
-1.19244,-0.120179,0.0216826,0.000737743,0.0707985
-1.19264,-0.121573,0.0175779,0.000283978,0.0376092
-1.19279,-0.123418,0.0154063,0.000212103,0.031787
-1.19293,-0.125589,0.0141637,0.000194328,0.0304385
-1.19296,-0.127391,0.0172908,0.000505536,0.0604349
-1.19298,-0.129187,0.0204421,0.000816465,0.0904313
-1.19316,-0.130812,0.0169438,0.000268965,0.0400457
-1.19318,-0.132777,0.0201075,0.000589229,0.0700419
-1.19335,-0.134253,0.0167628,0.000245731,0.037504
-1.19337,-0.136055,0.0199108,0.000574952,0.0674999
-1.19352,-0.137404,0.0166673,0.000248687,0.0371408
-1.19366,-0.139554,0.0148942,0.000207859,0.031683
-1.19368,-0.141356,0.018028,0.000551738,0.0616786
-1.1937,-0.143147,0.0211856,0.000895312,0.0916742
-1.19387,-0.144625,0.017326,0.000290935,0.0401818
-1.19389,-0.146424,0.0204789,0.00064287,0.0701772
-1.19404,-0.147959,0.0169638,0.000267203,0.0375226
-1.19406,-0.149761,0.0201142,0.00062679,0.0675178
-1.19422,-0.151783,0.0167739,0.0002706,0.037143
-1.19424,-0.153586,0.0199231,0.00063781,0.067138
-1.19439,-0.155197,0.0166736,0.000277024,0.0370877
-1.19452,-0.15756,0.0148977,0.000231166,0.0316708
-1.19455,-0.159361,0.0180324,0.000611641,0.0616654
-1.19467,-0.160645,0.0156569,0.000289979,0.0362608
-1.19469,-0.162449,0.018798,0.000676164,0.0662552
-1.19482,-0.164111,0.0160743,0.000298553,0.0369579
-1.19496,-0.166607,0.0145539,0.00024736,0.0316415
-1.19498,-0.168416,0.0176872,0.000645612,0.0616356
-1.19511,-0.170042,0.0154656,0.000306487,0.0362558
-1.19513,-0.171857,0.0186068,0.000710489,0.0662498
-1.19526,-0.173236,0.0159704,0.000313966,0.0369568
-1.19539,-0.175752,0.0144935,0.000259521,0.031641
-1.19542,-0.177554,0.0176263,0.000675334,0.0616346
-1.19555,-0.17933,0.0154319,0.000320611,0.0362554
-1.19558,-0.18114,0.018573,0.000742305,0.0662488
-1.19561,-0.182938,0.0217379,0.00116363,0.0962422
-1.19575,-0.184048,0.0176046,0.000360712,0.0406666
-1.19578,-0.185845,0.0207619,0.000789786,0.0706597
-1.19594,-0.187619,0.0171096,0.000325299,0.037589
-1.19597,-0.189418,0.0202633,0.000761902,0.0675819
-1.196,-0.191218,0.0234419,0.0011981,0.0975748
-1.19619,-0.193068,0.0184445,0.000361988,0.0408038
-1.19622,-0.195138,0.0216346,0.000807229,0.0707964
-1.19638,-0.1966,0.0175414,0.000330845,0.0376078
-1.19654,-0.199036,0.015387,0.000274386,0.0317852
-1.19657,-0.200834,0.0185278,0.000735308,0.0617773
-1.19671,-0.202342,0.0159277,0.000347249,0.0362771
-1.19674,-0.204153,0.0190741,0.000814646,0.0662689
-1.19691,-0.206545,0.016222,0.000359063,0.0369586
-1.19694,-0.208347,0.0193703,0.000834109,0.0669502
-1.19708,-0.209477,0.0163809,0.000363733,0.0370585
-1.19712,-0.211271,0.0195301,0.000845714,0.0670499
-1.19727,-0.212894,0.0164654,0.000367937,0.037073
-1.19743,-0.215405,0.0147798,0.000305073,0.0316658
-1.19746,-0.217208,0.0179176,0.000801218,0.0616566
-1.19763,-0.219306,0.0155929,0.00037978,0.0362575
-1.19766,-0.221108,0.0187373,0.000883162,0.066248
-1.19783,-0.222963,0.0160406,0.00038999,0.0369549
-1.19786,-0.224762,0.0191887,0.000901041,0.0669451
-1.19801,-0.225924,0.0162835,0.000393226,0.0370571
-1.19805,-0.227941,0.0194524,0.000911203,0.0670471
-1.1982,-0.229293,0.0164143,0.000396734,0.0370719
-1.19835,-0.231168,0.0147507,0.000328599,0.0316649
-1.1985,-0.233571,0.0137768,0.00032717,0.0304056
-1.19853,-0.235375,0.0169084,0.000865823,0.0603948
-1.19857,-0.237174,0.0200645,0.00140399,0.0903841
-1.19875,-0.238794,0.0167435,0.000465641,0.0400364
-1.19879,-0.240593,0.0198985,0.00101258,0.0700252
-1.19896,-0.242007,0.0166595,0.000422265,0.0374979
-1.19913,-0.244336,0.0148909,0.000345916,0.031759
-1.19917,-0.246146,0.0180329,0.000908843,0.0617472
-1.19921,-0.247951,0.0211993,0.00147126,0.0917355
-1.19941,-0.249576,0.0173289,0.000477419,0.0401844
-1.19945,-0.251372,0.0204892,0.00104975,0.0701722
-1.19949,-0.253171,0.0236745,0.00162156,0.10016
-1.1997,-0.254302,0.0185541,0.00047796,0.0410618
-1.19974,-0.2561,0.0217246,0.00106113,0.0710492
-1.19994,-0.257671,0.017599,0.000432801,0.0376404
-1.19998,-0.259465,0.020762,0.00102609,0.0676273
-1.20017,-0.260866,0.0171088,0.000440524,0.0371549
-1.20034,-0.262751,0.0151461,0.000367967,0.031682
-1.20038,-0.264548,0.0182908,0.000978118,0.0616682
-1.2006,-0.267419,0.0157976,0.000462767,0.036257
-1.20065,-0.269224,0.0189486,0.00108223,0.0662427
-1.20084,-0.270969,0.0161538,0.000477431,0.0369516
-1.20103,-0.273187,0.0146014,0.000395586,0.031636
-1.20107,-0.274992,0.0177439,0.00103243,0.0616209
-1.20127,-0.27687,0.0154963,0.000489845,0.0362488
-1.20131,-0.278673,0.0186462,0.00113534,0.0662333
-1.20136,-0.280468,0.0218201,0.00178026,0.0962178
-1.20159,-0.281898,0.0176412,0.000551559,0.040659
-1.20163,-0.283694,0.0208078,0.00120816,0.0706429
-1.20167,-0.285492,0.0239993,0.00186415,0.100627
-1.20191,-0.286492,0.0187075,0.000545809,0.0411061
-1.20196,-0.28829,0.0218831,0.00121477,0.0710895
-1.20221,-0.290233,0.0176777,0.000494792,0.0376441
-1.20241,-0.292192,0.0154649,0.000410246,0.031789
-1.20245,-0.293994,0.0186164,0.00110026,0.0617712
-1.20264,-0.295363,0.0159749,0.000519189,0.0362712
-1.20268,-0.297155,0.0191301,0.00121785,0.066253
-1.20289,-0.298785,0.0162508,0.000536479,0.0369512
-1.20293,-0.300586,0.0194093,0.00124432,0.0669325
-1.20299,-0.302668,0.0226207,0.00195078,0.0969139
-1.20322,-0.303931,0.0180238,0.000596991,0.0407294
-1.20345,-0.306302,0.0156564,0.000446554,0.0324536
-1.2035,-0.308093,0.0188107,0.00117581,0.0624338
-1.20372,-0.310098,0.0160795,0.000548778,0.0363733
-1.20377,-0.311899,0.0192384,0.00128772,0.0663529
-1.20382,-0.313696,0.0224217,0.00202599,0.0963326
-1.20408,-0.315365,0.0179387,0.000623895,0.0406683
-1.20413,-0.317162,0.0211125,0.00137484,0.0706473
-1.20418,-0.318962,0.0243113,0.00212508,0.100626
-1.20445,-0.3203,0.0188531,0.00062056,0.0411034
-1.20467,-0.32232,0.0161086,0.000463683,0.0325313
-1.20472,-0.324118,0.0192694,0.00123834,0.0625089
-1.20492,-0.32546,0.0163256,0.00057635,0.0363838
-1.20514,-0.328009,0.0147021,0.000487644,0.0315049
-1.2052,-0.329813,0.0178534,0.0012806,0.0614815
-1.20525,-0.331611,0.0210291,0.00207284,0.0914581
-1.20549,-0.333194,0.0172367,0.000675111,0.0401475
-1.2057,-0.335215,0.0152194,0.000508908,0.0323282
-1.20576,-0.337015,0.0183759,0.00132189,0.0623036
-1.20597,-0.338776,0.0158424,0.00061886,0.0363505
-1.20603,-0.340578,0.0190045,0.00144112,0.0663253
-1.20622,-0.341724,0.0161821,0.000634316,0.0369582
-1.2064,-0.343539,0.0146202,0.000523964,0.0316324
-1.20646,-0.345335,0.0177732,0.00136323,0.0616062
-1.20664,-0.346636,0.0155117,0.000646189,0.0362408
-1.2067,-0.348433,0.0186725,0.00149342,0.066214
-1.20675,-0.350224,0.0218573,0.00233989,0.0961873
-1.207,-0.351825,0.0176537,0.000724624,0.0406495
-1.20706,-0.353636,0.0208331,0.00158291,0.070622
-1.20729,-0.355083,0.0171419,0.000651292,0.0375734
-1.20753,-0.357561,0.0151671,0.000534426,0.0317684
-1.20759,-0.359362,0.0183273,0.00141323,0.0617396
-1.2078,-0.361018,0.015816,0.000667291,0.0362606
-1.20802,-0.363423,0.0144088,0.000561715,0.031474
-1.20808,-0.365226,0.0175644,0.00145846,0.061444
-1.20829,-0.366924,0.0153948,0.00069358,0.0362134
-1.20836,-0.368725,0.0185587,0.0015991,0.0661828
-1.20858,-0.37037,0.0159399,0.000706476,0.0369343
-1.20864,-0.372169,0.0191086,0.00162151,0.066903
-1.20889,-0.374256,0.0162368,0.000707396,0.0370399
-1.20895,-0.376072,0.01941,0.00163282,0.067008
-1.20917,-0.377395,0.0163974,0.000710379,0.037055
-1.20923,-0.379192,0.0195709,0.00164572,0.0670224
-1.20945,-0.380665,0.0164831,0.000715221,0.0370568
-1.20951,-0.382465,0.0196582,0.00166049,0.0670235
-1.20978,-0.384649,0.0165296,0.000721288,0.0370567
-1.21,-0.386831,0.0148211,0.000596604,0.0316507
-1.21007,-0.38863,0.0179844,0.00156189,0.061616
-1.21029,-0.390405,0.0156269,0.000739536,0.036238
-1.21036,-0.392202,0.0187971,0.00171403,0.0662026
-1.21057,-0.393584,0.0160687,0.000756047,0.0369348
-1.21064,-0.395384,0.0192434,0.0017399,0.0668987
-1.2107,-0.397191,0.0224434,0.00272281,0.0968627
-1.21101,-0.399265,0.017941,0.000834047,0.0407143
-1.21107,-0.401054,0.0211303,0.00183064,0.0706772
-1.21135,-0.402953,0.017293,0.000751382,0.0375765
-1.21142,-0.404752,0.0204789,0.00176037,0.0675385
-1.21165,-0.405858,0.0169587,0.000756552,0.0371296
-1.21188,-0.408009,0.0150667,0.000628021,0.031665
-1.21196,-0.409916,0.0182453,0.00165721,0.0616255
-1.21202,-0.411596,0.0214305,0.00268615,0.0915861
-1.2123,-0.413292,0.0174336,0.000870751,0.0401526
-1.21254,-0.415275,0.0153332,0.000656383,0.0323219
-1.21261,-0.417054,0.0185055,0.00170805,0.0622807
-1.21284,-0.418504,0.0159114,0.000798921,0.0363386
-1.21292,-0.420421,0.0191003,0.00185988,0.0662966
-1.21298,-0.422102,0.0222942,0.00292064,0.0962546
-1.21326,-0.423515,0.017864,0.000900596,0.040648
-1.21334,-0.425317,0.0210597,0.00197443,0.070605
-1.21341,-0.427115,0.0242798,0.00304729,0.100562
-1.21374,-0.428956,0.0188586,0.000888928,0.0410851
-1.21379,-0.430196,0.0220139,0.00198023,0.0710407
-1.21414,-0.432713,0.0177378,0.000805532,0.0376239
-1.21421,-0.434504,0.020932,0.00190924,0.0675785
-1.21449,-0.43618,0.0171909,0.000818471,0.037132
-1.21473,-0.437998,0.015198,0.000682007,0.0316622
-1.21481,-0.439801,0.0183759,0.00180808,0.061615
-1.21508,-0.44189,0.0158397,0.000854588,0.0362317
-1.21533,-0.444162,0.0144361,0.000718759,0.0314588
-1.2154,-0.445773,0.0175978,0.00186572,0.0614098
-1.21564,-0.44736,0.0154088,0.000887119,0.0361981
-1.21572,-0.449157,0.0185907,0.00204306,0.0661483
-1.21594,-0.450378,0.0159538,0.00090235,0.0369192
-1.21602,-0.45217,0.0191408,0.00206811,0.0668685
-1.2161,-0.453971,0.0223531,0.00323277,0.0968178
-1.21618,-0.455772,0.0255903,0.00439634,0.126767
-1.21658,-0.458114,0.019418,0.00104094,0.0433618
-1.21686,-0.459941,0.0164187,0.000726713,0.0329831
-1.21694,-0.461666,0.019607,0.00192193,0.0629298
-1.2172,-0.463176,0.0165016,0.000886557,0.0364335
-1.21744,-0.464954,0.0148091,0.000748346,0.0315019
-1.21767,-0.46704,0.0138229,0.000746812,0.0303453
-1.21775,-0.468836,0.016999,0.00197112,0.0602894
-1.21797,-0.470124,0.0150743,0.000955218,0.036017
-1.21821,-0.472203,0.0139777,0.000799442,0.0314057
-1.21829,-0.474,0.017157,0.00204095,0.0613482
-1.21854,-0.475836,0.0151626,0.000972462,0.0361837
-1.21863,-0.477635,0.0183522,0.00222332,0.0661253
-1.2189,-0.479448,0.0158221,0.000983117,0.0369111
-1.21916,-0.481721,0.0144178,0.000806555,0.0316061
-1.21927,-0.483895,0.0176327,0.00207663,0.0615459
-1.21934,-0.485318,0.0208139,0.00334829,0.0914856
-1.21963,-0.486901,0.0171078,0.00109164,0.0401294
-1.21972,-0.488703,0.020316,0.00237519,0.0700679
-1.21981,-0.490497,0.0235483,0.00365759,0.100006
-1.22015,-0.492014,0.0184669,0.0010799,0.0410191
-1.22045,-0.494113,0.0159058,0.000800888,0.0324953
-1.22054,-0.495908,0.0191067,0.00211217,0.0624312
-1.22063,-0.497706,0.0223324,0.00342223,0.0923671
-1.22095,-0.499205,0.0178751,0.00109321,0.0402243
-1.22123,-0.50111,0.0155819,0.000825237,0.0323261
-1.22132,-0.503043,0.0187939,0.00216136,0.0622595
-1.22158,-0.504408,0.016059,0.00100975,0.0363226
-1.22185,-0.506595,0.0145576,0.000848417,0.0314704
-1.22196,-0.508662,0.0177737,0.002205,0.0614017
-1.22223,-0.510336,0.0154942,0.00104769,0.0361867
-1.22232,-0.512133,0.0186977,0.00241579,0.0661169
-1.22257,-0.513357,0.0160085,0.00106637,0.0369042
-1.22284,-0.515475,0.0145284,0.00087653,0.0315994
-1.22293,-0.517272,0.0177265,0.00226509,0.0615274
-1.22302,-0.519068,0.0209491,0.00365239,0.0914556
-1.22333,-0.52068,0.0171719,0.00118966,0.0401195
-1.22343,-0.522477,0.0203919,0.00259038,0.0700463
-1.22372,-0.523989,0.0169058,0.00107478,0.0374694
-1.22402,-0.52631,0.0150425,0.000878041,0.0317242
-1.22412,-0.52811,0.0182485,0.00230254,0.0616485
-1.22421,-0.529907,0.021479,0.00372574,0.0915728
-1.22451,-0.531253,0.017441,0.00120705,0.0401308
-1.22461,-0.533048,0.0206667,0.00264385,0.0700537
-1.22491,-0.534568,0.0170475,0.00109526,0.0374688
-1.225,-0.536375,0.0202725,0.00254463,0.0673903
-1.22533,-0.538322,0.0168444,0.00109534,0.0370877
-1.22543,-0.540122,0.0200686,0.00255752,0.0670079
-1.22554,-0.542129,0.0233385,0.00401721,0.0969282
-1.22589,-0.543793,0.0183588,0.00122052,0.0406973
-1.22621,-0.545906,0.0158565,0.000911541,0.0324194
-1.22631,-0.54781,0.019087,0.00240095,0.0623366
-1.22664,-0.549919,0.0162279,0.00111804,0.0363267
-1.22676,-0.551911,0.0194718,0.00261948,0.0662425
-1.22709,-0.553906,0.0164366,0.00114912,0.0369162
-1.2272,-0.555907,0.0196877,0.00266364,0.0668304
-1.22752,-0.557684,0.0165517,0.00115769,0.0370019
-1.22764,-0.559682,0.0198071,0.00268577,0.0669146
-1.22775,-0.561673,0.0230922,0.00421216,0.0968274
-1.22808,-0.56268,0.0182527,0.00128249,0.0406825
-1.22841,-0.564852,0.0158099,0.000956294,0.0324128
-1.22853,-0.566946,0.0190726,0.00251348,0.0623221
-1.22884,-0.568712,0.0162366,0.00116966,0.0363206
-1.22898,-0.57107,0.0195328,0.00273846,0.0662284
-1.22909,-0.572901,0.0228124,0.0043082,0.0961362
-1.2295,-0.574935,0.0181226,0.00132232,0.040608
-1.22984,-0.577172,0.0157539,0.0009863,0.0323947
-1.23017,-0.579634,0.0144273,0.000964302,0.0305435
-1.23029,-0.581709,0.0176904,0.0025798,0.0604458
-1.23064,-0.583879,0.0154905,0.00124118,0.036021
-1.23077,-0.586071,0.0187776,0.00286935,0.0659218
-1.23115,-0.588355,0.0160822,0.00126698,0.0368603
-1.23128,-0.590559,0.0193802,0.00291047,0.0667591
-1.23162,-0.592245,0.0164062,0.00126666,0.0369832
-1.232,-0.594982,0.0147979,0.00104234,0.0316027
-1.23214,-0.597175,0.0180855,0.00271661,0.0614978
-1.2325,-0.599377,0.0157097,0.0012839,0.0361836
-1.23285,-0.601831,0.0143955,0.00107537,0.0314206
-1.23299,-0.604031,0.017683,0.00277836,0.061312
-1.23313,-0.606236,0.0210069,0.00447903,0.0912036
-1.23347,-0.607438,0.0172215,0.00145926,0.0400712
-1.23361,-0.60963,0.0205416,0.00317775,0.0699605
-1.23375,-0.611824,0.0238975,0.00489394,0.09985
-1.23427,-0.614642,0.0186487,0.00144009,0.0409765
-1.23442,-0.616843,0.0219878,0.00318066,0.0708628
-1.23485,-0.618968,0.0177523,0.00129277,0.0375653
-1.23499,-0.621157,0.0210823,0.00305386,0.067449
-1.23535,-0.622659,0.017296,0.00130625,0.0370786
-1.23575,-0.625425,0.0153062,0.00108599,0.0316182
-1.2359,-0.627624,0.0186137,0.00288067,0.0614976
-1.23632,-0.630339,0.0160326,0.00135597,0.0361766
-1.23643,-0.631949,0.0192994,0.00316994,0.0660535
-1.23658,-0.634122,0.0226461,0.00497851,0.0959307
-1.23696,-0.635628,0.0180332,0.00153237,0.0405692
-1.23737,-0.638255,0.0157117,0.00114085,0.0323725
-1.23752,-0.64045,0.0190274,0.00298504,0.0622451
-1.23788,-0.642464,0.0162179,0.00138923,0.0362901
-1.23827,-0.645215,0.014692,0.00116646,0.0314349
-1.23843,-0.647417,0.0180009,0.00303922,0.0613035
-1.23875,-0.649109,0.0156563,0.00144015,0.0361393
-1.2389,-0.651305,0.0189767,0.00332555,0.0660061
-1.2393,-0.653615,0.0161818,0.00146419,0.0368554
-1.23945,-0.655809,0.0195096,0.0033643,0.06672
-1.23979,-0.657369,0.0164665,0.00146292,0.0369601
-1.23994,-0.659565,0.0197992,0.00337733,0.0668227
-1.24037,-0.662111,0.0166202,0.00146438,0.0369746
-1.24053,-0.664311,0.019957,0.00339462,0.0668349
-1.24069,-0.666496,0.0233265,0.00532249,0.0966953
-1.2411,-0.668216,0.0183578,0.00161781,0.04064
-1.2413,-0.670978,0.0217751,0.00356122,0.0704979
-1.24169,-0.672601,0.017605,0.001457,0.0374998
-1.2421,-0.675309,0.0154805,0.00119648,0.0317004
-1.24226,-0.677508,0.0188108,0.00317738,0.0615532
-1.24267,-0.679943,0.0160975,0.00149498,0.036172
-1.24283,-0.682133,0.0194353,0.00348988,0.0660227
-1.24319,-0.68397,0.0164239,0.00153261,0.0368505
-1.24336,-0.686304,0.0197805,0.00354038,0.0666992
-1.24352,-0.688356,0.0231441,0.00554759,0.0965479
-1.24389,-0.689741,0.0182606,0.00169093,0.0406179
-1.24426,-0.6921,0.0158387,0.00125759,0.0323704
-1.24445,-0.694497,0.0191984,0.00329524,0.0622145
-1.24487,-0.697123,0.0162931,0.00153294,0.0362712
-1.24504,-0.699319,0.0196406,0.00358605,0.066113
-1.24538,-0.700927,0.0165319,0.00157101,0.0368596
-1.24577,-0.703612,0.0148748,0.0012955,0.0315491
-1.24594,-0.705808,0.0182109,0.00337479,0.061387
-1.24611,-0.707997,0.0215799,0.00545152,0.091225
-1.24628,-0.710193,0.0249832,0.00752558,0.121063
-1.24648,-0.712728,0.0284658,0.00959346,0.150902
-1.24694,-0.714018,0.0205807,0.00191018,0.0449536
-1.24734,-0.716154,0.0170715,0.00127647,0.0332535
-1.24756,-0.718865,0.0204858,0.00338792,0.0630858
-1.24793,-0.720593,0.0169545,0.00154959,0.0364021
-1.24815,-0.72335,0.0203733,0.00367555,0.0662321
-1.24828,-0.724979,0.0237158,0.00580758,0.0960616
-1.24846,-0.727175,0.027147,0.00793253,0.125892
-1.24899,-0.729393,0.0200634,0.00186145,0.0432251
-1.24917,-0.731582,0.0234619,0.00401158,0.0730513
-1.24934,-0.73378,0.0268947,0.00615894,0.102878
-1.24995,-0.73663,0.0200016,0.00172352,0.0412443
-1.25038,-0.739011,0.0167753,0.00128518,0.0324949
-1.25056,-0.741213,0.0201466,0.00347622,0.0623146
-1.25087,-0.742384,0.0168026,0.00160844,0.0362768
-1.25126,-0.744908,0.0150336,0.00135966,0.0314088
-1.25145,-0.747101,0.0183898,0.00357685,0.0612243
-1.25177,-0.748772,0.015859,0.0016925,0.0361004
-1.25215,-0.751221,0.01449,0.00141712,0.0313649
-1.25233,-0.753414,0.0178443,0.00365694,0.0611766
-1.25269,-0.755444,0.015556,0.00173493,0.0360894
-1.25287,-0.757635,0.0189227,0.00398561,0.0658992
-1.25333,-0.760435,0.0161367,0.00175597,0.0368097
-1.25352,-0.762625,0.0195114,0.00402004,0.0666172
-1.25371,-0.764821,0.0229194,0.00628128,0.0964249
-1.2541,-0.766338,0.0181243,0.00192022,0.0405813
-1.25429,-0.768523,0.021521,0.00419905,0.0703861
-1.25466,-0.770132,0.0174919,0.0017182,0.0374574
-1.25485,-0.77232,0.0208848,0.00401215,0.0672596
-1.25529,-0.774646,0.0171729,0.00171872,0.0370102
-1.25548,-0.776844,0.0205658,0.00402754,0.0668098
-1.25594,-0.77939,0.0170069,0.00173872,0.0369426
-1.25613,-0.781568,0.0203984,0.00406259,0.0667396
-1.25661,-0.784308,0.0169188,0.00175684,0.0369306
-1.25701,-0.786764,0.0151013,0.00145108,0.0315451
-1.25725,-0.789396,0.0185169,0.00379962,0.0613377
-1.25752,-0.790419,0.0159038,0.00179496,0.0361064
-1.25791,-0.792907,0.0145189,0.00150194,0.0313555
-1.2581,-0.795093,0.0178938,0.00387583,0.0611439
-1.25854,-0.797783,0.0155791,0.00183849,0.0360722
-1.25873,-0.799979,0.0189674,0.00422341,0.0658584
-1.25906,-0.801457,0.0161552,0.00186074,0.0367915
-1.25925,-0.803645,0.0195507,0.00425679,0.0665757
-1.25965,-0.805756,0.0164668,0.00185145,0.0368975
-1.25985,-0.807945,0.0198675,0.00425977,0.0666794
-1.26022,-0.809832,0.0166355,0.00184728,0.0369125
-1.26042,-0.812021,0.0200399,0.00426789,0.0666922
-1.26063,-0.814343,0.0234905,0.00668431,0.0964722
-1.26105,-0.816125,0.0184027,0.00203158,0.0405722
-1.26122,-0.817965,0.0217959,0.00446926,0.0703489
-1.26142,-0.820154,0.0252506,0.00690131,0.100126
-1.26162,-0.822345,0.0287379,0.00933038,0.129903
-1.26221,-0.824908,0.0207108,0.0021026,0.0435001
-1.26241,-0.827117,0.0241575,0.00453005,0.0732782
-1.2629,-0.82949,0.0187786,0.00175144,0.037848
-1.26329,-0.831631,0.0161315,0.0014246,0.0317478
-1.26368,-0.834109,0.0146614,0.00141964,0.0303344
-1.26408,-0.836936,0.0137957,0.00145596,0.0299851
-1.26427,-0.839131,0.0171523,0.0037787,0.0597826
-1.26446,-0.841321,0.0205312,0.00604562,0.0895896
-1.26464,-0.843516,0.0239335,0.00825681,0.119406
-1.26482,-0.845704,0.0273584,0.0104123,0.149231
-1.26499,-0.847897,0.0308077,0.0125123,0.179065
-1.26545,-0.848616,0.0214943,0.00208441,0.0464997
-1.26562,-0.850813,0.0248786,0.00410761,0.0763459
-1.26578,-0.853005,0.0282867,0.0060752,0.1062
-1.26629,-0.854767,0.0206161,0.00160423,0.0415732
-1.26669,-0.856896,0.0170758,0.00114005,0.0325807
-1.26685,-0.85909,0.0203901,0.00299322,0.062452
-1.26715,-0.860215,0.0169267,0.00135469,0.0363246
-1.26729,-0.862409,0.0202269,0.00311539,0.0662085
-1.26765,-0.864252,0.0168362,0.00133299,0.0368966
-1.26802,-0.866926,0.0150302,0.00106468,0.0315819
-1.26815,-0.86912,0.0182951,0.00269371,0.0614827
-1.26849,-0.871139,0.015809,0.00124568,0.0361852
-1.26883,-0.873657,0.0144357,0.00100499,0.0314284
-1.26896,-0.875862,0.0176797,0.00249971,0.0613449
-1.26907,-0.878057,0.0209489,0.00393903,0.0912674
-1.26939,-0.87918,0.0171873,0.00125777,0.040095
-1.2695,-0.88138,0.0204428,0.00260658,0.070027
-1.26985,-0.883314,0.0169529,0.00104957,0.0374694
-1.26996,-0.88551,0.0201968,0.00230759,0.0674102
-1.27035,-0.888056,0.0168289,0.000963148,0.0371005
-1.27044,-0.890259,0.0200638,0.00213106,0.0670495
-1.27053,-0.892456,0.0233254,0.00324391,0.0970032
-1.27092,-0.894161,0.0183898,0.000957413,0.0407226
-1.27126,-0.896634,0.0158804,0.000669647,0.0324423
-1.27158,-0.899697,0.0144695,0.000616773,0.0305813
-1.27166,-0.901899,0.017663,0.00156519,0.0605477
-1.27193,-0.903553,0.0154698,0.000727414,0.0360707
-1.2722,-0.906051,0.014226,0.000574238,0.0314312
-1.27226,-0.908255,0.0174084,0.00138621,0.0614066
-1.27252,-0.910026,0.0153288,0.000632485,0.0362107
-1.27258,-0.912215,0.0185155,0.00134935,0.0661915
-1.27287,-0.914433,0.0159399,0.00056759,0.0369416
-1.27292,-0.916625,0.0191282,0.00119142,0.0669271
-1.2732,-0.91855,0.0162717,0.000490731,0.0370521
-1.27346,-0.921178,0.0146893,0.000364517,0.0316599
-1.2735,-0.923388,0.0178608,0.000854997,0.0616509
-1.27377,-0.925675,0.0155845,0.000378084,0.0362569
-1.27401,-0.928274,0.0142878,0.000280358,0.0314837
-1.27404,-0.930472,0.0174499,0.000636053,0.061479
-1.27428,-0.93237,0.0153554,0.000276338,0.0362321
-1.2743,-0.934566,0.0185258,0.000537731,0.0662295
-1.27431,-0.936767,0.0217272,0.000745124,0.0962279
-1.27462,-0.938524,0.0176247,0.00020445,0.0406678
-1.27463,-0.940729,0.020816,0.000322797,0.0706673
-1.27492,-0.94277,0.0171617,0.000103219,0.0375932
-1.27492,-0.944971,0.0203475,0.000131378,0.0675931
-1.27492,-0.947173,0.0235648,0.000105695,0.0975931
-1.27525,-0.949133,0.0185323,5.8069e-06,0.0408095
-1.2755,-0.951876,0.0159528,-3.58976e-05,0.0324789
-1.27549,-0.954074,0.0191265,-0.000186341,0.0624781
-1.27547,-0.956274,0.0223326,-0.000390332,0.0924765
-1.27577,-0.95841,0.0179286,-0.000149362,0.0402706
-1.27599,-0.960929,0.015623,-0.000150281,0.032364
-1.27596,-0.963131,0.0187968,-0.000481421,0.06236
-1.27618,-0.965491,0.0161011,-0.000249496,0.0363695
-1.27615,-0.967631,0.0192778,-0.000674497,0.0663627
-1.2761,-0.970379,0.0225481,-0.00115039,0.0963543
-1.2764,-0.972008,0.0180036,-0.000381923,0.0406773
-1.27635,-0.974209,0.0212081,-0.000945429,0.0706655
-1.2766,-0.975942,0.0173616,-0.000414575,0.0375872
-1.27655,-0.978203,0.0205693,-0.00106779,0.0675713
-1.27678,-0.980942,0.0170314,-0.000484262,0.037145
-1.27672,-0.98312,0.020233,-0.00122727,0.0671244
-1.27666,-0.985321,0.0234709,-0.00202251,0.0971008
-1.27694,-0.98776,0.0184853,-0.000636907,0.0407465
-1.27712,-0.990033,0.0159262,-0.000513081,0.0324537
-1.27705,-0.992236,0.0191292,-0.00143311,0.0624221
-1.27697,-0.994429,0.0223665,-0.00240584,0.0923867
-1.27722,-0.996249,0.0179317,-0.000791523,0.0402426
-1.27737,-0.998729,0.0156315,-0.000631132,0.0323414
-1.27728,-1.00092,0.0188446,-0.00173156,0.0622962
-1.27745,-1.0026,0.0161188,-0.000831284,0.0363384
-1.27755,-1.005,0.0146105,-0.00072742,0.0314815
-1.27745,-1.0072,0.0178257,-0.00196202,0.0614245
-1.27758,-1.00916,0.0155588,-0.000953856,0.0361956
-1.27766,-1.01167,0.0142862,-0.000826606,0.031443
-1.27755,-1.01387,0.0175115,-0.00219546,0.061373
-1.27768,-1.01546,0.0153832,-0.00106643,0.0361803
-1.27756,-1.01766,0.0186292,-0.00252876,0.0661004
-1.27768,-1.01986,0.0159946,-0.00114033,0.0368957
-1.27756,-1.02204,0.0192559,-0.00269448,0.0668054
-1.27769,-1.02427,0.0163304,-0.00119825,0.0369946
-1.27775,-1.02702,0.0147412,-0.00101393,0.031607
-1.27761,-1.02921,0.0180068,-0.00269928,0.0615008
-1.27746,-1.03141,0.0213106,-0.00443604,0.0913878
-1.27766,-1.03272,0.0173872,-0.00146255,0.0400897
-1.27754,-1.03451,0.0206655,-0.00330041,0.0699633
-1.27763,-1.03777,0.0170632,-0.00139093,0.0374312
-1.27747,-1.03997,0.020381,-0.00330481,0.0672939
-1.27763,-1.04163,0.0169208,-0.00144447,0.0370434
-1.27747,-1.04376,0.0202454,-0.00345003,0.0668926
-1.27756,-1.04652,0.0168451,-0.0015156,0.0369779
-1.27739,-1.04871,0.0201874,-0.0036075,0.0668138
-1.27721,-1.0509,0.023569,-0.00575012,0.0966413
-1.27703,-1.05309,0.02699,-0.00794327,0.12646
-1.27685,-1.05529,0.0304524,-0.0101866,0.156271
-1.27721,-1.05724,0.0214235,-0.00195656,0.0452709
-1.27702,-1.05943,0.0248481,-0.00427872,0.075068
-1.27723,-1.0615,0.0191116,-0.00164963,0.0380962
-1.27703,-1.0637,0.0225295,-0.00405586,0.0678784
-1.27715,-1.06647,0.0180015,-0.00173494,0.0370931
-1.27694,-1.06866,0.0214236,-0.00422636,0.0668595
-1.27706,-1.07079,0.0174437,-0.00183896,0.0369344
-1.27707,-1.07334,0.0154031,-0.00155502,0.0315287
-1.27684,-1.07567,0.0188357,-0.00417199,0.0612709
-1.27664,-1.07773,0.0222881,-0.00684417,0.0910019
-1.27672,-1.08042,0.0177891,-0.00223328,0.0399619
-1.2765,-1.08262,0.0212616,-0.0049859,0.0696763
-1.27626,-1.0848,0.0247747,-0.00778829,0.0993797
-1.27603,-1.08698,0.02833,-0.0106398,0.129072
-1.27633,-1.08857,0.0204789,-0.00244625,0.0433917
-1.27609,-1.09076,0.0240151,-0.0053785,0.0730668
-1.27624,-1.09283,0.0186993,-0.00212166,0.0377685
-1.27599,-1.09501,0.0222365,-0.00513843,0.0674246
-1.27574,-1.0972,0.0258178,-0.00820366,0.097069
-1.27594,-1.09899,0.0194393,-0.00245877,0.0405688
-1.27599,-1.10092,0.0165083,-0.00187314,0.0322682
-1.27572,-1.10311,0.020066,-0.00506132,0.0618838
-1.27574,-1.10536,0.0167366,-0.00236993,0.0361057
-1.27547,-1.10754,0.0203171,-0.0056451,0.0656997
-1.2752,-1.10973,0.0239424,-0.00896847,0.095281
-1.27532,-1.11166,0.0185187,-0.00276928,0.0403398
-1.27526,-1.11439,0.0160211,-0.00209129,0.0321868
-1.27497,-1.11657,0.0196391,-0.00553776,0.0617366
-1.27498,-1.11871,0.0165021,-0.00259714,0.0360469
-1.27469,-1.12089,0.0201474,-0.00613018,0.0655733
-1.2744,-1.12306,0.0238372,-0.00971089,0.0950859
-1.27447,-1.12537,0.0184337,-0.0030038,0.0402797
-1.27438,-1.12816,0.0159853,-0.00226145,0.0321423
-1.27407,-1.13034,0.0196738,-0.00596267,0.0616216
-1.27376,-1.13252,0.0234068,-0.00971162,0.0910866
-1.27387,-1.13434,0.0182242,-0.00312567,0.0398256
-1.27355,-1.13651,0.021971,-0.0069578,0.0692663
-1.27359,-1.13859,0.0176591,-0.00289141,0.0371171
-1.27351,-1.14092,0.015592,-0.00238883,0.0314203
-1.2732,-1.14302,0.019346,-0.0063466,0.0608235
-1.27309,-1.1458,0.0163303,-0.00300857,0.0358266
-1.27275,-1.14798,0.0201221,-0.0070476,0.0652042
-1.27285,-1.14914,0.016709,-0.00311827,0.0364844
-1.27276,-1.15125,0.0150642,-0.00258668,0.031242
-1.27254,-1.15408,0.0141439,-0.00256775,0.0300004
-1.27219,-1.15626,0.0179683,-0.0067728,0.0593248
-1.27211,-1.15833,0.015567,-0.00329569,0.0355348
-1.27176,-1.1605,0.0194323,-0.00758607,0.0648305
-1.27139,-1.16267,0.0233451,-0.0119224,0.0941097
-1.27143,-1.16465,0.0180692,-0.0037283,0.0400363
-1.27129,-1.16726,0.0158227,-0.00278367,0.0319797
-1.27086,-1.16977,0.0197761,-0.00723536,0.0612188
-1.27054,-1.17159,0.0237242,-0.01175,0.0904364
-1.27059,-1.17354,0.0182691,-0.0037859,0.0396165
-1.27045,-1.17603,0.0159465,-0.00286217,0.0318657
-1.27006,-1.1782,0.0199322,-0.00748263,0.061045
-1.27006,-1.17986,0.0166181,-0.00350862,0.0357492
-1.26967,-1.18202,0.0206393,-0.00821281,0.0648974
-1.26965,-1.18389,0.0169476,-0.00362291,0.0363227
-1.26925,-1.18606,0.0210036,-0.00840948,0.0654396
-1.26916,-1.18833,0.0171296,-0.00367313,0.0363901
-1.26894,-1.19106,0.0153557,-0.00303891,0.0311023
-1.26853,-1.19323,0.0194436,-0.00794425,0.0601737
-1.26811,-1.19538,0.0235793,-0.0128947,0.0892262
-1.2677,-1.19754,0.027765,-0.0178889,0.11826
-1.2677,-1.20011,0.0197608,-0.00445094,0.0421394
-1.26759,-1.20251,0.0167641,-0.00313896,0.0323212
-1.26716,-1.20466,0.0209446,-0.00824517,0.0613114
-1.26703,-1.20717,0.0171335,-0.0038208,0.0357045
-1.2666,-1.20932,0.0213489,-0.00900586,0.0646618
-1.26666,-1.21065,0.0172938,-0.00395761,0.0361957
-1.26646,-1.21306,0.0154819,-0.00328164,0.0309855
-1.26601,-1.21522,0.0197328,-0.00858475,0.0598933
-1.26557,-1.21736,0.024033,-0.0139316,0.0887809
-1.26556,-1.21927,0.0182774,-0.00453774,0.0392417
-1.26531,-1.222,0.0160071,-0.00342147,0.0316299
-1.26486,-1.22415,0.0203311,-0.00888205,0.0604685
-1.26474,-1.22627,0.0167932,-0.00416346,0.0354841
-1.26446,-1.22896,0.0152247,-0.0034955,0.0307619
-1.26399,-1.23111,0.0195928,-0.00907102,0.0595491
-1.26389,-1.23301,0.0163939,-0.00431878,0.0352996
-1.26341,-1.23516,0.0208082,-0.00997329,0.06405
-1.26335,-1.23695,0.0169724,-0.00441321,0.0359839
-1.26287,-1.23909,0.0214287,-0.0101464,0.0646971
-1.26238,-1.24124,0.0259374,-0.0159214,0.0933888
-1.26233,-1.24354,0.0190459,-0.00489001,0.0396423
-1.26183,-1.2457,0.0235791,-0.0107398,0.0682986
-1.26184,-1.24742,0.0183339,-0.00441581,0.0365922
-1.26134,-1.24955,0.0228962,-0.0103428,0.0652113
-1.26084,-1.2517,0.0275121,-0.0163107,0.0938082
-1.2607,-1.25458,0.0197539,-0.0049253,0.0396585
-1.2605,-1.257,0.0168597,-0.00368941,0.0316078
-1.25999,-1.25914,0.0214828,-0.00976403,0.0601537
-1.26001,-1.26049,0.0173784,-0.00455221,0.0353002
-1.25949,-1.26262,0.0220436,-0.0107042,0.0638063
-1.25934,-1.2648,0.0175914,-0.00470523,0.0358388
-1.25881,-1.26694,0.0222985,-0.0109323,0.0643057
-1.25881,-1.26842,0.0177078,-0.00476228,0.0358957
-1.25827,-1.27056,0.0224556,-0.0110659,0.0643221
-1.25774,-1.2727,0.0272585,-0.0174095,0.0927251
-1.2572,-1.27482,0.0321147,-0.0237936,0.121104
-1.2572,-1.27721,0.0211511,-0.00560448,0.0420044
-1.25687,-1.28022,0.0175961,-0.00392292,0.0320185
-1.25632,-1.28235,0.0224436,-0.0104096,0.0603457
-1.2562,-1.2844,0.0178537,-0.00480179,0.0352347
-1.25593,-1.28673,0.0159346,-0.00405324,0.0304823
-1.25555,-1.28927,0.0149268,-0.0040414,0.029322
-1.25499,-1.29139,0.0198259,-0.0106703,0.0575713
-1.25443,-1.29352,0.0247804,-0.0173384,0.0857961
-1.25425,-1.29585,0.0183743,-0.00575139,0.0385153
-1.25399,-1.29812,0.0161644,-0.00432402,0.031159
-1.25341,-1.30025,0.0211586,-0.0110971,0.0593245
-1.25331,-1.30192,0.0171595,-0.00520286,0.0349555
-1.25273,-1.30403,0.0222038,-0.0120493,0.0630772
-1.25241,-1.30674,0.0176135,-0.00530877,0.0355214
-1.25182,-1.30886,0.022705,-0.0122254,0.0636008
-1.25158,-1.31122,0.0178854,-0.00532237,0.0355898
-1.25114,-1.31282,0.0229897,-0.0123313,0.0636165
-1.25105,-1.31457,0.0179975,-0.005362,0.0355731
-1.25068,-1.31707,0.0160614,-0.00441643,0.0304218
-1.25008,-1.31914,0.0212424,-0.0115105,0.0583941
-1.24998,-1.32073,0.0171981,-0.00545193,0.0347055
-1.24937,-1.32285,0.0224359,-0.0126161,0.0626327
-1.24914,-1.32503,0.017707,-0.00556793,0.035352
-1.24863,-1.32803,0.0159169,-0.00457956,0.0303116
-1.24801,-1.33014,0.0212085,-0.0118453,0.058175
-1.24782,-1.33209,0.0171665,-0.00561722,0.0346078
-1.24738,-1.33472,0.0156337,-0.00469394,0.0300977
-1.24675,-1.33684,0.0209885,-0.0120611,0.0578954
-1.24654,-1.33879,0.0170403,-0.00574062,0.0345188
-1.24591,-1.34089,0.0224365,-0.0131546,0.0622847
-1.24568,-1.34305,0.0176732,-0.00580642,0.0352096
-1.24504,-1.34516,0.0230925,-0.0132434,0.0629596
-1.24494,-1.34687,0.0179986,-0.00576792,0.0353189
-1.24443,-1.34978,0.0161054,-0.00471908,0.0302368
-1.24379,-1.35188,0.0215176,-0.0121672,0.0579806
-1.24315,-1.35399,0.026958,-0.0196067,0.0857271
-1.24317,-1.35549,0.0191894,-0.00636069,0.0382565
-1.24254,-1.3576,0.0246099,-0.0137796,0.0660172
-1.24233,-1.35982,0.0186867,-0.0056927,0.0358056
-1.2417,-1.36193,0.0240902,-0.0130907,0.0635805
-1.24128,-1.36492,0.0185012,-0.00561529,0.0354555
-1.24065,-1.36703,0.0238884,-0.012991,0.0632452
-1.24057,-1.36873,0.0184099,-0.00560594,0.0354092
-1.24014,-1.37132,0.0163209,-0.00459507,0.0302987
-1.23952,-1.37343,0.0216673,-0.0119392,0.0581109
-1.23936,-1.37515,0.0173948,-0.00562755,0.0345866
-1.23874,-1.37726,0.0227369,-0.012953,0.0624103
-1.23854,-1.37921,0.0178316,-0.00568942,0.0352702
-1.23791,-1.38132,0.0231661,-0.0129958,0.0631059
-1.23767,-1.38345,0.0180421,-0.00564109,0.0353917
-1.23705,-1.38556,0.0233665,-0.0129284,0.0632396
-1.23673,-1.38803,0.0181477,-0.00559745,0.0354245
-1.23611,-1.39014,0.0234609,-0.0128647,0.0632852
-1.23583,-1.39254,0.0181991,-0.00556536,0.0354414
-1.23521,-1.39464,0.0234995,-0.0128128,0.0633148
-1.2348,-1.39758,0.0182214,-0.00554096,0.0354541
-1.23418,-1.39971,0.0235096,-0.0127667,0.0633413
-1.23406,-1.40152,0.0182287,-0.00551991,0.0354659
-1.23368,-1.404,0.0161994,-0.00451844,0.0303523
-1.23306,-1.40612,0.0214487,-0.0117132,0.0582609
-1.23271,-1.40866,0.0172864,-0.0055228,0.0346574
-1.2321,-1.41078,0.0225314,-0.012697,0.0625782
-1.23148,-1.41289,0.0278046,-0.019863,0.0905015
-1.23136,-1.41506,0.0195573,-0.00612457,0.0388962
-1.23075,-1.41717,0.0248055,-0.0132695,0.0668337
-1.23014,-1.41928,0.0300813,-0.0204065,0.0947735
-1.23026,-1.42075,0.0205422,-0.00594625,0.0394012
-1.22965,-1.42286,0.0257832,-0.0130629,0.0673556
-1.22949,-1.42515,0.0192911,-0.00528715,0.0361342
-1.22888,-1.42727,0.0245085,-0.0123831,0.0641024
-1.22878,-1.42914,0.0187453,-0.005282,0.0356509
-1.22804,-1.43175,0.0239874,-0.0123462,0.0636353
-1.22813,-1.43287,0.0184684,-0.0053217,0.0355737
-1.22753,-1.43499,0.0236528,-0.0123794,0.0635665
-1.22692,-1.43711,0.0288657,-0.019429,0.0915615
-1.2267,-1.43983,0.0200907,-0.00588345,0.0390835
-1.22601,-1.44226,0.0253003,-0.0129031,0.0670958
-1.226,-1.44396,0.0190542,-0.00526144,0.036114
-1.22555,-1.44696,0.0166269,-0.00428671,0.0305762
-1.22495,-1.44908,0.0217565,-0.0112805,0.0586095
-1.22482,-1.4509,0.0174664,-0.00529804,0.034791
-1.2245,-1.45319,0.0157542,-0.00442047,0.0302509
-1.22391,-1.45531,0.0208559,-0.0113828,0.0583041
-1.22332,-1.45742,0.0259843,-0.0183376,0.0863593
-1.22334,-1.4589,0.0188472,-0.00596555,0.038495
-1.22288,-1.46193,0.0164389,-0.00444025,0.031103
-1.22229,-1.46406,0.0215222,-0.0113613,0.0591806
-1.22212,-1.46605,0.0173403,-0.00529211,0.0348973
-1.22175,-1.46864,0.0156608,-0.0043974,0.0302921
-1.22116,-1.47075,0.0207153,-0.0112852,0.0583903
-1.22097,-1.47278,0.0169099,-0.00534324,0.0347625
-1.22039,-1.4749,0.021963,-0.0122106,0.0628721
-1.21981,-1.47702,0.0270445,-0.0190701,0.0909838
-1.21981,-1.4788,0.0192774,-0.00589398,0.0390462
-1.21923,-1.48092,0.0243358,-0.0127319,0.0671715
-1.21892,-1.48392,0.0186013,-0.0052147,0.036162
-1.21835,-1.48604,0.0236408,-0.0120289,0.0643018
-1.21821,-1.48829,0.0183244,-0.00514926,0.0357485
-1.21763,-1.49042,0.0233483,-0.0119409,0.0639017
-1.21754,-1.49242,0.018186,-0.00514904,0.0356906
-1.21697,-1.49453,0.0231949,-0.0119191,0.0638566
-1.21683,-1.49675,0.018109,-0.00514769,0.0356871
-1.21626,-1.49887,0.023105,-0.0118953,0.0638661
-1.21568,-1.50099,0.0281292,-0.0186354,0.0920472
-1.21563,-1.50333,0.019827,-0.00565435,0.0392297
-1.21545,-1.50553,0.0169479,-0.00417936,0.0313426
-1.21511,-1.50809,0.0155101,-0.00404942,0.0295182
-1.21406,-1.51203,0.020593,-0.0106987,0.0577438
-1.21398,-1.51234,0.0254142,-0.0174181,0.0859507
-1.21402,-1.51397,0.0186572,-0.00571847,0.0385396
-1.21369,-1.5167,0.0163097,-0.00426557,0.0311856
-1.21313,-1.51882,0.0212297,-0.0109094,0.0594257
-1.21256,-1.52095,0.0261783,-0.0175456,0.0876677
-1.21265,-1.52251,0.0190133,-0.00563248,0.0387612
-1.21238,-1.52507,0.0165008,-0.00419386,0.0312529
-1.21176,-1.52741,0.0214149,-0.0107881,0.0595195
-1.21171,-1.52922,0.0172846,-0.00502457,0.0350494
-1.21139,-1.53183,0.0156017,-0.00417652,0.0304164
-1.21083,-1.53395,0.0204688,-0.010739,0.0587029
-1.21074,-1.53577,0.0167984,-0.00508275,0.0349108
-1.21038,-1.53854,0.0153169,-0.00421548,0.0303836
-1.20983,-1.54068,0.0201615,-0.0107415,0.0586905
-1.20955,-1.54342,0.0166305,-0.00509231,0.0349122
-1.209,-1.54555,0.021473,-0.0115946,0.0632316
-1.20894,-1.54743,0.0172376,-0.00510407,0.0356367
-1.20839,-1.54956,0.0220742,-0.0115833,0.0639684
-1.20839,-1.55127,0.0175459,-0.00503297,0.0357661
-1.20784,-1.5534,0.0223733,-0.0114897,0.0641099
-1.2073,-1.55553,0.0272285,-0.0179393,0.0924556
-1.20729,-1.55788,0.0194709,-0.00546538,0.0393518
-1.20675,-1.56001,0.0242979,-0.0118887,0.0677128
-1.2068,-1.56185,0.018624,-0.0048526,0.0363652
-1.20658,-1.56434,0.0163193,-0.00394004,0.0307845
-1.20619,-1.56727,0.0151338,-0.00388331,0.0294553
-1.20577,-1.56896,0.0198623,-0.010258,0.0578473
-1.20568,-1.57082,0.0165,-0.00494316,0.0348217
-1.20535,-1.57354,0.015124,-0.00411134,0.0304088
-1.20482,-1.57566,0.0198593,-0.0104426,0.0588222
-1.20464,-1.57803,0.0164767,-0.00495621,0.0349853
-1.20411,-1.58017,0.0212124,-0.0112641,0.0634104
-1.20411,-1.58184,0.0171146,-0.00496111,0.0357165
-1.20358,-1.58398,0.0218449,-0.0112466,0.064153
-1.20351,-1.58605,0.0174435,-0.00488744,0.0358463
-1.2032,-1.58892,0.0156449,-0.00397894,0.0306797
-1.20267,-1.59106,0.0203421,-0.0102247,0.059138
-1.20258,-1.59309,0.0167598,-0.00482139,0.0350721
-1.20231,-1.5957,0.0152504,-0.00400207,0.0305019
-1.20179,-1.59784,0.0199225,-0.010209,0.0589808
-1.20158,-1.6004,0.0165477,-0.00483153,0.0350501
-1.20114,-1.60223,0.0211992,-0.0110188,0.0635399
-1.20067,-1.60413,0.0258778,-0.0171994,0.0920313
-1.20002,-1.6068,0.0306608,-0.0233545,0.120529
-1.20035,-1.60821,0.0205204,-0.00557767,0.0419889
-1.19983,-1.61035,0.025216,-0.0117363,0.07049
-1.19991,-1.61236,0.0190635,-0.00461179,0.0368362
-1.1994,-1.61444,0.0237541,-0.010794,0.0653261
-1.19937,-1.61682,0.0184358,-0.00459168,0.0360866
-1.19878,-1.6192,0.023157,-0.0107886,0.0645675
-1.19885,-1.62102,0.0181367,-0.0046624,0.0359543
-1.19856,-1.62392,0.0160489,-0.00386336,0.0307209
-1.19803,-1.62605,0.0207796,-0.0101656,0.0591491
-1.19803,-1.62778,0.0169981,-0.004811,0.0350639
-1.19779,-1.63021,0.015424,-0.00403859,0.0304733
-1.19724,-1.63236,0.0202044,-0.0104439,0.0588464
-1.19709,-1.63465,0.0166786,-0.0049709,0.0349723
-1.19654,-1.63678,0.0215077,-0.0114468,0.0633062
-1.19653,-1.6385,0.0172762,-0.00506176,0.0356561
-1.19625,-1.64108,0.01559,-0.00415917,0.0305666
-1.19569,-1.64321,0.0204664,-0.010737,0.0588444
-1.19562,-1.64506,0.0168088,-0.00509564,0.0349253
-1.19505,-1.6472,0.0217355,-0.0117443,0.0631623
-1.19503,-1.64889,0.0173823,-0.00518943,0.035586
-1.19446,-1.65103,0.0223554,-0.0119083,0.0637822
-1.19389,-1.65314,0.0273823,-0.0186666,0.0919532
-1.1937,-1.65623,0.0194895,-0.00572754,0.0392012
-1.19312,-1.65836,0.0245417,-0.0125493,0.0673359
-1.19323,-1.6599,0.0187345,-0.00515162,0.0361977
-1.19297,-1.66245,0.0164399,-0.00422193,0.0306263
-1.19238,-1.66458,0.0215227,-0.0111409,0.0587051
-1.19178,-1.66669,0.0266603,-0.0180987,0.0867579
-1.19181,-1.66866,0.0192081,-0.00585649,0.0385625
-1.19146,-1.67154,0.0166617,-0.00440997,0.0311098
-1.19086,-1.67364,0.021826,-0.0114625,0.0591071
-1.19026,-1.67576,0.0270473,-0.0185524,0.0870785
-1.19034,-1.67746,0.0193486,-0.00596445,0.0385562
-1.19003,-1.68015,0.0167518,-0.00448601,0.0310733
-1.18942,-1.68226,0.022,-0.0116709,0.0589877
-1.18927,-1.68436,0.0175852,-0.00545582,0.0347877
-1.18865,-1.68646,0.0228816,-0.0127077,0.0626588
-1.18855,-1.68846,0.0179334,-0.00558912,0.0353377
-1.18792,-1.69057,0.0232764,-0.0129074,0.0631656
-1.18778,-1.69272,0.0181189,-0.00562115,0.0353992
-1.18739,-1.6954,0.0161688,-0.00462768,0.0302867
-1.18675,-1.69753,0.0215601,-0.0120412,0.0580534
-1.18653,-1.69977,0.017347,-0.00570253,0.0345449
-1.18589,-1.70185,0.0227891,-0.013183,0.0622663
-1.1858,-1.70365,0.0178617,-0.00581632,0.0351909
-1.18516,-1.70575,0.0233542,-0.0133625,0.0628673
-1.18494,-1.70806,0.0181407,-0.0058238,0.0352722
-1.18431,-1.71008,0.0236766,-0.0134389,0.0629018
-1.18404,-1.71262,0.0182939,-0.00584336,0.0352618
-1.18338,-1.71471,0.0238784,-0.0135187,0.062849
-1.18272,-1.71681,0.0295218,-0.021229,0.0904082
-1.1829,-1.71813,0.0202238,-0.00647684,0.0387137
-1.18249,-1.72091,0.0172893,-0.00482208,0.030936
-1.18182,-1.72301,0.0229572,-0.0126252,0.0584336
-1.1817,-1.72481,0.0180489,-0.00588374,0.0345008
-1.18102,-1.72692,0.023769,-0.0137515,0.0619513
-1.18034,-1.72899,0.0295465,-0.0216547,0.0893727
-1.18023,-1.73126,0.0201903,-0.0066644,0.0385184
-1.17989,-1.73374,0.0172953,-0.00496223,0.0308284
-1.1794,-1.73643,0.0159259,-0.00483136,0.0290103
-1.17869,-1.73858,0.0217434,-0.0128521,0.05635
-1.17801,-1.74061,0.0276122,-0.0209112,0.0836585
-1.17804,-1.74212,0.0193791,-0.00689166,0.0377707
-1.17762,-1.74465,0.0168827,-0.00517645,0.0305863
-1.17692,-1.74673,0.0227994,-0.0133249,0.0578293
-1.17669,-1.74877,0.0179379,-0.00623684,0.034255
-1.17598,-1.75086,0.0239113,-0.0144478,0.0614489
-1.17527,-1.75292,0.0299431,-0.0226927,0.0886127
-1.17517,-1.755,0.0202556,-0.0070037,0.0382818
-1.1748,-1.7574,0.0173734,-0.00520383,0.0306565
-1.17427,-1.7601,0.0160347,-0.00505436,0.028847
-1.17354,-1.76218,0.022109,-0.0134163,0.0559245
-1.17311,-1.76476,0.0176053,-0.00646749,0.0338336
-1.17238,-1.76684,0.0237397,-0.0148895,0.0608615
-1.17164,-1.76891,0.0299345,-0.0233441,0.0878587
-1.17178,-1.77015,0.020175,-0.00725096,0.0380879
-1.17104,-1.77222,0.0264096,-0.0157665,0.0650366
-1.17029,-1.77429,0.0327058,-0.0243137,0.0919546
-1.1701,-1.77683,0.0212963,-0.00711833,0.0385613
-1.16935,-1.77889,0.0276172,-0.0157237,0.0654339
-1.16922,-1.78095,0.0200457,-0.00639165,0.0353362
-1.16846,-1.78302,0.0264058,-0.0150558,0.0621608
-1.16811,-1.78565,0.0195687,-0.00644692,0.0348035
-1.16734,-1.78772,0.0259723,-0.0151689,0.0615796
-1.16724,-1.78946,0.0193596,-0.00655434,0.0346718
-1.16648,-1.79149,0.0258097,-0.0153372,0.0613963
-1.16571,-1.79355,0.032323,-0.0241495,0.0880899
-1.16493,-1.79561,0.0388989,-0.032992,0.114752
-1.16487,-1.79803,0.022823,-0.00772861,0.0405169
-1.16409,-1.80009,0.0294101,-0.0166275,0.0671345
-1.16405,-1.80191,0.0207892,-0.00651883,0.0354971
-1.16348,-1.80479,0.0178691,-0.00534156,0.0298304
-1.16268,-1.80685,0.0244873,-0.0143247,0.0563791
-1.16249,-1.80866,0.0187887,-0.0067309,0.0337074
-1.16196,-1.8111,0.0168314,-0.00566434,0.0293073
-1.16117,-1.81315,0.0235137,-0.0147337,0.0557798
-1.16076,-1.81541,0.018268,-0.00699325,0.0335152
-1.15996,-1.81746,0.025013,-0.0161193,0.0599338
-1.15974,-1.81927,0.0188361,-0.00711041,0.0341681
-1.1592,-1.82167,0.016854,-0.00583255,0.0293441
-1.15839,-1.82372,0.0236674,-0.0150433,0.0556852
-1.15812,-1.82552,0.0183293,-0.00712622,0.033428
-1.1573,-1.82757,0.0252081,-0.0163939,0.0597132
-1.15644,-1.82971,0.0321588,-0.0256867,0.0859666
-1.15623,-1.83182,0.0208842,-0.00795507,0.0374741
-1.15567,-1.83442,0.0178683,-0.00589571,0.0300664
-1.15484,-1.83646,0.0248527,-0.0152736,0.0562452
-1.15419,-1.83943,0.0189148,-0.00712102,0.0334832
-1.15335,-1.84147,0.0259574,-0.0165519,0.059609
-1.15305,-1.84352,0.0192853,-0.00726833,0.0339944
-1.15221,-1.84556,0.026385,-0.0167534,0.0600658
-1.15196,-1.84746,0.0194719,-0.00728585,0.0340502
-1.15111,-1.8495,0.0266288,-0.0168252,0.0600665
-1.15087,-1.85137,0.0195865,-0.00730307,0.0340309
-1.15013,-1.85425,0.0173558,-0.00600519,0.0291522
-1.14927,-1.85628,0.0245748,-0.0156246,0.0550903
-1.14895,-1.85819,0.0187764,-0.00738863,0.0331428
-1.14826,-1.86083,0.0169452,-0.00617182,0.0288692
-1.14739,-1.86286,0.0242409,-0.0158703,0.0547263
-1.14656,-1.86479,0.0315933,-0.0255986,0.0805476
-1.14573,-1.86671,0.0390078,-0.0353538,0.106334
-1.14581,-1.86818,0.0224529,-0.00882263,0.0391853
-1.14496,-1.87012,0.0299032,-0.0186316,0.0649185
-1.14448,-1.87278,0.0208869,-0.0073921,0.0347013
-1.14371,-1.87455,0.0283696,-0.0172607,0.0603762
-1.14315,-1.87729,0.0203808,-0.00736775,0.0339753
-1.14234,-1.87912,0.0279149,-0.0172857,0.0595968
-1.142,-1.88121,0.0201781,-0.00746904,0.0338027
-1.14148,-1.88342,0.0177553,-0.00617239,0.0289388
-1.14066,-1.88525,0.025353,-0.0161702,0.0544769
-1.1402,-1.88739,0.0191419,-0.00764592,0.032851
-1.13938,-1.88922,0.0268057,-0.0176967,0.0583284
-1.13916,-1.89079,0.0196252,-0.00779984,0.0334531
-1.13833,-1.89261,0.0273532,-0.0179048,0.0588684
-1.13814,-1.89409,0.019864,-0.00780064,0.0335268
-1.13731,-1.8959,0.0276558,-0.0179604,0.058879
-1.13694,-1.89783,0.0200069,-0.00780629,0.0335101
-1.1361,-1.89964,0.027862,-0.0180189,0.0588003
-1.13526,-1.90146,0.0357787,-0.0282569,0.0840539
-1.13441,-1.90328,0.0437587,-0.0385192,0.109271
-1.13446,-1.9048,0.0238368,-0.00907698,0.039208
-1.1337,-1.90768,0.0194702,-0.0063204,0.0300678
-1.13285,-1.90949,0.0274807,-0.016663,0.0552032
-1.13236,-1.91172,0.0201532,-0.0076768,0.032862
-1.1315,-1.91353,0.0282252,-0.0180705,0.0579354
-1.13064,-1.91533,0.03636,-0.0284882,0.082972
-1.13066,-1.91662,0.0223174,-0.00873347,0.0365437
-1.13008,-1.91887,0.0188414,-0.00650422,0.0293471
-1.12922,-1.92067,0.0270322,-0.0170003,0.0542957
-1.12887,-1.92244,0.0199313,-0.00792116,0.0325733
-1.12822,-1.92466,0.0177892,-0.00663662,0.0283072
-1.12734,-1.92646,0.0260636,-0.0172079,0.0531634
-1.12704,-1.92799,0.0194591,-0.00816867,0.0322637
-1.12616,-1.92978,0.0278067,-0.0187897,0.0570539
-1.12528,-1.93157,0.0362177,-0.0294332,0.0818065
-1.12486,-1.93376,0.0221197,-0.00912177,0.0361846
-1.12396,-1.93558,0.0305859,-0.019813,0.0608765
-1.12367,-1.93736,0.0211688,-0.00814587,0.0335539
-1.12296,-1.93978,0.0184648,-0.00663784,0.0284777
-1.12206,-1.94157,0.026999,-0.0174027,0.0530793
-1.12116,-1.94335,0.0355971,-0.0281892,0.0776429
-1.12084,-1.9453,0.0220581,-0.00912396,0.0356068
-1.11994,-1.94708,0.0307108,-0.0199582,0.0601082
-1.11976,-1.94858,0.0212322,-0.00826276,0.0333378
-1.11857,-1.95092,0.0299876,-0.0191228,0.0577863
-1.11837,-1.95251,0.0210317,-0.00823876,0.0329348
-1.11745,-1.95428,0.029807,-0.0191657,0.0573093
-1.11712,-1.95607,0.0209734,-0.00829691,0.0328205
-1.11643,-1.95836,0.0184497,-0.00683567,0.0281405
-1.1155,-1.96013,0.0273017,-0.0178314,0.0524234
-1.11443,-1.96218,0.0362395,-0.0288365,0.0766732
-1.11442,-1.96344,0.0222305,-0.00936539,0.0352989
-1.11348,-1.96522,0.0312049,-0.0204269,0.0594795
-1.11293,-1.96751,0.0214279,-0.00846208,0.0330776
-1.1122,-1.96988,0.0187174,-0.00689123,0.0281322
-1.11132,-1.97154,0.0277593,-0.0180235,0.0522191
-1.11105,-1.97303,0.0202757,-0.00850349,0.0317618
-1.11032,-1.97525,0.018164,-0.00710878,0.0277002
-1.10937,-1.97701,0.0272991,-0.0183017,0.0516959
-1.10901,-1.97862,0.0200347,-0.00869509,0.0315698
-1.10763,-1.98117,0.0293014,-0.0199004,0.0555139
-1.10729,-1.98292,0.0206812,-0.00880156,0.0321985
-1.10633,-1.98468,0.0299617,-0.020077,0.0560624
-1.10537,-1.98643,0.0393074,-0.031371,0.0798868
-1.10503,-1.98844,0.02311,-0.00962031,0.0354959
-1.10407,-1.99019,0.0325067,-0.0209563,0.0592588
-1.10392,-1.99166,0.0219725,-0.00859306,0.0328803
-1.10332,-1.99368,0.0190947,-0.00700746,0.0279191
-1.10234,-1.99544,0.0285637,-0.0184074,0.0515892
-1.10193,-1.99716,0.0206642,-0.00867616,0.031463
-1.10107,-1.99958,0.0184718,-0.00726044,0.027444
-1.1001,-2.00132,0.0280296,-0.0187214,0.0510185
-1.09949,-2.00338,0.0203853,-0.00889113,0.0312492
-1.0985,-2.00513,0.0300186,-0.0203903,0.0547568
-1.09752,-2.00686,0.0397174,-0.0319063,0.0782242
-1.09653,-2.0086,0.0494827,-0.0434382,0.101652
-1.0966,-2.01,0.02504,-0.0103886,0.0374577
-1.09591,-2.01232,0.0203754,-0.0072028,0.0288953
-1.09492,-2.01405,0.0301822,-0.0187989,0.0522362
-1.09429,-2.01627,0.0213867,-0.00866372,0.0314951
-1.09329,-2.018,0.0312601,-0.0202973,0.0547706
-1.09302,-2.01951,0.0216226,-0.00888372,0.0318578
-1.09202,-2.02124,0.0315643,-0.0205557,0.0550659
-1.09176,-2.0227,0.0217232,-0.00892798,0.0318747
-1.09074,-2.02444,0.0317341,-0.020638,0.0550148
-1.08973,-2.02615,0.0418109,-0.0323633,0.0781141
-1.08889,-2.02905,0.0239591,-0.00986205,0.0349652
-1.08821,-2.03125,0.0200538,-0.00732017,0.0281512
-1.08718,-2.03297,0.0301851,-0.0191027,0.0511639
-1.08699,-2.03426,0.0214005,-0.00889169,0.0311133
-1.08628,-2.03629,0.0190183,-0.00744155,0.0270855
-1.08525,-2.03801,0.0292397,-0.0192803,0.0499993
-1.08469,-2.03987,0.0209681,-0.00914565,0.0307633
-1.08366,-2.04158,0.0312658,-0.0210191,0.0536079
-1.08262,-2.04329,0.0416304,-0.0329059,0.0764119
-1.08202,-2.0456,0.023801,-0.0101895,0.0345152
-1.08098,-2.04731,0.034221,-0.0221116,0.057256
-1.07994,-2.04901,0.0447079,-0.0340468,0.0799558
-1.07995,-2.05037,0.0247932,-0.009958,0.0350453
-1.07887,-2.05213,0.035331,-0.0219285,0.0576827
-1.07824,-2.05445,0.0231651,-0.00890567,0.0321832
-1.07721,-2.05611,0.0337525,-0.0209158,0.0547528
-1.07641,-2.05864,0.0227078,-0.0089427,0.031634
-1.07551,-2.0601,0.0333475,-0.0209967,0.054129
-1.07445,-2.06179,0.0440624,-0.0330501,0.0765955
-1.07338,-2.06349,0.0548453,-0.0451145,0.0990215
-1.07341,-2.06507,0.0265631,-0.0105414,0.0368317
-1.07283,-2.06708,0.0213218,-0.00734793,0.0284018
-1.07175,-2.06877,0.0321367,-0.0194723,0.0507397
-1.07112,-2.07086,0.0223082,-0.00895478,0.0308124
-1.07006,-2.07252,0.0331894,-0.0211126,0.0530811
-1.06899,-2.07421,0.0441389,-0.03328,0.0753099
-1.06876,-2.07584,0.0247184,-0.0101831,0.0342035
-1.06768,-2.07752,0.035721,-0.0223849,0.0563665
-1.06704,-2.07969,0.0233379,-0.00915215,0.0317229
-1.0662,-2.08099,0.0343862,-0.0214072,0.0537983
-1.06551,-2.08317,0.0229551,-0.00917625,0.0312279
-1.06442,-2.08485,0.0340814,-0.021442,0.0532565
-1.06332,-2.08653,0.0452757,-0.0337175,0.0752437
-1.06294,-2.08841,0.025074,-0.0102213,0.0341064
-1.06216,-2.09056,0.0208461,-0.00760286,0.0274966
-1.06106,-2.09223,0.0320996,-0.0199309,0.0493895
-1.06028,-2.09444,0.022299,-0.00926936,0.0302905
-1.05919,-2.09608,0.0336234,-0.0216271,0.0521134
-1.05848,-2.09818,0.0226504,-0.00948207,0.0307062
-1.05761,-2.10031,0.0199082,-0.00779552,0.0264732
-1.0565,-2.10197,0.03132,-0.0201976,0.0481985
-1.05606,-2.10347,0.021963,-0.00954426,0.0298899
-1.05515,-2.10482,0.0334458,-0.0219892,0.051526
-1.05459,-2.10654,0.02254,-0.00968649,0.0304555
-1.05348,-2.10819,0.0341067,-0.0221444,0.0520359
-1.0528,-2.11013,0.0228113,-0.00963104,0.0305566
-1.05185,-2.11152,0.0344434,-0.0221301,0.0520511
-1.05073,-2.11317,0.0461512,-0.0346228,0.0735192
-1.04959,-2.11482,0.0579273,-0.0471227,0.0949455
-1.04905,-2.11712,0.0271555,-0.011107,0.0358278
-1.0484,-2.11906,0.0217837,-0.00770899,0.0277258
-1.0472,-2.12167,0.0199272,-0.00744483,0.0256076
-1.04606,-2.12332,0.0317589,-0.0200129,0.0469136
-1.04529,-2.12534,0.0222542,-0.00959623,0.0294744
-1.04415,-2.12698,0.0341642,-0.0221881,0.0507096
-1.04345,-2.12894,0.0228743,-0.0097911,0.0301249
-1.0423,-2.13058,0.0348582,-0.0224074,0.05129
-1.0415,-2.13273,0.0231313,-0.00975348,0.0302322
-1.04035,-2.13437,0.0351866,-0.022394,0.051328
-1.03995,-2.13589,0.0232788,-0.00971963,0.0302333
-1.03911,-2.13784,0.0203974,-0.00796801,0.0260395
-1.03807,-2.13999,0.0193495,-0.00784244,0.0248524
-1.03692,-2.14161,0.0315187,-0.0205381,0.0458129
-1.03576,-2.14324,0.0437567,-0.0332384,0.066732
-1.03546,-2.14461,0.0246239,-0.0110108,0.0321841
-1.03446,-2.14679,0.0208566,-0.00821522,0.0264286
-1.03345,-2.14818,0.0331749,-0.0209677,0.0472312
-1.03296,-2.14967,0.0227667,-0.00980623,0.0292935
-1.03178,-2.15129,0.035171,-0.0225696,0.0500354
-1.03083,-2.15353,0.0233001,-0.0099197,0.0297822
-1.02965,-2.15514,0.0357791,-0.0227049,0.0504528
-1.02898,-2.157,0.0235319,-0.00987461,0.0298624
-1.02785,-2.15933,0.0206246,-0.00808516,0.0257493
-1.02667,-2.16094,0.0331944,-0.0209066,0.0463179
-1.02612,-2.1625,0.022834,-0.00988348,0.0289905
-1.02493,-2.1641,0.035485,-0.0227251,0.0494852
-1.0243,-2.16581,0.0234399,-0.0100081,0.0295548
-1.0232,-2.16804,0.0206181,-0.00818959,0.0255627
-1.02201,-2.16964,0.0333649,-0.0210661,0.0459526
-1.02136,-2.17129,0.022909,-0.00996842,0.0288176
-1.0202,-2.17356,0.0204171,-0.00829265,0.0252755
-1.019,-2.17515,0.0332671,-0.0212012,0.0455595
-1.01833,-2.17681,0.0228624,-0.0100699,0.0286531
-1.01712,-2.17841,0.0357967,-0.0229954,0.0488634
-1.01662,-2.17986,0.0235623,-0.0101444,0.0292756
-1.01535,-2.18227,0.0207428,-0.00828475,0.0253479
-1.01359,-2.18458,0.0338205,-0.0212086,0.0454777
-1.01341,-2.18559,0.0231057,-0.0100573,0.0285709
-1.01215,-2.18724,0.036225,-0.0230293,0.0486025
-1.01152,-2.18887,0.0237523,-0.0101519,0.0291592
-1.0104,-2.19105,0.0208822,-0.00829919,0.0252453
-1.00923,-2.19256,0.0340914,-0.0213093,0.0451647
-1.00822,-2.19466,0.0232532,-0.0100824,0.0284449
-1.00722,-2.19595,0.0365388,-0.0231196,0.048276
-1.00611,-2.19736,0.0498896,-0.0361523,0.0680742
-1.00565,-2.19894,0.0263363,-0.011201,0.0319205
-1.00469,-2.20094,0.021898,-0.00827803,0.0259561
-1.00356,-2.20237,0.0353322,-0.0213468,0.0456461
-1.00305,-2.20376,0.023774,-0.00995169,0.028533
-1.00193,-2.20517,0.0372895,-0.0230386,0.0481433
-1.0009,-2.2073,0.0242326,-0.0101182,0.0289486
-0.999776,-2.20871,0.0378263,-0.0232223,0.0484821
-0.998653,-2.21011,0.0514858,-0.0363278,0.0679711
-0.998288,-2.21154,0.0268613,-0.0111126,0.0318529
-0.997159,-2.21294,0.0405877,-0.0242391,0.0512649
-0.996779,-2.21425,0.0252819,-0.0099307,0.0296013
-0.995638,-2.21566,0.0390834,-0.0230758,0.048934
-0.994971,-2.2173,0.0249526,-0.00990068,0.0291268
-0.993748,-2.21949,0.0216703,-0.00815687,0.0250475
-0.992608,-2.22089,0.0355699,-0.0213326,0.0442652
-0.991301,-2.22248,0.0495485,-0.0344974,0.0634477
-0.990921,-2.22381,0.0265506,-0.0111882,0.0310055
-0.988567,-2.22666,0.0406878,-0.0243004,0.0501671
-0.988374,-2.22777,0.0253752,-0.0100513,0.0292115
-0.98722,-2.22915,0.0395473,-0.0232614,0.0481863
-0.98641,-2.231,0.0251575,-0.00999636,0.0288117
-0.985248,-2.23238,0.0394001,-0.0232224,0.0477104
-0.984558,-2.23403,0.0251207,-0.0100442,0.0286636
-0.983402,-2.2354,0.0394367,-0.023286,0.0474837
-0.982481,-2.23732,0.0251353,-0.0100852,0.0285706
-0.981344,-2.23866,0.0395259,-0.0233424,0.0473111
-0.98013,-2.24095,0.0251685,-0.0101158,0.028493
-0.97896,-2.24232,0.0396344,-0.0233844,0.0471595
-0.978575,-2.24351,0.0252161,-0.0101337,0.0284278
-0.977727,-2.2451,0.0219591,-0.00832548,0.0245354
-0.976592,-2.24695,0.0208675,-0.00820692,0.0233555
-0.975413,-2.24832,0.0354681,-0.0215086,0.0418658
-0.974465,-2.25004,0.0240239,-0.0104064,0.0270726
-0.973286,-2.2514,0.0387139,-0.0237163,0.0455015
-0.972099,-2.25276,0.0534703,-0.0370223,0.063887
-0.970917,-2.2541,0.0682923,-0.0503247,0.0822283
-0.970842,-2.25515,0.0294823,-0.0120953,0.03278
-0.969749,-2.25712,0.0234704,-0.00836098,0.025666
-0.968556,-2.25847,0.0383721,-0.0216945,0.0438911
-0.967363,-2.25981,0.0533397,-0.0350235,0.0620724
-0.966696,-2.26144,0.0277717,-0.0111129,0.0304924
-0.965504,-2.26278,0.0428093,-0.0244559,0.0485935
-0.964738,-2.26444,0.0262402,-0.010074,0.0285695
-0.963539,-2.26578,0.0413536,-0.0234279,0.0465905
-0.96232,-2.26713,0.0565341,-0.0367752,0.0645692
-0.96171,-2.26873,0.0284632,-0.0110916,0.0308363
-0.960612,-2.27063,0.0233436,-0.0082439,0.0250378
-0.959401,-2.27197,0.0386082,-0.0216184,0.0428984
-0.958191,-2.27329,0.0539387,-0.034987,0.0607155
-0.957707,-2.27464,0.0279874,-0.0111761,0.0301035
-0.95643,-2.27604,0.0433946,-0.024552,0.047843
-0.955338,-2.27805,0.026481,-0.0101279,0.0282613
-0.954118,-2.27937,0.041959,-0.0235162,0.0459181
-0.953606,-2.28063,0.0261915,-0.0100982,0.0278415
-0.952419,-2.2825,0.0226996,-0.00831306,0.0239969
-0.951193,-2.28382,0.0382827,-0.0217178,0.0415332
-0.950581,-2.28506,0.0252416,-0.0102544,0.0267293
-0.949245,-2.28703,0.022319,-0.00855834,0.0235014
-0.948013,-2.28835,0.038019,-0.0219735,0.0409163
-0.947203,-2.28979,0.0251172,-0.0104336,0.0264451
-0.945965,-2.2911,0.0409074,-0.0238501,0.0437775
-0.944733,-2.2924,0.0567631,-0.0372588,0.0610663
-0.944297,-2.2936,0.0284572,-0.0115528,0.0297407
-0.943186,-2.29536,0.0234738,-0.00852759,0.0243478
-0.941942,-2.29666,0.0394286,-0.0219525,0.0415158
-0.941157,-2.29809,0.0256834,-0.0102301,0.0266066
-0.93971,-2.30015,0.0226277,-0.00852622,0.0233366
-0.938457,-2.30145,0.0386969,-0.0219589,0.0403842
-0.937354,-2.3032,0.02544,-0.0104168,0.0261929
-0.935782,-2.30482,0.0416152,-0.0238315,0.0431762
-0.934836,-2.30579,0.057834,-0.037271,0.0600699
-0.93418,-2.30721,0.0288173,-0.0115267,0.0294604
-0.933185,-2.30823,0.0451257,-0.0249673,0.0462662
-0.932248,-2.30918,0.0614797,-0.0384055,0.0630326
-0.930869,-2.31151,0.0296715,-0.0112414,0.0300802
-0.929603,-2.31279,0.0460963,-0.024668,0.0468006
-0.92869,-2.3145,0.027521,-0.0100173,0.0277555
-0.927416,-2.31578,0.0440201,-0.0234476,0.0443954
-0.926986,-2.31688,0.0270784,-0.0100314,0.0271894
-0.925712,-2.31815,0.0436578,-0.0234636,0.0437456
-0.9251,-2.3194,0.0269694,-0.0101306,0.0269576
-0.923593,-2.32146,0.0233647,-0.00834536,0.0232934
-0.922349,-2.32269,0.0400517,-0.021786,0.039724
-0.921414,-2.32418,0.0260777,-0.0102873,0.0258766
-0.920166,-2.3259,0.0230216,-0.00857918,0.0227956
-0.91896,-2.32708,0.0398262,-0.0220221,0.0391004
-0.918189,-2.32835,0.0259747,-0.0104548,0.0255836
-0.916896,-2.32962,0.0428707,-0.0238885,0.041812
-0.916163,-2.33088,0.0266773,-0.0105364,0.0261594
-0.914815,-2.33267,0.0232828,-0.00860142,0.0227957
-0.91352,-2.33392,0.0402958,-0.0220349,0.0389004
-0.912224,-2.33517,0.0573738,-0.0354549,0.0549631
-0.910925,-2.33642,0.0745168,-0.0488612,0.0709841
-0.910421,-2.33771,0.0312815,-0.012165,0.0303511
-0.909102,-2.33896,0.0484933,-0.0255745,0.0462902
-0.908196,-2.34054,0.0282369,-0.010131,0.0273052
-0.906821,-2.34185,0.0455268,-0.0235371,0.043165
-0.905831,-2.34346,0.0276887,-0.01003,0.0266283
-0.904737,-2.34501,0.0238866,-0.00826716,0.0229498
-0.903424,-2.34624,0.0412769,-0.0216799,0.0386829
-0.902794,-2.34734,0.0266585,-0.0102256,0.0253883
-0.901459,-2.34905,0.0234931,-0.00853801,0.0223728
-0.900145,-2.35027,0.0410029,-0.0219455,0.0379808
-0.899344,-2.3515,0.0265364,-0.0104142,0.0250542
-0.898023,-2.35272,0.0441371,-0.0238114,0.040579
-0.896953,-2.35426,0.0272382,-0.0104985,0.0256181
-0.89547,-2.35562,0.0449336,-0.0238782,0.0410694
-0.894488,-2.35711,0.0274984,-0.0103984,0.0257599
-0.893163,-2.35832,0.0452701,-0.0237784,0.0411198
-0.891832,-2.35953,0.0631061,-0.0371416,0.0564392
-0.890628,-2.36139,0.0304079,-0.0113427,0.0283212
-0.889293,-2.3626,0.0483149,-0.0247036,0.0435595
-0.888186,-2.36429,0.0284478,-0.0101087,0.0264475
-0.886846,-2.36549,0.0464313,-0.0234638,0.0416045
-0.885971,-2.3669,0.0281063,-0.0100561,0.0259864
-0.884684,-2.36855,0.0242678,-0.00827488,0.0224617
-0.883342,-2.36975,0.0423576,-0.021626,0.0374954
-0.882602,-2.3709,0.0271673,-0.0102037,0.0248258
-0.881276,-2.37251,0.0239246,-0.00851187,0.021911
-0.879922,-2.37371,0.042134,-0.0218506,0.0368209
-0.878576,-2.3749,0.0604069,-0.0351714,0.0516898
-0.877421,-2.37655,0.0300429,-0.0114774,0.0271485
-0.876063,-2.37774,0.0483947,-0.024789,0.0419362
-0.874893,-2.37937,0.0285274,-0.0102708,0.0257963
-0.873572,-2.38052,0.0469588,-0.0235738,0.0404986
-0.872673,-2.38188,0.0283261,-0.0101367,0.0254962
-0.871312,-2.38305,0.0468393,-0.023427,0.0401192
-0.870215,-2.38458,0.0283287,-0.0101346,0.02537
-0.868926,-2.38568,0.0469202,-0.0234172,0.0399054
-0.868295,-2.38674,0.028369,-0.0101422,0.0252794
-0.866997,-2.38829,0.0245489,-0.00832239,0.0219486
-0.865701,-2.38939,0.0432546,-0.021593,0.0363559
-0.864911,-2.3905,0.0275821,-0.0102037,0.0242731
-0.863687,-2.39154,0.0463743,-0.0234616,0.0385902
-0.862467,-2.39257,0.0652272,-0.0367014,0.0528647
-0.861241,-2.39359,0.0841409,-0.0499226,0.0670975
-0.860648,-2.39479,0.033316,-0.0119219,0.0291938
-0.85962,-2.39613,0.026097,-0.00824722,0.0231566
-0.858327,-2.3976,0.0241327,-0.00791646,0.0212371
-0.8571,-2.39861,0.0431764,-0.0211336,0.0352926
-0.856253,-2.39973,0.0277124,-0.010141,0.02388
-0.855017,-2.40074,0.0468475,-0.0233385,0.037849
-0.854264,-2.40178,0.0284525,-0.0103062,0.024426
-0.853028,-2.40279,0.0476776,-0.0234849,0.0383073
-0.852147,-2.40395,0.028693,-0.0102293,0.0245571
-0.850906,-2.40496,0.0480068,-0.023389,0.0383512
-0.84966,-2.40597,0.067381,-0.0365282,0.0521042
-0.848451,-2.40754,0.0317036,-0.0111658,0.0269807
-0.847373,-2.40882,0.0258098,-0.00825188,0.0222397
-0.846188,-2.41012,0.0241885,-0.00798576,0.0206648
-0.844931,-2.41112,0.0437078,-0.0211052,0.0342421
-0.844162,-2.4121,0.0279807,-0.0101616,0.023373
-0.842781,-2.41352,0.0247153,-0.0084654,0.0208101
-0.84184,-2.41427,0.0443678,-0.0215636,0.0342299
-0.840582,-2.41526,0.0640753,-0.0346325,0.0476356
-0.839549,-2.41654,0.0312126,-0.0113435,0.0257783
-0.837898,-2.41824,0.0257147,-0.00843915,0.0215947
-0.83663,-2.41923,0.0455399,-0.0214839,0.0348705
-0.83543,-2.42059,0.0285344,-0.0100436,0.0234933
-0.834159,-2.42157,0.0484492,-0.0230637,0.0366841
-0.833158,-2.42277,0.0291208,-0.0101385,0.0238944
-0.831885,-2.4241,0.0252529,-0.00828744,0.0209096
-0.830615,-2.42507,0.0452904,-0.021278,0.0339705
-0.829845,-2.42602,0.0285387,-0.0100699,0.0231294
-0.828507,-2.42736,0.0250986,-0.00836483,0.0205359
-0.827233,-2.42832,0.0452642,-0.021321,0.0334668
-0.826057,-2.42958,0.0285473,-0.0101295,0.0228899
-0.824783,-2.43054,0.0488046,-0.0230573,0.0357357
-0.823503,-2.4315,0.0691206,-0.0359608,0.0485425
-0.822968,-2.43235,0.0322719,-0.0111634,0.0258295
-0.821477,-2.43384,0.0262934,-0.00822407,0.0214628
-0.820191,-2.43479,0.0467242,-0.0211004,0.0341365
-0.818906,-2.43575,0.0672133,-0.0339519,0.046771
-0.817779,-2.43707,0.0321855,-0.0109001,0.0255692
-0.81649,-2.43801,0.0527558,-0.0237286,0.038117
-0.815366,-2.43929,0.030329,-0.00979556,0.0242267
-0.814191,-2.44014,0.0509838,-0.022602,0.0366771
-0.813056,-2.44139,0.030062,-0.00970163,0.023866
-0.812071,-2.4421,0.0508035,-0.0224865,0.0362116
-0.811333,-2.44301,0.0300399,-0.00972601,0.0236773
-0.810036,-2.44395,0.0508643,-0.0224745,0.0359647
-0.808785,-2.44524,0.0300745,-0.00973321,0.0235669
-0.807484,-2.44617,0.0509848,-0.0224526,0.0357687
-0.806532,-2.44723,0.0301266,-0.00972736,0.0234784
-0.805217,-2.44847,0.025995,-0.00797414,0.0204708
-0.80369,-2.44983,0.0248493,-0.00784558,0.0193472
-0.802367,-2.45076,0.0459185,-0.0205147,0.031375
-0.801228,-2.45188,0.0290744,-0.00992041,0.021989
-0.799919,-2.45279,0.0502345,-0.0225544,0.0339326
-0.799082,-2.4537,0.0299426,-0.00998535,0.0226688
-0.797553,-2.45506,0.0259734,-0.00812829,0.019976
-0.796303,-2.45592,0.0472595,-0.0207186,0.0317849
-0.794988,-2.45683,0.0686012,-0.0332795,0.0435622
-0.794312,-2.45767,0.0326853,-0.0108527,0.0244658
-0.792965,-2.45889,0.0267974,-0.00807378,0.0205978
-0.791644,-2.45979,0.048257,-0.0205941,0.0322429
-0.79078,-2.46069,0.0298069,-0.00961908,0.0222706
-0.789441,-2.4616,0.0513557,-0.0221021,0.0338321
-0.78837,-2.46265,0.030401,-0.00970856,0.0226454
-0.787034,-2.46355,0.0520368,-0.0221559,0.0341218
-0.785971,-2.46459,0.0305893,-0.00963288,0.0227413
-0.784707,-2.46571,0.0264017,-0.00786828,0.0199134
-0.783374,-2.46659,0.0481587,-0.0202686,0.0312592
-0.781772,-2.46798,0.029896,-0.00957949,0.0218534
-0.780253,-2.46898,0.0517453,-0.0219334,0.0331287
-0.779323,-2.46992,0.0305863,-0.00966058,0.0223242
-0.777816,-2.47118,0.0264643,-0.00788456,0.0196455
-0.776476,-2.47206,0.04843,-0.0201954,0.0307819
-0.775383,-2.47306,0.0300249,-0.00955457,0.0216199
-0.773831,-2.47433,0.026336,-0.00792776,0.0192871
-0.772483,-2.4752,0.048426,-0.0201837,0.0302976
-0.771141,-2.47606,0.0705708,-0.0324085,0.0412725
-0.769793,-2.47692,0.0927704,-0.0446015,0.0522132
-0.769098,-2.47779,0.0358153,-0.0111501,0.0256194
-0.767424,-2.47918,0.0279881,-0.00773546,0.020814
-0.76596,-2.48011,0.0502972,-0.0198833,0.0316264
-0.764672,-2.48125,0.0306491,-0.00917512,0.0219709
-0.763313,-2.4821,0.0530395,-0.0212866,0.0326942
-0.76247,-2.48294,0.0311344,-0.00931605,0.0221714
-0.761112,-2.48378,0.0536092,-0.0213862,0.0328112
-0.760274,-2.4846,0.0312772,-0.00928296,0.0221894
-0.758913,-2.48544,0.0538364,-0.0213112,0.0327454
-0.757775,-2.48645,0.031362,-0.00923642,0.0221602
-0.756266,-2.48737,0.0540086,-0.0212164,0.032643
-0.755294,-2.48827,0.0314354,-0.00919348,0.0221127
-0.753383,-2.48944,0.0541757,-0.0211136,0.0325402
-0.752559,-2.48993,0.0769602,-0.0330361,0.0428401
-0.751096,-2.49122,0.0346422,-0.0100638,0.0241936
-0.749719,-2.49205,0.057498,-0.0219359,0.0344649
-0.748458,-2.49315,0.0322033,-0.00896648,0.0227245
-0.747084,-2.49397,0.0551381,-0.020798,0.0329115
-0.745999,-2.49493,0.0318348,-0.00890731,0.022254
-0.744623,-2.49575,0.0548504,-0.0206956,0.0323576
-0.743233,-2.49688,0.0317954,-0.00893507,0.0220232
-0.741851,-2.49769,0.0548921,-0.0206789,0.0320448
-0.740748,-2.49863,0.0318233,-0.00894241,0.0218816
-0.739425,-2.4994,0.0549781,-0.0206552,0.0318397
-0.738016,-2.50052,0.0318494,-0.00894496,0.0217918
-0.736633,-2.50132,0.0550389,-0.0206369,0.0317194
-0.73516,-2.50247,0.0318724,-0.00894057,0.0217387
-0.733777,-2.50327,0.0550968,-0.0206127,0.0316314
-0.732473,-2.50431,0.0318897,-0.00893525,0.0217057
-0.731093,-2.50511,0.0551027,-0.020614,0.0316097
-0.729707,-2.50591,0.0783209,-0.0322836,0.0415295
-0.727941,-2.50728,0.0350381,-0.00984107,0.023823
-0.726559,-2.50809,0.0582396,-0.0215232,0.0337492
-0.725183,-2.50889,0.0814461,-0.0331967,0.0436902
-0.722747,-2.51069,0.0355018,-0.0096704,0.0245057
-0.721364,-2.5115,0.0586889,-0.0213592,0.0344516
-0.719981,-2.5123,0.0818812,-0.033039,0.0444128
-0.719003,-2.5132,0.0356112,-0.00953131,0.0248052
-0.717678,-2.51397,0.0587841,-0.021229,0.0347625
-0.716022,-2.5152,0.0326484,-0.00859565,0.0229274
-0.71464,-2.516,0.0558098,-0.0203008,0.0328926
-0.713258,-2.51681,0.0789764,-0.0319969,0.0428733
-0.712446,-2.51751,0.0352136,-0.00959314,0.0243918
-0.710812,-2.51863,0.0282989,-0.0071547,0.020239
-0.709459,-2.51942,0.051441,-0.0188748,0.0302097
-0.708074,-2.52023,0.0745888,-0.0305848,0.0401976
-0.707048,-2.52099,0.034561,-0.00976167,0.0235861
-0.705665,-2.5218,0.0577001,-0.0214792,0.0335742
-0.70441,-2.52266,0.0323524,-0.00885873,0.0224049
-0.702873,-2.52366,0.0275385,-0.00723085,0.0194262
-0.701167,-2.52473,0.0262424,-0.00715893,0.0182181
-0.699784,-2.52555,0.0493627,-0.0188942,0.0282002
-0.698566,-2.52634,0.0307174,-0.00913107,0.0204919
-0.697188,-2.52714,0.0538364,-0.020865,0.0304825
-0.696078,-2.52787,0.0315171,-0.00923731,0.0211794
-0.6947,-2.52868,0.0546341,-0.0209711,0.0311763
-0.693326,-2.52948,0.0777563,-0.032696,0.0411882
-0.69197,-2.53037,0.0348514,-0.0100426,0.0236203
-0.690355,-2.53138,0.0281149,-0.00741445,0.019827
-0.688977,-2.53219,0.051225,-0.0191526,0.0298289
-0.687913,-2.53287,0.0311513,-0.00892266,0.0211849
-0.686501,-2.5337,0.0542606,-0.0206594,0.0311941
-0.685446,-2.53438,0.0316555,-0.00907056,0.0215292
-0.683515,-2.53556,0.0272821,-0.00743756,0.0189821
-0.682128,-2.53638,0.0503842,-0.0191815,0.0289875
-0.680696,-2.53726,0.0309295,-0.00907783,0.0208044
-0.679316,-2.53808,0.0540309,-0.0208206,0.0308158
-0.677937,-2.53889,0.0771376,-0.0325545,0.0408424
-0.676648,-2.5397,0.0347489,-0.0100834,0.0235073
-0.675065,-2.54063,0.0578566,-0.0218126,0.0335467
-0.674261,-2.54115,0.0323271,-0.00896423,0.0223375
-0.672607,-2.54216,0.0275048,-0.00728446,0.0193898
-0.671233,-2.54297,0.0505996,-0.0190317,0.0294051
-0.669568,-2.54395,0.0737074,-0.0307568,0.0394582
-0.668874,-2.54439,0.0343422,-0.00995986,0.0232518
-0.667506,-2.54522,0.0279689,-0.00745185,0.0196731
-0.666128,-2.54603,0.0510614,-0.0192,0.0296923
-0.664707,-2.54689,0.0310985,-0.00896622,0.0211199
-0.663324,-2.54771,0.0541911,-0.020713,0.0311434
-0.661946,-2.54852,0.0772889,-0.0324509,0.041182
-0.66083,-2.5492,0.0347979,-0.0100095,0.023661
-0.658994,-2.55029,0.0280972,-0.00740639,0.0198578
-0.65761,-2.55111,0.0511875,-0.0191551,0.0298814
-0.656218,-2.55194,0.0311377,-0.00892415,0.0212118
-0.654531,-2.55294,0.0271366,-0.00744595,0.0188557
-0.653152,-2.55376,0.0502239,-0.0191983,0.0288752
-0.651518,-2.55473,0.0308827,-0.00910852,0.0207542
-0.649799,-2.55574,0.0539792,-0.0208448,0.0308019
-0.649154,-2.55612,0.0315469,-0.0092002,0.0213174
-0.647775,-2.55694,0.054636,-0.0209487,0.0313448
-0.646959,-2.55742,0.0316963,-0.00912526,0.0215508
-0.645192,-2.55846,0.0272811,-0.00745735,0.0189903
-0.643816,-2.55927,0.0503677,-0.0192099,0.0290115
-0.642533,-2.56003,0.0309177,-0.00908841,0.0208139
-0.641153,-2.56084,0.0540059,-0.0208382,0.0308397
-0.640144,-2.56143,0.0315593,-0.00918447,0.0213488
-0.638775,-2.56223,0.0546482,-0.0209332,0.0313763
-0.637399,-2.56304,0.0777426,-0.0326725,0.0414197
-0.636203,-2.56374,0.0348527,-0.0100163,0.0237173
-0.634284,-2.56486,0.028112,-0.00740079,0.0198841
-0.6329,-2.56568,0.0512011,-0.0191499,0.0299098
-0.631727,-2.56636,0.0311422,-0.00891833,0.0212265
-0.630361,-2.56716,0.054232,-0.0206665,0.0312531
-0.628513,-2.56824,0.0316458,-0.00906928,0.0215616
-0.627201,-2.56901,0.0547354,-0.0208184,0.0315856
-0.625994,-2.56971,0.0317432,-0.00905184,0.0216774
-0.624369,-2.57066,0.054841,-0.0207876,0.0317231
-0.622967,-2.57147,0.0317712,-0.00902625,0.0217328
-0.621582,-2.57228,0.054864,-0.0207714,0.0317611
-0.620204,-2.57309,0.077962,-0.0325076,0.0418046
-0.619457,-2.57351,0.0349257,-0.0099153,0.023897
-0.618078,-2.57432,0.0580222,-0.0216553,0.0339321
-0.616467,-2.57524,0.0323936,-0.00886367,0.022533
-0.615087,-2.57606,0.0554899,-0.0206053,0.0325635
-0.614022,-2.57666,0.0319627,-0.00883596,0.022131
-0.612644,-2.57747,0.0550593,-0.0205781,0.0321585
-0.611415,-2.57816,0.0318632,-0.00889547,0.0219632
-0.609649,-2.57918,0.0273708,-0.00732032,0.0192225
-0.608352,-2.57994,0.0504642,-0.0190703,0.0292327
-0.607052,-2.58071,0.0735625,-0.030812,0.0392569
-0.605836,-2.58138,0.0343045,-0.0100029,0.0231672
-0.604543,-2.58214,0.0574025,-0.0217467,0.033185
-0.603249,-2.58291,0.0805054,-0.0334823,0.0432166
-0.602043,-2.58361,0.10361,-0.0452145,0.0532541
-0.600744,-2.58432,0.0375598,-0.0103624,0.0260188
-0.599543,-2.58503,0.0606609,-0.0221036,0.0360366
-0.59825,-2.58574,0.0329265,-0.00863698,0.0233038
-0.597055,-2.5864,0.0277348,-0.00704741,0.0198806
-0.59575,-2.58717,0.050835,-0.0187939,0.0298828
-0.594523,-2.58785,0.0311045,-0.00883839,0.0212504
-0.593163,-2.58861,0.0271398,-0.00741607,0.0188693
-0.591806,-2.58938,0.0260696,-0.00732142,0.0179025
-0.590685,-2.59004,0.0491663,-0.0190788,0.0278782
-0.589734,-2.59056,0.0306242,-0.00925556,0.0202963
-0.588695,-2.59117,0.0537217,-0.021013,0.0302692
-0.587662,-2.59177,0.0768222,-0.0327653,0.0402508
-0.586608,-2.59234,0.0346394,-0.01024,0.0232096
-0.585521,-2.59298,0.0577417,-0.0219914,0.0331891
-0.584483,-2.59353,0.0322672,-0.00906978,0.0221403
-0.583372,-2.59415,0.0274686,-0.00735413,0.019255
-0.582,-2.59491,0.0261899,-0.00724188,0.0180992
-0.580963,-2.59552,0.0492917,-0.0189993,0.0280595
-0.579926,-2.59613,0.0723966,-0.0307514,0.038029
-0.579122,-2.59655,0.0340601,-0.0102068,0.0226527
-0.578015,-2.59715,0.0278458,-0.00762317,0.019324
-0.576735,-2.59786,0.0262752,-0.00731936,0.0180904
-0.575701,-2.59847,0.0493814,-0.0190746,0.0280454
-0.574661,-2.59908,0.0724908,-0.0308244,0.0380098
-0.573632,-2.59962,0.0340674,-0.0102232,0.0226311
-0.572597,-2.60023,0.0571786,-0.0219724,0.0325925
-0.571321,-2.60091,0.0321382,-0.00915922,0.0218886
-0.570284,-2.60152,0.0552514,-0.0209074,0.0318476
-0.569088,-2.60216,0.0318524,-0.00902635,0.0217474
-0.56804,-2.60277,0.054968,-0.020773,0.0317046
-0.567284,-2.60316,0.0318062,-0.00901665,0.0217076
-0.566249,-2.60376,0.0549235,-0.0207626,0.0316622
-0.56524,-2.60429,0.0317976,-0.00901998,0.0216911
-0.564205,-2.6049,0.0549171,-0.0207647,0.0316436
-0.563018,-2.60553,0.031796,-0.00902257,0.0216824
-0.561979,-2.60613,0.0549178,-0.0207658,0.0316329
-0.560751,-2.60678,0.0317964,-0.00902351,0.0216773
-0.559716,-2.60739,0.0549206,-0.0207655,0.0316254
-0.558682,-2.608,0.0780479,-0.0325021,0.0415827
-0.557969,-2.60833,0.0349371,-0.00993827,0.0237865
-0.55696,-2.60886,0.0281568,-0.00736329,0.0198922
-0.555835,-2.60947,0.0264248,-0.00714024,0.0184071
-0.554502,-2.6102,0.0258824,-0.00729225,0.0176909
-0.553466,-2.61081,0.0490118,-0.0190346,0.0276223
-0.552403,-2.61138,0.0305976,-0.0092736,0.0201758
-0.551361,-2.61198,0.0537305,-0.0210123,0.0301098
-0.55061,-2.61236,0.0314624,-0.00933995,0.0209621
-0.549187,-2.61314,0.0271866,-0.00760846,0.0186302
-0.548154,-2.61374,0.0503229,-0.0193459,0.028558
-0.547118,-2.61435,0.0734625,-0.0310778,0.0384955
-0.546082,-2.61495,0.0966054,-0.0428042,0.0484423
-0.545284,-2.61532,0.0367204,-0.0107207,0.0246572
-0.544071,-2.61596,0.0285692,-0.00745889,0.0201729
-0.543026,-2.61657,0.0517136,-0.0191895,0.0301006
-0.541706,-2.61726,0.0312706,-0.00887845,0.0212696
-0.540674,-2.61786,0.0544178,-0.0206073,0.0311948
-0.539419,-2.61851,0.0317054,-0.00904562,0.0215103
-0.538373,-2.61912,0.0548561,-0.020772,0.0314339
-0.537642,-2.61947,0.0317854,-0.00904436,0.0215859
-0.536607,-2.62007,0.0549388,-0.0207694,0.0315065
-0.535312,-2.62083,0.0781015,-0.0324784,0.0414544
-0.534116,-2.62141,0.03495,-0.00994168,0.0237316
-0.533079,-2.62202,0.0581092,-0.0216614,0.0336535
-0.532411,-2.62232,0.0324176,-0.00888712,0.0223825
-0.531162,-2.62297,0.0275633,-0.00723875,0.0193853
-0.530285,-2.62348,0.0507229,-0.0189645,0.0292852
-0.529252,-2.62409,0.0738882,-0.0306805,0.0392019
-0.528382,-2.6245,0.0343936,-0.00994679,0.0231474
-0.527345,-2.6251,0.0575615,-0.0216622,0.0330584
-0.52631,-2.62571,0.0807326,-0.033372,0.042979
-0.525271,-2.62631,0.103907,-0.045076,0.0529096
-0.524233,-2.62692,0.127085,-0.0567742,0.06285
-0.523194,-2.62736,0.0394247,-0.0106079,0.0274226
-0.522244,-2.62791,0.0626006,-0.0223163,0.0373339
-0.521258,-2.62836,0.0333311,-0.00845914,0.0237515
-0.520248,-2.62887,0.0279043,-0.00691256,0.0200705
-0.518971,-2.62954,0.0264258,-0.00695167,0.0185423
-0.517797,-2.63016,0.0259296,-0.0071924,0.0177685
-0.516936,-2.63066,0.0491078,-0.0189103,0.0276406
-0.516199,-2.63102,0.0306533,-0.00921576,0.0201903
-0.515332,-2.63153,0.0538344,-0.0209312,0.0300623
-0.514398,-2.632,0.0315091,-0.00930575,0.0209392
-0.513533,-2.6325,0.0546929,-0.0210193,0.0308095
-0.512663,-2.63301,0.0778791,-0.0327287,0.0406869
-0.511911,-2.63335,0.0348622,-0.010102,0.023382
-0.510868,-2.63388,0.0281271,-0.00745494,0.0196517
-0.510005,-2.63438,0.0513159,-0.0191663,0.0295151
-0.509141,-2.63488,0.0745069,-0.0308736,0.0393855
-0.507981,-2.63546,0.0344879,-0.00994141,0.023178
-0.507116,-2.63596,0.0576814,-0.0216483,0.0330427
-0.506043,-2.63649,0.0323247,-0.00896554,0.0221194
-0.505375,-2.63687,0.0555177,-0.0206768,0.0319704
-0.50425,-2.63743,0.0319673,-0.00891289,0.0218157
-0.503386,-2.63794,0.0551661,-0.0206176,0.0316723
-0.502532,-2.63834,0.0318926,-0.00894646,0.0216968
-0.501667,-2.63884,0.0550941,-0.0206497,0.0315504
-0.500802,-2.63935,0.0782979,-0.0323489,0.041411
-0.499809,-2.63981,0.0350128,-0.00988934,0.0237355
-0.498793,-2.6404,0.058222,-0.0215834,0.0335979
-0.498006,-2.64075,0.0324597,-0.00886116,0.0223488
-0.497142,-2.64126,0.0556685,-0.0205595,0.0321975
-0.496277,-2.64176,0.0788797,-0.0322538,0.0420532
-0.495594,-2.64204,0.0351447,-0.00975944,0.024001
-0.494627,-2.64252,0.028269,-0.00725377,0.0199823
-0.493659,-2.64301,0.0265069,-0.00706631,0.0184298
-0.492795,-2.64351,0.0497219,-0.0187636,0.0282638
-0.491903,-2.64395,0.0308464,-0.00905074,0.0204948
-0.491037,-2.64445,0.0540646,-0.0207453,0.0303288
-0.49032,-2.64479,0.0316049,-0.0091945,0.0210839
-0.489345,-2.64529,0.0272814,-0.00751603,0.0186776
-0.488279,-2.64584,0.0261442,-0.00734864,0.0177283
-0.48741,-2.64634,0.0493678,-0.0190415,0.0275517
-0.486411,-2.64684,0.0307071,-0.00924376,0.0201153
-0.485547,-2.64734,0.0539342,-0.0209335,0.0299391
-0.484653,-2.64777,0.0315414,-0.00930431,0.0208751
-0.483786,-2.64828,0.0547719,-0.0209913,0.0306982
-0.483127,-2.64857,0.0317392,-0.00918544,0.0212037
-0.482147,-2.64914,0.0549749,-0.0208668,0.031031
-0.481544,-2.6494,0.0318096,-0.00909853,0.0213681
-0.48051,-2.64992,0.0273648,-0.00743748,0.0188258
-0.479645,-2.65042,0.0506029,-0.019121,0.0286386
-0.478769,-2.65084,0.0310165,-0.00906659,0.0206004
-0.477911,-2.65134,0.054258,-0.0207474,0.0304123
-0.476892,-2.65183,0.0316565,-0.00916881,0.0211172
-0.476026,-2.65233,0.0549017,-0.020847,0.0309274
-0.475172,-2.65272,0.0317982,-0.00910363,0.0213275
-0.474306,-2.65322,0.0550469,-0.0207795,0.0311352
-0.473493,-2.65359,0.0318477,-0.00904683,0.0214357
-0.472809,-2.65399,0.0550969,-0.0207256,0.0312318
-0.471977,-2.65437,0.0318673,-0.00901952,0.0214801
-0.470727,-2.655,0.0274009,-0.00738947,0.0188865
-0.469859,-2.6555,0.0506579,-0.0190618,0.0286814
-0.469071,-2.65587,0.0310445,-0.00903491,0.0206267
-0.467911,-2.65645,0.0271425,-0.00752375,0.0184631
-0.467043,-2.65695,0.050405,-0.0191933,0.0282513
-0.466151,-2.65737,0.0309578,-0.00914053,0.020406
-0.465285,-2.65787,0.0542241,-0.0208069,0.0301936
-0.464601,-2.65817,0.0316423,-0.00920846,0.0210058
-0.463533,-2.6587,0.0273066,-0.00751587,0.018621
-0.462665,-2.6592,0.0505783,-0.0191798,0.0284009
-0.461807,-2.6596,0.0310067,-0.00910629,0.0204757
-0.460945,-2.6601,0.0542823,-0.0207671,0.0302546
-0.459773,-2.66066,0.0316651,-0.00918338,0.0210385
-0.458905,-2.66116,0.054945,-0.0208411,0.0308153
-0.458004,-2.66157,0.0318159,-0.0091037,0.021274
-0.457002,-2.66205,0.0273815,-0.007437,0.0187647
-0.456133,-2.66255,0.0506672,-0.0190924,0.0285318
-0.455159,-2.66301,0.0310474,-0.00905443,0.0205481
-0.454292,-2.66351,0.0543374,-0.0207066,0.0303138
-0.453425,-2.66401,0.0776299,-0.0323543,0.0400872
-0.452844,-2.66421,0.0348789,-0.0100599,0.0232049
-0.451856,-2.66478,0.0581775,-0.0217023,0.0329787
-0.451255,-2.665,0.0324454,-0.00894351,0.0220592
-0.450388,-2.6655,0.0557453,-0.0205883,0.0318205
-0.449774,-2.66574,0.0320548,-0.00886543,0.0217508
-0.44891,-2.66624,0.0553583,-0.0205084,0.0315075
-0.447987,-2.66665,0.0319758,-0.00889568,0.0216285
-0.446955,-2.66714,0.0274703,-0.00731045,0.0189617
-0.446087,-2.66764,0.0507799,-0.0189515,0.0287067
-0.445177,-2.66805,0.031105,-0.00897679,0.0206478
-0.444311,-2.66855,0.0544189,-0.0206146,0.0303909
-0.443444,-2.66905,0.0777354,-0.032248,0.0401418
-0.442384,-2.6695,0.0349183,-0.010015,0.0232423
-0.441201,-2.67005,0.0281968,-0.00740528,0.0195575
-0.440381,-2.67052,0.0515189,-0.0190398,0.0292875
-0.439457,-2.67092,0.0312782,-0.00889701,0.0208876
-0.438676,-2.67137,0.054604,-0.02053,0.0306118
-0.437843,-2.67172,0.0317914,-0.00904205,0.0212226
-0.436938,-2.67213,0.0273969,-0.00741256,0.0187272
-0.436241,-2.67253,0.0507273,-0.0190459,0.0284359
-0.43542,-2.673,0.0740616,-0.0306725,0.0381562
-0.435035,-2.67309,0.0344322,-0.0100273,0.0226933
-0.434304,-2.67341,0.0280545,-0.00748724,0.0192846
-0.433451,-2.67381,0.0264444,-0.00720874,0.0179955
-0.432756,-2.67421,0.0497834,-0.0188381,0.027692
-0.43219,-2.67444,0.0308726,-0.00911101,0.0201867
-0.431304,-2.67486,0.0271023,-0.00759022,0.0181963
-0.430611,-2.67526,0.0504464,-0.0192167,0.0278871
-0.429918,-2.67565,0.0737922,-0.0308403,0.0375829
-0.429477,-2.67579,0.034347,-0.010153,0.0224259
-0.428543,-2.67622,0.0280139,-0.00756093,0.0191323
-0.42781,-2.67664,0.0513653,-0.019182,0.02882
-0.427101,-2.67694,0.0312198,-0.008999,0.0206415
-0.426405,-2.67733,0.0545742,-0.0206185,0.0303255
-0.425775,-2.67758,0.0317737,-0.00909742,0.0210732
-0.42508,-2.67798,0.0551315,-0.0207147,0.0307547
-0.424424,-2.67824,0.0318937,-0.00904655,0.0212464
-0.42373,-2.67864,0.0552548,-0.0206617,0.030925
-0.422987,-2.67894,0.0319331,-0.00900343,0.0213297
-0.422295,-2.67933,0.0552977,-0.0206165,0.031005
-0.42175,-2.67953,0.0319515,-0.00897747,0.0213717
-0.420869,-2.67993,0.027469,-0.00735645,0.0187951
-0.420175,-2.68033,0.0508389,-0.0189673,0.0284617
-0.419537,-2.68059,0.0311271,-0.00899578,0.0205126
-0.418844,-2.68099,0.0545005,-0.0206041,0.0301776
-0.418205,-2.68124,0.0317615,-0.0091093,0.0210066
-0.417508,-2.68164,0.0551384,-0.0207151,0.0306693
-0.41652,-2.68207,0.0318986,-0.00905129,0.0212056
-0.415823,-2.68247,0.0552794,-0.0206546,0.0308651
-0.414886,-2.68287,0.0319436,-0.00900191,0.0213014
-0.414191,-2.68326,0.0553284,-0.0206028,0.0309572
-0.413566,-2.68349,0.0319648,-0.00897208,0.0213499
-0.412763,-2.68384,0.0274807,-0.00735084,0.0187789
-0.412068,-2.68424,0.0508714,-0.0189492,0.0284253
-0.41149,-2.68446,0.0311426,-0.00898717,0.0204953
-0.410586,-2.68487,0.0272242,-0.00748412,0.0183532
-0.409892,-2.68527,0.0506208,-0.0190793,0.0279927
-0.409215,-2.68554,0.0310574,-0.00909191,0.0202728
-0.408519,-2.68594,0.0544579,-0.0206841,0.029911
-0.407823,-2.68634,0.0778601,-0.0322732,0.0395545
-0.407012,-2.68664,0.0349389,-0.0100652,0.0229915
-0.406084,-2.68704,0.0282215,-0.00742837,0.0193988
-0.405388,-2.68744,0.0516304,-0.0190154,0.0290289
-0.404788,-2.68765,0.0313264,-0.00889269,0.0207548
-0.403891,-2.68805,0.0273025,-0.00740795,0.0184908
-0.403192,-2.68845,0.0507179,-0.0189916,0.0281126
-0.402399,-2.68878,0.0311011,-0.00903936,0.0203401
-0.401704,-2.68917,0.0545208,-0.0206199,0.0299598
-0.40115,-2.68936,0.0317719,-0.00912657,0.0208993
-0.400455,-2.68976,0.0551956,-0.0207044,0.0305162
-0.399715,-2.69004,0.0319224,-0.00905061,0.0211325
-0.39902,-2.69043,0.0553504,-0.0206256,0.030746
-0.398112,-2.6908,0.0319737,-0.00899094,0.0212466
-0.397415,-2.6912,0.0554063,-0.0205631,0.0308561
-0.396872,-2.69137,0.0319985,-0.00895527,0.0213048
-0.396175,-2.69176,0.0554352,-0.0205248,0.0309104
-0.395662,-2.69192,0.0320125,-0.00893494,0.0213343
-0.394782,-2.6923,0.0275181,-0.00732325,0.0187606
-0.394084,-2.6927,0.0509615,-0.0188898,0.0283559
-0.393341,-2.69299,0.031186,-0.00895777,0.0204644
-0.39265,-2.69338,0.0546337,-0.0205213,0.030057
-0.391955,-2.69378,0.0780832,-0.0320816,0.0396554
-0.39149,-2.69388,0.0350182,-0.00997783,0.0230657
-0.390729,-2.69418,0.0282726,-0.00737433,0.0194332
-0.389815,-2.69459,0.0265745,-0.00710908,0.0180464
-0.389117,-2.69498,0.0500337,-0.0186665,0.0276249
-0.388515,-2.6952,0.030991,-0.00901843,0.0201627
-0.387817,-2.6956,0.0544545,-0.0205725,0.0297396
-0.387238,-2.6958,0.0317714,-0.00912989,0.0208014
-0.386513,-2.69621,0.0552396,-0.0206802,0.0303768
-0.385497,-2.69663,0.0319444,-0.00904611,0.0210669
-0.384801,-2.69702,0.0554172,-0.020594,0.0306368
-0.384124,-2.69725,0.0320029,-0.00897881,0.0211968
-0.383428,-2.69765,0.0554803,-0.0205237,0.0307625
-0.382717,-2.6979,0.0320305,-0.00893867,0.0212632
-0.381747,-2.69832,0.0275367,-0.00732037,0.0187124
-0.381052,-2.69871,0.0510218,-0.0188617,0.0282667
-0.380498,-2.69888,0.031208,-0.00895631,0.0204008
-0.380498,-2.69888,0.0546873,-0.0205122,0.0299215
-0.379603,-2.69924,0.0318366,-0.00908215,0.0208692
-0.379083,-2.69943,0.0274523,-0.007431,0.0184748
-0.379083,-2.69943,0.050936,-0.0189843,0.0279911
-0.378829,-2.69949,0.0311667,-0.00903006,0.0202517
-0.378829,-2.69949,0.0546513,-0.0205828,0.0297671
-0.378829,-2.69949,0.0781359,-0.0321355,0.0392825
-0.378723,-2.69949,0.0350134,-0.0100335,0.0228822
-0.378707,-2.69945,0.0282695,-0.00741291,0.0193059
-0.378707,-2.69945,0.0517548,-0.0189652,0.0288206
-0.378696,-2.69943,0.0313762,-0.00888315,0.0206338
-0.378696,-2.69943,0.0548616,-0.0204354,0.0301483
-0.378643,-2.69943,0.0318927,-0.00902127,0.0209828
-0.378673,-2.6994,0.02748,-0.00739302,0.0185391
-0.378673,-2.6994,0.0509656,-0.0189452,0.0280535
-0.378694,-2.69937,0.0311812,-0.00900803,0.0202869
-0.378706,-2.69936,0.0272607,-0.00749572,0.0181954
-0.378706,-2.69936,0.0507463,-0.0190478,0.0277097
-0.378706,-2.69936,0.0742319,-0.0305999,0.0372241
-0.378789,-2.69931,0.034481,-0.0100777,0.0222929
-0.378789,-2.69931,0.0579666,-0.0216298,0.0318073
-0.378831,-2.69928,0.0324318,-0.00902831,0.0215129
-0.378831,-2.69928,0.0559175,-0.0205804,0.0310273
-0.37881,-2.69929,0.0321219,-0.00890967,0.0213465
-0.378775,-2.69931,0.0275674,-0.00730378,0.0187342
-0.378775,-2.69931,0.0510531,-0.0188559,0.0282486
-0.378775,-2.69931,0.0745387,-0.030408,0.0377629
-0.378687,-2.69935,0.0345785,-0.0099433,0.0225529
-0.378663,-2.69936,0.0281544,-0.00743515,0.0191623
-0.378663,-2.69936,0.05164,-0.0189873,0.0286766
-0.378606,-2.69939,0.0313438,-0.00891265,0.0205648
-0.378606,-2.69939,0.0548294,-0.0204647,0.0300791
-0.37862,-2.69938,0.0318799,-0.00903991,0.020947
-0.37862,-2.69938,0.0553655,-0.020592,0.0304613
-0.378622,-2.69938,0.031988,-0.00900641,0.0210955
-0.378622,-2.69938,0.0554736,-0.0205585,0.0306099
-0.378618,-2.69938,0.0320195,-0.00897355,0.0211668
-0.378618,-2.69938,0.0555051,-0.0205257,0.0306812
-0.378644,-2.69936,0.0320325,-0.00895383,0.0212037
-0.378644,-2.69936,0.0555182,-0.0205059,0.0307181
-0.378756,-2.6993,0.0320389,-0.00894298,0.0212232
-0.378756,-2.6993,0.0555246,-0.0204951,0.0307376
-0.378841,-2.69926,0.0320423,-0.00893715,0.0212336
-0.378841,-2.69926,0.0555279,-0.0204893,0.0307479
-0.378846,-2.69926,0.032044,-0.00893404,0.0212391
-0.378846,-2.69926,0.0555296,-0.0204861,0.0307535
-0.378859,-2.69926,0.032045,-0.00893238,0.021242
-0.378825,-2.69928,0.0275404,-0.00732641,0.0186797
-0.378825,-2.69928,0.051026,-0.0188785,0.0281941
-0.378794,-2.69929,0.0312079,-0.0089671,0.020363
-0.378772,-2.6993,0.0272754,-0.0074711,0.0182397
-0.378772,-2.6993,0.050761,-0.0190232,0.0277541
-0.378772,-2.6993,0.0742466,-0.0305753,0.0372685
-0.378734,-2.69932,0.0344884,-0.0100647,0.0223161
-0.378734,-2.69932,0.057974,-0.0216168,0.0318304
-0.37868,-2.69935,0.0324357,-0.00902144,0.0215251
-0.37868,-2.69935,0.0559214,-0.0205735,0.0310395
-0.378703,-2.69934,0.032124,-0.00890603,0.0213529
-0.378734,-2.69932,0.0275686,-0.00730169,0.0187379
-0.378734,-2.69932,0.0510542,-0.0188538,0.0282522
-0.378708,-2.69933,0.0312192,-0.00895096,0.0203938
-0.378703,-2.69934,0.0272814,-0.00746129,0.0182577
-0.378703,-2.69934,0.050767,-0.0190134,0.027772
-0.378738,-2.69932,0.031119,-0.00907384,0.020145
-0.378738,-2.69932,0.0546047,-0.0206259,0.0296594
-0.378764,-2.6993,0.0317978,-0.00915051,0.0207311
-0.378764,-2.6993,0.0274309,-0.00747146,0.0183948
-0.378764,-2.6993,0.0509165,-0.0190236,0.0279092
-0.378781,-2.6993,0.0311553,-0.0090527,0.0202068
-0.378781,-2.6993,0.0546409,-0.0206048,0.0297212
-0.378857,-2.69926,0.0318103,-0.00913476,0.0207626
-0.378857,-2.69926,0.0552959,-0.0206869,0.030277
-0.378891,-2.69924,0.0319553,-0.00906024,0.0209977
-0.378891,-2.69924,0.0554409,-0.0206123,0.0305121
-0.378897,-2.69924,0.0320027,-0.0090028,0.0211146
-0.378897,-2.69924,0.0554883,-0.0205549,0.030629
-0.37888,-2.69925,0.0320236,-0.00896952,0.0211758
-0.37888,-2.69925,0.0555093,-0.0205216,0.0306902
-0.378895,-2.69925,0.0320342,-0.00895136,0.0212083
-0.378895,-2.69925,0.0555198,-0.0205035,0.0307227
-0.378865,-2.69926,0.0320397,-0.00894162,0.0212256
-0.378876,-2.69926,0.0275374,-0.00733171,0.0186703
-0.378876,-2.69926,0.051023,-0.0188838,0.0281847
-0.378876,-2.69926,0.0745086,-0.0304359,0.0376991
-0.378936,-2.69923,0.0345674,-0.00996018,0.0225214
-0.378936,-2.69923,0.058053,-0.0215123,0.0320358
-0.378936,-2.69923,0.0815386,-0.0330644,0.0415502
-0.378936,-2.69923,0.105024,-0.0446165,0.0510646
-0.378926,-2.69923,0.037825,-0.0103296,0.0253322
-0.378977,-2.69921,0.0290356,-0.0071437,0.0203959
-0.378977,-2.69921,0.0525212,-0.0186958,0.0299103
-0.378977,-2.69921,0.0760068,-0.0302479,0.0394246
-0.379054,-2.69917,0.0349048,-0.00962905,0.0232593
-0.379054,-2.69917,0.0583904,-0.0211812,0.0327737
-0.379089,-2.69916,0.032603,-0.00876734,0.0219996
-0.379089,-2.69916,0.0560886,-0.0203194,0.031514
-0.379089,-2.69916,0.0795742,-0.0318715,0.0410284
-0.379089,-2.69916,0.10306,-0.0434237,0.0505428
-0.37909,-2.69916,0.0376912,-0.0102155,0.0253365
-0.379082,-2.69917,0.029014,-0.00711108,0.0204137
-0.379095,-2.69916,0.0268589,-0.00687793,0.0185406
-0.379095,-2.69916,0.0503445,-0.01843,0.028055
-0.379084,-2.69917,0.0311115,-0.00887717,0.0203753
-0.379084,-2.69917,0.0545971,-0.0204293,0.0298897
-0.379095,-2.69916,0.0318295,-0.00906332,0.0208682
-0.379092,-2.69916,0.0274541,-0.00742342,0.0184761
-0.379092,-2.69916,0.0509397,-0.0189755,0.0279905
-0.379076,-2.69917,0.0311694,-0.00902651,0.0202527
-0.379076,-2.69917,0.0546551,-0.0205786,0.0297671
-0.379085,-2.69917,0.0318182,-0.00912054,0.0207877
-0.379068,-2.69918,0.0274418,-0.00745347,0.0184275
-0.379068,-2.69918,0.0509274,-0.0190056,0.0279419
-0.37908,-2.69917,0.0311612,-0.0090425,0.0202251
-0.37908,-2.69917,0.0546468,-0.0205946,0.0297394
-0.3791,-2.69916,0.0318135,-0.00912916,0.0207726
-0.3791,-2.69916,0.0552991,-0.0206813,0.0302869
-0.3791,-2.69916,0.0787847,-0.0322334,0.0398013
-0.379211,-2.6991,0.0351265,-0.00996286,0.0230773
-0.379247,-2.69909,0.0283134,-0.00736281,0.0194088
-0.379218,-2.69911,0.0265973,-0.00710512,0.0180043
-0.379218,-2.69911,0.0500829,-0.0186572,0.0275186
-0.379218,-2.69911,0.0735685,-0.0302093,0.037033
-0.379126,-2.69915,0.034411,-0.0100296,0.0222811
-0.379126,-2.69915,0.0578967,-0.0215817,0.0317955
-0.379075,-2.69918,0.0324235,-0.00901903,0.0215157
-0.379075,-2.69918,0.0559091,-0.0205711,0.0310301
-0.379075,-2.69918,0.0793947,-0.0321232,0.0405445
-0.37912,-2.69915,0.035266,-0.00981537,0.0233951
-0.37912,-2.69915,0.0587516,-0.0213675,0.0329095
-0.37912,-2.69915,0.0822372,-0.0329196,0.0424239
-0.379035,-2.6992,0.0356847,-0.00966017,0.0240016
-0.379026,-2.6992,0.0285201,-0.0071406,0.0198842
-0.379028,-2.69919,0.0266966,-0.00696354,0.0182749
-0.379028,-2.69919,0.0501823,-0.0185156,0.0277892
-0.379028,-2.69919,0.0736679,-0.0300677,0.0373036
-0.379094,-2.69916,0.0344567,-0.00995253,0.02242
-0.379094,-2.69916,0.0579423,-0.0215046,0.0319344
-0.379121,-2.69915,0.0324468,-0.00897811,0.0215886
-0.379122,-2.69915,0.0276567,-0.00728861,0.0188418
-0.379122,-2.69915,0.0511423,-0.0188407,0.0283562
-0.379122,-2.69915,0.074628,-0.0303928,0.0378705
-0.379071,-2.69918,0.0345995,-0.00992151,0.0226004
-0.379095,-2.69916,0.0281639,-0.00742156,0.0191882
-0.379095,-2.69916,0.0516496,-0.0189737,0.0287026
-0.379144,-2.69914,0.0313485,-0.00890487,0.0205788
-0.379167,-2.69913,0.0273289,-0.00741846,0.0183569
-0.379167,-2.69913,0.0508145,-0.0189706,0.0278713
-0.379205,-2.69911,0.0311385,-0.00904578,0.0201984
-0.379205,-2.69911,0.0546241,-0.0205979,0.0297128
-0.379215,-2.69911,0.0318074,-0.00913451,0.02076
-0.379215,-2.69911,0.055293,-0.0206866,0.0302744
-0.379191,-2.69912,0.0319546,-0.00906062,0.0209966
-0.379191,-2.69912,0.0554402,-0.0206127,0.030511
-0.379191,-2.69912,0.0789258,-0.0321648,0.0400253
-0.37927,-2.69908,0.0351663,-0.00991105,0.0231797
-0.37927,-2.69908,0.0586519,-0.0214632,0.0326941
-0.379334,-2.69906,0.0326179,-0.00884492,0.0219208
-0.379334,-2.69906,0.0561036,-0.020397,0.0314352
-0.379289,-2.69908,0.032196,-0.00879958,0.0215537
-0.379289,-2.69908,0.0556816,-0.0203517,0.0310681
-0.379281,-2.69909,0.0321033,-0.00884856,0.0214018
-0.379281,-2.69909,0.055589,-0.0204007,0.0309162
-0.379281,-2.69909,0.0790746,-0.0319528,0.0404305
-0.379192,-2.69913,0.0352314,-0.00980085,0.0233782
-0.379198,-2.69912,0.028368,-0.00727117,0.0195741
-0.379198,-2.69912,0.0518536,-0.0188233,0.0290885
-0.379198,-2.69912,0.0753392,-0.0303754,0.0386029
-0.379198,-2.69912,0.0988248,-0.0419275,0.0481173
-0.379253,-2.6991,0.0372147,-0.010359,0.0246864
-0.379275,-2.69909,0.0288592,-0.00724336,0.020099
-0.379275,-2.69909,0.0523448,-0.0187955,0.0296133
-0.379302,-2.69907,0.0315504,-0.00870973,0.0210168
-0.379302,-2.69907,0.055036,-0.0202618,0.0305311
-0.379278,-2.69909,0.0319637,-0.00891539,0.0211813
-0.379278,-2.69909,0.0554493,-0.0204675,0.0306957
-0.379278,-2.69909,0.0789349,-0.0320196,0.0402101
-0.379278,-2.69909,0.102421,-0.0435717,0.0497245
-0.379232,-2.69911,0.0375593,-0.0103743,0.0250125
-0.379232,-2.69911,0.0610449,-0.0219264,0.0345269
-0.379191,-2.69913,0.0330857,-0.00866052,0.0226115
-0.379185,-2.69913,0.0278963,-0.00704362,0.0193777
-0.379185,-2.69913,0.0513819,-0.0185957,0.028892
-0.379112,-2.69916,0.0313448,-0.00877883,0.0207275
-0.379112,-2.69916,0.0548304,-0.0203309,0.0302419
-0.379112,-2.69916,0.078316,-0.031883,0.0397563
-0.379132,-2.69915,0.0350927,-0.00990065,0.0231188
-0.379132,-2.69915,0.0585784,-0.0214528,0.0326332
-0.379188,-2.69912,0.0326027,-0.00885233,0.0218966
-0.379188,-2.69912,0.0560883,-0.0204044,0.031411
-0.379188,-2.69912,0.0795739,-0.0319565,0.0409253
-0.379129,-2.69915,0.0353288,-0.00971943,0.023574
-0.379129,-2.69915,0.0588144,-0.0212715,0.0330884
-0.379054,-2.69919,0.0326858,-0.0087381,0.0221178
-0.379054,-2.69919,0.0561714,-0.0202902,0.0316322
-0.378916,-2.69925,0.0322292,-0.00874262,0.0216558
-0.378916,-2.69925,0.0557148,-0.0202947,0.0311702
-0.378902,-2.69925,0.0321205,-0.00881836,0.0214555
-0.378902,-2.69925,0.0556061,-0.0203705,0.0309699
-0.378902,-2.69925,0.0790918,-0.0319226,0.0404842
-0.378902,-2.69925,0.102577,-0.0434747,0.0499986
-0.379043,-2.69918,0.0376018,-0.0103127,0.0251295
-0.379043,-2.69918,0.0610874,-0.0218648,0.0346439
-0.379043,-2.69918,0.0845731,-0.0334169,0.0441583
-0.379165,-2.69912,0.0360429,-0.00947743,0.0245808
-0.379213,-2.6991,0.0286489,-0.00700671,0.0201749
-0.379213,-2.6991,0.0521346,-0.0185588,0.0296893
-0.37924,-2.69909,0.0315372,-0.00863922,0.0210888
-0.379213,-2.69911,0.0274276,-0.0072589,0.0186486
-0.379213,-2.69911,0.0509132,-0.018811,0.028163
-0.379205,-2.69911,0.0311909,-0.00895534,0.0203602
-0.379205,-2.69911,0.0546765,-0.0205074,0.0298746
-0.37916,-2.69914,0.0318356,-0.0090849,0.0208482
-0.379111,-2.69916,0.0274527,-0.00743316,0.0184629
-0.379111,-2.69916,0.0509383,-0.0189853,0.0279773
-0.379133,-2.69915,0.0311674,-0.00903125,0.0202449
-0.379133,-2.69915,0.054653,-0.0205834,0.0297593
-0.379123,-2.69915,0.0318169,-0.00912303,0.0207834
-0.379123,-2.69915,0.0553025,-0.0206751,0.0302978
-0.379169,-2.69913,0.0319588,-0.0090539,0.0210089
-0.379169,-2.69913,0.0554445,-0.020606,0.0305233
-0.379169,-2.69913,0.0789301,-0.0321581,0.0400377
-0.379313,-2.69906,0.0351683,-0.00990762,0.0231859
-0.379313,-2.69906,0.0586539,-0.0214597,0.0327003
-0.379406,-2.69902,0.032619,-0.00884314,0.021924
-0.379406,-2.69902,0.0561046,-0.0203952,0.0314383
-0.379477,-2.699,0.0321965,-0.00879865,0.0215553
-0.379531,-2.69898,0.0276068,-0.00723869,0.0188523
-0.379531,-2.69898,0.0510924,-0.0187908,0.0283666
-0.379577,-2.69896,0.0312395,-0.00891568,0.0204568
-0.379577,-2.69896,0.0547252,-0.0204678,0.0299712
-0.379579,-2.69897,0.0318541,-0.00905888,0.0208982
-0.379599,-2.69896,0.0274624,-0.00741747,0.0184916
-0.379599,-2.69896,0.050948,-0.0189696,0.028006
-0.379629,-2.69895,0.0311726,-0.00902234,0.0202608
-0.379682,-2.69893,0.0272558,-0.00750424,0.01818
-0.379682,-2.69893,0.0507414,-0.0190563,0.0276944
-0.379721,-2.69891,0.031105,-0.00909825,0.0201015
-0.379721,-2.69891,0.0545907,-0.0206503,0.0296159
-0.379721,-2.69891,0.0780763,-0.0322025,0.0391303
-0.379721,-2.69891,0.101562,-0.0437546,0.0486447
-0.379814,-2.69887,0.0373813,-0.0105871,0.0245771
-0.379814,-2.69887,0.0608669,-0.0221392,0.0340914
-0.379814,-2.69887,0.0843525,-0.0336913,0.0436058
-0.379849,-2.69886,0.0359587,-0.00961552,0.0243296
-0.379849,-2.69886,0.0594444,-0.0211676,0.033844
-0.379841,-2.69887,0.032845,-0.00859636,0.0224484
-0.37986,-2.69887,0.0278331,-0.00704757,0.0193097
-0.37986,-2.69887,0.0513187,-0.0185997,0.028824
-0.37986,-2.69887,0.0748043,-0.0301518,0.0383384
-0.379753,-2.69892,0.0346772,-0.00979169,0.022835
-0.379707,-2.69894,0.0282062,-0.00734817,0.0193193
-0.379707,-2.69894,0.0516919,-0.0189003,0.0288337
-0.379687,-2.69895,0.0313714,-0.00886454,0.0206505
-0.379657,-2.69896,0.0273422,-0.00739493,0.0183987
-0.379657,-2.69896,0.0508278,-0.018947,0.027913
-0.379657,-2.69896,0.0743134,-0.0304991,0.0374274
-0.379602,-2.69898,0.0345158,-0.0100208,0.0223965
-0.379602,-2.69898,0.0580014,-0.0215729,0.0319109
-0.379602,-2.69898,0.081487,-0.033125,0.0414252
-0.379731,-2.69892,0.0355069,-0.00986374,0.0235776
-0.379731,-2.69892,0.0589926,-0.0214158,0.033092
-0.379731,-2.69892,0.0824782,-0.0329679,0.0426064
-0.379731,-2.69892,0.105964,-0.04452,0.0521208
-0.379821,-2.69888,0.0379952,-0.0101439,0.0257271
-0.379829,-2.69888,0.0291089,-0.00703699,0.0205983
-0.379829,-2.69888,0.0525945,-0.0185891,0.0301127
-0.379829,-2.69888,0.0760802,-0.0301412,0.0396271
-0.379795,-2.6989,0.0349371,-0.00957433,0.0233578
-0.379782,-2.6989,0.0283146,-0.00720776,0.0195974
-0.379782,-2.6989,0.0518002,-0.0187599,0.0291118
-0.379734,-2.69893,0.0314217,-0.00878331,0.0207991
-0.379723,-2.69893,0.0273702,-0.00734709,0.0184845
-0.379723,-2.69893,0.0508558,-0.0188992,0.0279989
-0.379738,-2.69892,0.0311613,-0.00900572,0.0202697
-0.379738,-2.69892,0.0546469,-0.0205578,0.029784
-0.379738,-2.69892,0.0781325,-0.0321099,0.0392984
-0.379772,-2.69891,0.0350171,-0.0100246,0.0228932
-0.379772,-2.69891,0.0585027,-0.0215767,0.0324076
-0.379763,-2.69891,0.0325652,-0.00891744,0.0217803
-0.379763,-2.69891,0.0560508,-0.0204695,0.0312947
-0.379772,-2.69891,0.0321717,-0.00883955,0.0214811
-0.379777,-2.69891,0.0275932,-0.00726222,0.0188102
-0.379777,-2.69891,0.0510788,-0.0188143,0.0283245
-0.37972,-2.69893,0.0312321,-0.00892874,0.0204336
-0.37972,-2.69893,0.0547177,-0.0204808,0.029948
-0.379641,-2.69897,0.0318501,-0.00906598,0.0208856
-0.379641,-2.69897,0.0553357,-0.0206181,0.0304
-0.379589,-2.69899,0.0319764,-0.00902297,0.0210639
-0.379578,-2.69899,0.0275056,-0.00738117,0.0185787
-0.379578,-2.69899,0.0509912,-0.0189333,0.0280931
-0.379568,-2.69899,0.0311897,-0.0089982,0.0203072
-0.379568,-2.69899,0.0546754,-0.0205503,0.0298216
-0.379568,-2.69899,0.078161,-0.0321024,0.039336
-0.379419,-2.69906,0.0350241,-0.0100166,0.0229099
-0.379419,-2.69906,0.0585097,-0.0215687,0.0324243
-0.379399,-2.69906,0.0325681,-0.00891288,0.0217888
-0.379426,-2.69904,0.0277033,-0.00723908,0.0189483
-0.379426,-2.69904,0.051189,-0.0187912,0.0284627
-0.379442,-2.69903,0.0312638,-0.00889955,0.0205005
-0.379442,-2.69903,0.0547494,-0.0204517,0.0300149
-0.379472,-2.69901,0.0318627,-0.00904757,0.0209205
-0.379472,-2.69901,0.0553483,-0.0205997,0.0304349
-0.379472,-2.69901,0.078834,-0.0321518,0.0399492
-0.379472,-2.69901,0.10232,-0.0437039,0.0494636
-0.379527,-2.69899,0.0375201,-0.0104402,0.0248937
-0.37958,-2.69897,0.0289341,-0.00723677,0.0201819
-0.37958,-2.69897,0.0524197,-0.0187889,0.0296962
-0.379571,-2.69897,0.0315699,-0.00869461,0.0210545
-0.379571,-2.69897,0.0550555,-0.0202467,0.0305689
-0.379672,-2.69893,0.0319709,-0.00890551,0.0212005
-0.379672,-2.69893,0.0554565,-0.0204576,0.0307149
-0.379689,-2.69892,0.0320322,-0.00893194,0.0212298
-0.379689,-2.69892,0.0555178,-0.020484,0.0307442
-0.379689,-2.69892,0.0790034,-0.0320362,0.0402585
