x,y,p_xx,p_xy,p_yy
0,0,0.104241,0,0.104241
0,0,0.106763,0,0.106763
0,0,0.109762,0,0.109762
0,0,0.113405,0,0.113405
0,0,0.117845,0,0.117845
0,0,0.123245,0,0.123245
0,0,0.129765,0,0.129765
0,0,0.137565,0,0.137565
0,0,0.146809,0,0.146809
0,0,0.157654,0,0.157654
0,0,0.170266,0,0.170266
0,0,0.185003,0,0.185003
0,0,0.201383,0,0.201383
0,0,0.220239,0,0.220239
0,0,0.241475,0,0.241475
0,0,0.265243,0,0.265243
0,0,0.291785,0,0.291785
0,0,0.321514,0,0.321514
0,0,0.353613,0,0.353613
0,0,0.389258,0,0.389258
0,0,0.428234,0,0.428234
0,0,0.470762,0,0.470762
0,0,0.516904,0,0.516904
0,0,0.566966,0,0.566966
0,0,0.621051,0,0.621051
0,0,0.67921,0,0.67921
0,0,0.741716,0,0.741716
0,0,0.808732,0,0.808732
0,0,0.880355,0,0.880355
0,0,0.956905,0,0.956905
0,0,1.03826,0,1.03826
0,0,1.12478,0,1.12478
0,0,1.21649,0,1.21649
0,0,1.31381,0,1.31381
0,0,1.41675,0,1.41675
0,0,1.52536,0,1.52536
0,0,1.63984,0,1.63984
0,0,1.76028,0,1.76028
0,0,1.88721,0,1.88721
0,0,2.02043,0,2.02043
0,0,2.16017,0,2.16017
0,0,2.30682,0,2.30682
0,0,2.46011,0,2.46011
0,0,2.62049,0,2.62049
0,0,2.78797,0,2.78797
0,0,2.9629,0,2.9629
0,0,3.14533,0,3.14533
0,0,3.33598,0,3.33598
0,0,3.53401,0,3.53401
0,0,3.74,0,3.74
0,0,3.9541,0,3.9541
0,0,4.17667,0,4.17667
0,0,4.4075,0,4.4075
0,0,4.64742,0,4.64742
0,0,4.89585,0,4.89585
0,0,5.15391,0,5.15391
0,0,5.41966,0,5.41966
0,0,5.69527,0,5.69527
0,0,5.98065,0,5.98065
0,0,6.27574,0,6.27574
0,0,6.5804,0,6.5804
0,0,6.89449,0,6.89449
0,0,7.2191,0,7.2191
0,0,7.55407,0,7.55407
0,0,7.89935,0,7.89935
0,0,8.25562,0,8.25562
0,0,8.622,0,8.622
0,0,8.99874,0,8.99874
0,0,9.38775,0,9.38775
0,0,9.78721,0,9.78721
0,0,10.1975,0,10.1975
0,0,10.6206,0,10.6206
0,0,11.055,0,11.055
0,0,11.5016,0,11.5016
0,0,11.9606,0,11.9606
0,0,12.4294,0,12.4294
0,0,12.9113,0,12.9113
0,0,13.4063,0,13.4063
0,0,13.9144,0,13.9144
0,0,14.4362,0,14.4362
0,0,14.9681,0,14.9681
0,0,15.5151,0,15.5151
0,0,16.0739,0,16.0739
0,0,16.6477,0,16.6477
0,0,17.2347,0,17.2347
0,0,17.8347,0,17.8347
0,0,18.4493,0,18.4493
0,0,19.0811,0,19.0811
0,0,19.7205,0,19.7205
0,0,20.3772,0,20.3772
0,0,21.0499,0,21.0499
0,0,21.735,0,21.735
0,0,22.4371,0,22.4371
0,0,23.1547,0,23.1547
0,0,23.8855,0,23.8855
0,0,24.6331,0,24.6331
0,0,25.3964,0,25.3964
-0.000419803,-6.63005e-06,7.00992,0,7.00992
-0.000428332,-6.76474e-06,7.01785,0,7.01785
-9.76504e-05,-1.28306e-06,6.99089,0,6.99089
-8.24486e-05,-1.02487e-06,6.99428,0,6.99428
-0.00012986,-1.82572e-06,6.99517,0,6.99517
-9.94372e-05,-1.32503e-06,6.99729,0,6.99729
-8.31383e-05,-1.0563e-06,6.99948,0,6.99948
-3.79804e-05,-3.42888e-07,7.00162,0,7.00162
2.94169e-06,3.05363e-07,7.00378,0,7.00378
-1.59377e-05,8.98506e-09,7.00591,0,7.00591
-2.92791e-05,-1.99906e-07,7.00806,0,7.00806
-0.000100075,-1.31313e-06,7.01019,0,7.01019
-0.000166434,-2.35652e-06,7.01234,0,7.01234
-0.000156494,-2.19131e-06,7.01447,0,7.01447
-0.000152296,-2.1171e-06,7.01662,0,7.01662
-0.000172082,-2.43112e-06,7.01875,0,7.01875
-0.000142536,-1.95725e-06,7.02085,0,7.02085
-9.84399e-05,-1.25107e-06,7.02295,0,7.02295
-7.22906e-05,-8.30634e-07,7.02508,0,7.02508
-4.69836e-05,-4.23615e-07,7.02721,0,7.02721
-6.34223e-05,-6.9546e-07,7.02934,0,7.02934
-6.9525e-05,-7.96664e-07,7.03144,0,7.03144
-7.29681e-05,-8.53802e-07,7.03354,0,7.03354
-5.13778e-05,-4.84615e-07,7.03566,0,7.03566
-2.86219e-05,-9.55755e-08,7.0378,0,7.0378
-8.55859e-05,-1.05682e-06,7.03993,0,7.03993
-0.000138622,-1.95154e-06,7.04207,0,7.04207
-7.74794e-05,-9.48858e-07,7.0442,0,7.0442
-2.42741e-05,-7.80493e-08,7.04635,0,7.04635
-3.87991e-05,-3.27814e-07,7.04848,0,7.04848
-4.83419e-05,-4.95188e-07,7.05063,0,7.05063
-8.01924e-05,-1.01553e-06,7.05276,0,7.05276
-0.000110385,-1.50965e-06,7.05491,0,7.05491
-7.33361e-05,-8.95487e-07,7.05704,0,7.05704
-6.45368e-05,-7.5137e-07,7.05914,0,7.05914
-6.30554e-05,-7.2922e-07,7.06124,0,7.06124
-2.91832e-05,-1.28457e-07,7.06336,0,7.06336
6.42803e-06,5.03335e-07,7.0655,0,7.0655
5.25664e-05,1.29776e-06,7.06763,0,7.06763
6.30559e-05,1.47471e-06,7.06972,0,7.06972
6.19992e-05,1.4513e-06,7.07183,0,7.07183
7.84974e-05,1.74037e-06,7.07395,0,7.07395
9.57295e-05,2.04252e-06,7.07608,0,7.07608
9.93304e-05,2.10575e-06,7.07821,0,7.07821
8.44444e-05,1.83818e-06,7.08031,0,7.08031
6.33113e-05,1.4589e-06,7.08241,0,7.08241
1.38909e-05,6.15458e-07,7.08453,0,7.08453
-3.66175e-05,-2.45698e-07,7.08667,0,7.08667
-6.21896e-05,-7.01917e-07,7.0888,0,7.0888
-8.88347e-05,-1.17539e-06,7.09094,0,7.09094
-9.36064e-05,-1.26026e-06,7.09308,0,7.09308
-9.98322e-05,-1.37096e-06,7.09522,0,7.09522
-9.55918e-05,-1.30105e-06,7.09736,0,7.09736
-9.2134e-05,-1.24463e-06,7.0995,0,7.0995
-0.000126674,-1.79451e-06,7.10164,0,7.10164
-0.000112541,-1.60004e-06,7.10373,0,7.10373
-8.42424e-05,-1.1895e-06,7.10584,0,7.10584
-4.16593e-05,-5.81383e-07,7.10796,0,7.10796
2.24317e-06,4.52897e-08,7.1101,0,7.1101
-1.59003e-05,-2.36427e-07,7.11222,0,7.11222
-3.06517e-05,-4.68857e-07,7.11437,0,7.11437
-5.49052e-05,-8.53221e-07,7.1165,0,7.1165
-5.70808e-05,-8.8878e-07,7.1186,0,7.1186
-5.25561e-05,-8.18526e-07,7.1207,0,7.1207
-4.09008e-06,-3.18903e-08,7.12284,0,7.12284
3.84016e-05,6.57996e-07,7.12496,0,7.12496
4.97375e-05,8.41974e-07,7.12709,0,7.12709
7.33378e-05,1.21776e-06,7.12919,0,7.12919
0.000100309,1.64594e-06,7.13129,0,7.13129
0.000127487,2.07739e-06,7.13355,0,7.13355
0.000128558,2.09567e-06,7.13569,0,7.13569
0.000120519,1.96253e-06,7.1378,0,7.1378
0.000110939,1.80432e-06,7.13992,0,7.13992
6.94108e-05,1.11249e-06,7.14204,0,7.14204
5.33298e-05,8.46425e-07,7.14413,0,7.14413
4.71037e-05,7.45198e-07,7.14623,0,7.14623
5.95188e-05,9.53416e-07,7.14835,0,7.14835
7.28451e-05,1.17676e-06,7.15049,0,7.15049
-1.59106e-05,-3.35871e-07,7.15269,0,7.15269
-1.96188e-05,-3.96627e-07,7.15475,0,7.15475
-2.55826e-05,-4.9482e-07,7.15685,0,7.15685
-8.66732e-05,-1.54607e-06,7.15897,0,7.15897
-0.000150628,-2.64685e-06,7.1611,0,7.1611
-0.000170357,-2.9893e-06,7.16324,0,7.16324
-0.000192589,-3.37478e-06,7.16539,0,7.16539
-0.000235525,-4.12963e-06,7.16751,0,7.16751
-0.000278109,-4.87782e-06,7.16966,0,7.16966
-0.000317443,-5.58332e-06,7.17179,0,7.17179
-0.000357263,-6.29635e-06,7.17394,0,7.17394
-0.000371289,-6.54998e-06,7.17607,0,7.17607
-0.000364331,-6.42146e-06,7.17816,0,7.17816
-0.00035023,-6.16308e-06,7.18027,0,7.18027
-0.000336288,-5.90759e-06,7.18253,0,7.18253
-0.000346769,-6.0973e-06,7.18466,0,7.18466
-0.00035026,-6.1596e-06,7.18685,0,7.18685
-0.00039721,-6.99441e-06,7.18899,0,7.18899
-0.00040643,-7.16352e-06,7.19109,0,7.19109
-0.000408245,-7.20221e-06,7.1932,0,7.1932
-0.000381294,-6.72558e-06,7.19532,0,7.19532
-0.000353171,-6.228e-06,7.19746,0,7.19746
-0.000306649,-5.39914e-06,7.19959,0,7.19959
-0.00026084,-4.58317e-06,7.20173,0,7.20173
-0.000256242,-4.5009e-06,7.20386,0,7.20386
-0.000247812,-4.35035e-06,7.20604,0,7.20604
-0.000297372,-5.23952e-06,7.20814,0,7.20814
-0.000341296,-6.02702e-06,7.21023,0,7.21023
-0.000383995,-6.79235e-06,7.21234,0,7.21234
-0.000396076,-7.00982e-06,7.21448,0,7.21448
-0.000403103,-7.13655e-06,7.2166,0,7.2166
-0.000363088,-6.43644e-06,7.21873,0,7.21873
-0.000325039,-5.77089e-06,7.22088,0,7.22088
-0.000282836,-5.03267e-06,7.22324,0,7.22324
-0.000228382,-4.00297e-06,7.22532,0,7.22532
-0.000176488,-3.04262e-06,7.22751,0,7.22751
-0.000193487,-3.37652e-06,7.22965,0,7.22965
-0.000178369,-3.09252e-06,7.23175,0,7.23175
-0.000158389,-2.71376e-06,7.23386,0,7.23386
-0.000149312,-2.54015e-06,7.23598,0,7.23598
-0.000108895,-1.73612e-06,7.23808,0,7.23808
-5.67837e-05,-6.96863e-07,7.24017,0,7.24017
-4.28706e-06,3.50072e-07,7.24243,0,7.24243
4.8225e-05,1.39731e-06,7.24502,0,7.24502
0.000137381,2.96134e-06,7.24701,0,7.24701
0.00017725,3.68069e-06,7.24914,0,7.24914
0.0002252,4.54851e-06,7.25129,0,7.25129
0.0002778,5.46308e-06,7.2534,0,7.2534
0.00033484,6.45789e-06,7.25553,0,7.25553
0.00038403,7.3231e-06,7.25767,0,7.25767
0.00043375,8.19716e-06,7.25981,0,7.25981
0.000396034,7.55049e-06,7.26194,0,7.26194
0.000379313,7.26436e-06,7.26404,0,7.26404
0.000367092,7.0551e-06,7.26614,0,7.26614
0.000354892,6.84622e-06,7.26841,0,7.26841
0.000373152,7.15349e-06,7.27054,0,7.27054
0.000405405,7.69146e-06,7.27265,0,7.27265
0.000415403,7.86204e-06,7.27473,0,7.27473
0.000412268,7.81568e-06,7.27683,0,7.27683
0.000395752,7.54768e-06,7.27895,0,7.27895
0.000378224,7.26291e-06,7.28108,0,7.28108
0.000360634,6.97714e-06,7.28339,0,7.28339
0.000433208,8.17073e-06,7.28551,0,7.28551
0.000476702,8.88717e-06,7.2877,0,7.2877
0.000520299,9.60532e-06,7.29008,0,7.29008
0.000435254,8.14943e-06,7.29218,0,7.29218
0.000398188,7.50442e-06,7.29439,0,7.29439
0.000390045,7.36917e-06,7.29653,0,7.29653
0.000376456,7.13792e-06,7.29869,0,7.29869
0.000339209,6.51324e-06,7.30083,0,7.30083
0.000335968,6.45917e-06,7.30293,0,7.30293
0.000341747,6.55656e-06,7.30503,0,7.30503
0.000347544,6.65426e-06,7.30729,0,7.30729
0.000323466,6.25881e-06,7.30943,0,7.30943
0.000299858,5.86744e-06,7.31157,0,7.31157
0.00028152,5.56296e-06,7.31366,0,7.31366
0.000267716,5.32999e-06,7.31579,0,7.31579
0.000254098,5.10003e-06,7.31792,0,7.31792
0.000331313,6.41278e-06,7.32005,0,7.32005
0.000380596,7.25727e-06,7.32215,0,7.32215
0.000424267,8.00888e-06,7.32426,0,7.32426
0.000464225,8.69656e-06,7.32651,0,7.32651
0.000439323,8.25955e-06,7.32864,0,7.32864
0.000450693,8.45324e-06,7.33075,0,7.33075
0.000463818,8.67754e-06,7.33287,0,7.33287
0.00047687,8.9006e-06,7.33515,0,7.33515
0.000524276,9.69113e-06,7.33728,0,7.33728
0.000561384,1.03115e-05,7.33947,0,7.33947
0.00047951,8.93827e-06,7.34161,0,7.34161
0.000416549,7.8819e-06,7.34376,0,7.34376
0.000350036,6.77285e-06,7.3459,0,7.3459
0.000283589,5.66426e-06,7.34805,0,7.34805
0.000217518,4.56195e-06,7.35037,0,7.35037
0.000211992,4.47008e-06,7.35249,0,7.35249
0.000236162,4.87572e-06,7.35461,0,7.35461
0.000261694,5.3022e-06,7.35669,0,7.35669
0.000286606,5.71736e-06,7.35878,0,7.35878
0.000311405,6.13061e-06,7.36104,0,7.36104
0.000336351,6.54632e-06,7.36361,0,7.36361
0.000349984,6.81646e-06,7.3656,0,7.3656
0.000345814,6.74576e-06,7.36773,0,7.36773
0.000344015,6.71707e-06,7.36987,0,7.36987
0.000292012,5.83144e-06,7.372,0,7.372
0.000245162,5.04696e-06,7.37409,0,7.37409
0.000199577,4.28858e-06,7.37619,0,7.37619
0.000153773,3.52654e-06,7.37846,0,7.37846
0.000163204,3.68582e-06,7.38059,0,7.38059
0.000154968,3.55103e-06,7.38285,0,7.38285
0.000150538,3.47852e-06,7.3851,0,7.3851
0.00014202,3.32261e-06,7.38722,0,7.38722
0.000142402,3.32902e-06,7.38934,0,7.38934
0.000143177,3.3424e-06,7.39146,0,7.39146
0.000151877,3.49567e-06,7.39358,0,7.39358
0.00014809,3.43334e-06,7.39571,0,7.39571
0.000141039,3.31335e-06,7.39779,0,7.39779
0.000146359,3.40772e-06,7.3999,0,7.3999
0.000152856,3.52242e-06,7.40204,0,7.40204
9.98186e-05,2.63524e-06,7.40416,0,7.40416
4.90335e-05,1.78598e-06,7.40631,0,7.40631
5.32868e-05,1.84435e-06,7.40844,0,7.40844
5.38422e-05,1.84166e-06,7.41059,0,7.41059
9.13349e-05,2.42976e-06,7.41272,0,7.41272
0.000136631,3.13915e-06,7.41493,0,7.41493
0.000149651,3.3548e-06,7.417,0,7.417
0.000150557,3.36208e-06,7.41909,0,7.41909
0.000142868,3.22733e-06,7.42119,0,7.42119
0.000145907,3.28035e-06,7.42331,0,7.42331
0.000149487,3.34285e-06,7.42544,0,7.42544
0.000187051,4.00955e-06,7.42757,0,7.42757
0.000223159,4.65037e-06,7.42972,0,7.42972
0.000258891,5.28451e-06,7.43203,0,7.43203
0.000187152,4.08051e-06,7.43415,0,7.43415
0.000150978,3.4848e-06,7.43635,0,7.43635
0.000155044,3.5517e-06,7.43852,0,7.43852
0.000153618,3.52818e-06,7.44066,0,7.44066
0.000152032,3.50201e-06,7.44299,0,7.44299
0.000190139,4.09448e-06,7.44511,0,7.44511
0.00017425,3.84506e-06,7.44728,0,7.44728
0.000160407,3.62837e-06,7.44937,0,7.44937
0.000161667,3.64968e-06,7.45149,0,7.45149
0.000163734,3.6837e-06,7.45363,0,7.45363
0.000164966,3.7033e-06,7.45576,0,7.45576
0.000155722,3.55816e-06,7.45785,0,7.45785
0.000148105,3.43853e-06,7.45993,0,7.45993
0.000143755,3.37023e-06,7.46202,0,7.46202
0.000139874,3.30929e-06,7.46425,0,7.46425
0.000147938,3.43605e-06,7.46639,0,7.46639
0.00014457,3.37781e-06,7.4685,0,7.4685
0.000140276,3.30441e-06,7.47061,0,7.47061
0.000135986,3.23108e-06,7.47289,0,7.47289
0.000146134,3.41217e-06,7.47502,0,7.47502
0.000151965,3.51718e-06,7.47721,0,7.47721
9.79642e-05,2.55961e-06,7.47935,0,7.47935
6.06646e-05,1.90652e-06,7.48145,0,7.48145
2.49738e-05,1.28393e-06,7.48356,0,7.48356
6.29983e-05,1.91422e-06,7.48568,0,7.48568
0.000103438,2.58558e-06,7.48782,0,7.48782
0.000124301,2.9304e-06,7.49003,0,7.49003
0.000134366,3.09662e-06,7.49213,0,7.49213
0.0001489,3.33669e-06,7.49443,0,7.49443
0.000185236,3.91399e-06,7.49656,0,7.49656
0.000214696,4.38499e-06,7.49875,0,7.49875
0.000243988,4.85333e-06,7.50113,0,7.50113
0.000269858,5.23265e-06,7.50323,0,7.50323
0.000296463,5.6369e-06,7.50544,0,7.50544
0.000337046,6.27862e-06,7.50758,0,7.50758
0.000375523,6.88031e-06,7.50968,0,7.50968
0.000383871,7.00763e-06,7.51176,0,7.51176
0.000373519,6.84095e-06,7.51385,0,7.51385
0.000337579,6.28427e-06,7.51597,0,7.51597
0.000305982,5.79335e-06,7.51806,0,7.51806
0.000277063,5.34303e-06,7.52016,0,7.52016
0.00032168,6.06826e-06,7.52228,0,7.52228
0.000371367,6.87486e-06,7.52441,0,7.52441
0.000363218,6.74761e-06,7.52654,0,7.52654
0.000358068,6.66884e-06,7.52868,0,7.52868
0.000362975,6.75073e-06,7.53082,0,7.53082
0.000367191,6.82155e-06,7.53296,0,7.53296
0.000328543,6.17909e-06,7.53509,0,7.53509
0.000292845,5.58572e-06,7.53724,0,7.53724
0.000286103,5.47346e-06,7.53937,0,7.53937
0.000270995,5.21743e-06,7.54147,0,7.54147
0.000253914,4.92717e-06,7.54357,0,7.54357
0.000724582,1.29077e-05,7.5457,0,7.5457
0.00164274,2.82172e-05,7.54779,0,7.54779
0.00273048,4.62992e-05,7.54989,0,7.54989
0.00453118,7.63848e-05,7.55201,0,7.55201
0.00637139,0.000107135,7.55414,0,7.55414
0.00889018,0.000149565,7.55627,0,7.55627
0.0113812,0.000191514,7.55841,0,7.55841
0.0142689,0.000240596,7.56055,0,7.56055
0.0175088,0.000295632,7.56272,0,7.56272
0.0201018,0.000339814,7.56482,0,7.56482
0.0230619,0.00039023,7.56697,0,7.56697
0.0260173,0.000439117,7.5691,0,7.5691
0.0292733,0.00049308,7.57126,0,7.57126
0.0319656,0.000539121,7.57337,0,7.57337
0.0349871,0.000590058,7.57547,0,7.57547
0.038007,0.000640793,7.57757,0,7.57757
0.0410139,0.000691309,7.57983,0,7.57983
0.0439916,0.000744487,7.58197,0,7.58197
0.0469842,0.000797021,7.58415,0,7.58415
0.0499339,0.00084951,7.58629,0,7.58629
0.0531748,0.000906555,7.58841,0,7.58841
0.0558871,0.000954175,7.5905,0,7.5905
0.0588731,0.00100574,7.59263,0,7.59263
0.0621633,0.00106251,7.59478,0,7.59478
0.0648377,0.00110669,7.59689,0,7.59689
0.0678406,0.00115655,7.59903,0,7.59903
0.0708133,0.00120554,7.60116,0,7.60116
0.0738329,0.00125555,7.60326,0,7.60326
0.0768547,0.00130566,7.60536,0,7.60536
0.0798775,0.00135724,7.60748,0,7.60748
0.0828719,0.00140848,7.60957,0,7.60957
0.0859008,0.00146035,7.61167,0,7.61167
0.0888953,0.00151163,7.61393,0,7.61393
0.091914,0.00156585,7.61606,0,7.61606
0.0949478,0.00161963,7.61825,0,7.61825
0.0979423,0.00167133,7.62039,0,7.62039
0.100955,0.00172357,7.62255,0,7.62255
0.103961,0.0017747,7.62468,0,7.62468
0.106982,0.0018262,7.62683,0,7.62683
0.110499,0.00188666,7.629,0,7.629
0.113,0.00192964,7.63113,0,7.63113
0.116015,0.00198146,7.63344,0,7.63344
0.119084,0.00203503,7.63556,0,7.63556
0.122142,0.00208746,7.63768,0,7.63768
0.125204,0.00213994,7.6398,0,7.6398
0.1282,0.00218982,7.64193,0,7.64193
0.131246,0.00224048,7.64402,0,7.64402
0.134206,0.0022897,7.64612,0,7.64612
0.137235,0.00234073,7.64824,0,7.64824
0.140248,0.00239153,7.65037,0,7.65037
0.143264,0.00244291,7.65251,0,7.65251
0.146288,0.00249441,7.65465,0,7.65465
0.14928,0.00254537,7.65697,0,7.65697
0.152289,0.00259661,7.65961,0,7.65961
0.156381,0.00267708,7.66156,0,7.66156
0.160591,0.00275558,7.66369,0,7.66369
0.165147,0.00284144,7.66579,0,7.66579
0.169886,0.00293104,7.66789,0,7.66789
0.174612,0.0030204,7.67014,0,7.67014
0.180292,0.00312384,7.67228,0,7.67228
0.185698,0.00322323,7.67446,0,7.67446
0.191476,0.00331682,7.6766,0,7.6766
0.197169,0.00341085,7.67876,0,7.67876
0.203075,0.00348188,7.68089,0,7.68089
0.209079,0.00353659,7.68299,0,7.68299
0.216925,0.0036006,7.68514,0,7.68514
0.222045,0.00359301,7.68723,0,7.68723
0.227722,0.00359032,7.68934,0,7.68934
0.234251,0.00347336,7.69147,0,7.69147
0.240799,0.00335801,7.69361,0,7.69361
0.247692,0.00305883,7.69574,0,7.69574
0.25456,0.00277112,7.69789,0,7.69789
0.261604,0.00234218,7.70002,0,7.70002
0.26862,0.00183068,7.70212,0,7.70212
0.275661,0.00128831,7.70422,0,7.70422
0.282637,0.000618786,7.70634,0,7.70634
0.289597,-0.00012835,7.70843,0,7.70843
0.296582,-0.000906886,7.71053,0,7.71053
0.30358,-0.00168683,7.71279,0,7.71279
0.310518,-0.00273876,7.71492,0,7.71492
0.317476,-0.00371434,7.71711,0,7.71711
0.324394,-0.00493459,7.71925,0,7.71925
0.331696,-0.00618134,7.72142,0,7.72142
0.338276,-0.00744196,7.72354,0,7.72354
0.345179,-0.00884267,7.72564,0,7.72564
0.352136,-0.0102844,7.72774,0,7.72774
0.36208,-0.012515,7.72997,0,7.72997
0.365764,-0.0133527,7.73205,0,7.73205
0.3726,-0.0149072,7.73434,0,7.73434
0.380501,-0.0171132,7.73652,0,7.73652
0.386149,-0.018615,7.73869,0,7.73869
0.392857,-0.0205736,7.74082,0,7.74082
0.39959,-0.0226075,7.74293,0,7.74293
0.406296,-0.0246562,7.74503,0,7.74503
0.412946,-0.0268478,7.74715,0,7.74715
0.419607,-0.0290487,7.74929,0,7.74929
0.426197,-0.0313797,7.75142,0,7.75142
0.432801,-0.0337079,7.75357,0,7.75357
0.439412,-0.036225,7.7557,0,7.7557
0.446004,-0.0387217,7.75784,0,7.75784
0.452451,-0.0413977,7.75998,0,7.75998
0.458923,-0.0440662,7.76212,0,7.76212
0.465271,-0.0468961,7.76426,0,7.76426
0.471643,-0.0497201,7.7664,0,7.7664
0.477941,-0.0526881,7.76854,0,7.76854
0.484219,-0.0557383,7.77063,0,7.77063
0.490527,-0.0588357,7.77274,0,7.77274
0.496783,-0.0620777,7.77486,0,7.77486
0.503014,-0.0653145,7.77699,0,7.77699
0.509142,-0.0686583,7.77913,0,7.77913
0.515242,-0.0719791,7.78127,0,7.78127
0.521277,-0.0754715,7.7834,0,7.7834
0.527307,-0.0789469,7.78555,0,7.78555
0.53327,-0.0826324,7.78768,0,7.78768
0.539265,-0.0863196,7.78983,0,7.78983
0.54511,-0.0900834,7.79196,0,7.79196
0.550959,-0.0939353,7.79406,0,7.79406
0.556801,-0.0978134,7.79616,0,7.79616
0.562652,-0.101698,7.79843,0,7.79843
0.569541,-0.106661,7.80063,0,7.80063
0.573934,-0.109911,7.80271,0,7.80271
0.579569,-0.114058,7.80483,0,7.80483
0.585217,-0.118213,7.8071,0,7.8071
0.590704,-0.122577,7.80923,0,7.80923
0.596149,-0.126963,7.81135,0,7.81135
0.601612,-0.131376,7.81346,0,7.81346
0.607019,-0.135926,7.81559,0,7.81559
0.612323,-0.140512,7.81768,0,7.81768
0.61763,-0.145146,7.81978,0,7.81978
0.62281,-0.149866,7.8219,0,7.8219
0.628535,-0.155092,7.82406,0,7.82406
0.633164,-0.159318,7.82633,0,7.82633
0.638334,-0.164039,7.82895,0,7.82895
0.643043,-0.169173,7.83091,0,7.83091
0.647934,-0.174236,7.83304,0,7.83304
0.652787,-0.179347,7.83514,0,7.83514
0.657611,-0.184468,7.83724,0,7.83724
0.662324,-0.189649,7.83936,0,7.83936
0.666997,-0.194916,7.84145,0,7.84145
0.671636,-0.200191,7.84355,0,7.84355
0.676277,-0.205471,7.8458,0,7.8458
0.680932,-0.210766,7.84839,0,7.84839
0.685137,-0.216304,7.85038,0,7.85038
0.689449,-0.221821,7.85251,0,7.85251
0.69378,-0.227339,7.85464,0,7.85464
0.698003,-0.232973,7.85677,0,7.85677
0.702344,-0.238756,7.85892,0,7.85892
0.706255,-0.244306,7.86104,0,7.86104
0.710237,-0.250057,7.86314,0,7.86314
0.714219,-0.25585,7.86524,0,7.86524
0.718125,-0.261727,7.86736,0,7.86736
0.721933,-0.2676,7.86945,0,7.86945
0.725726,-0.273506,7.87155,0,7.87155
0.729374,-0.279457,7.87367,0,7.87367
0.733019,-0.285416,7.87581,0,7.87581
0.736561,-0.291504,7.87794,0,7.87794
0.740078,-0.297535,7.88008,0,7.88008
0.74347,-0.303691,7.88221,0,7.88221
0.746875,-0.309847,7.88436,0,7.88436
0.750131,-0.316071,7.88649,0,7.88649
0.753327,-0.322344,7.88859,0,7.88859
0.756498,-0.328627,7.89069,0,7.89069
0.759509,-0.334952,7.89282,0,7.89282
0.762528,-0.341308,7.89495,0,7.89495
0.76554,-0.34765,7.89726,0,7.89726
0.768228,-0.354175,7.89938,0,7.89938
0.771028,-0.360657,7.90158,0,7.90158
0.773816,-0.36711,7.90395,0,7.90395
0.776293,-0.373629,7.90606,0,7.90606
0.778802,-0.380212,7.90818,0,7.90818
0.781487,-0.387263,7.91031,0,7.91031
0.783816,-0.393375,7.91257,0,7.91257
0.786014,-0.399987,7.9147,0,7.9147
0.788229,-0.40664,7.91682,0,7.91682
0.790378,-0.413324,7.9189,0,7.9189
0.792504,-0.42005,7.92099,0,7.92099
0.794489,-0.426738,7.92311,0,7.92311
0.796477,-0.433462,7.92524,0,7.92524
0.79833,-0.440161,7.92737,0,7.92737
0.800196,-0.446887,7.92952,0,7.92952
0.802062,-0.453613,7.93183,0,7.93183
0.803943,-0.460391,7.93449,0,7.93449
0.805253,-0.467234,7.93643,0,7.93643
0.806732,-0.474152,7.93856,0,7.93856
0.808222,-0.481042,7.9407,0,7.9407
0.809537,-0.48787,7.94283,0,7.94283
0.81087,-0.49476,7.94497,0,7.94497
0.812044,-0.501653,7.9471,0,7.9471
0.813152,-0.508594,7.9492,0,7.9492
0.814227,-0.515498,7.9513,0,7.9513
0.815415,-0.523979,7.95347,0,7.95347
0.81617,-0.52944,7.95558,0,7.95558
0.816971,-0.536382,7.95771,0,7.95771
0.817786,-0.543395,7.95985,0,7.95985
0.818442,-0.550365,7.96198,0,7.96198
0.819111,-0.557365,7.96413,0,7.96413
0.819592,-0.56438,7.96626,0,7.96626
0.820086,-0.571401,7.96841,0,7.96841
0.820427,-0.578381,7.97054,0,7.97054
0.820816,-0.586099,7.97271,0,7.97271
0.820949,-0.592328,7.97482,0,7.97482
0.821135,-0.599634,7.97697,0,7.97697
0.821156,-0.606422,7.97909,0,7.97909
0.821192,-0.61347,7.98124,0,7.98124
0.821227,-0.620518,7.98355,0,7.98355
0.820935,-0.627539,7.98567,0,7.98567
0.820649,-0.634586,7.98779,0,7.98779
0.820359,-0.641623,7.98991,0,7.98991
0.819909,-0.648675,7.99204,0,7.99204
0.819463,-0.655675,7.99418,0,7.99418
0.818899,-0.662645,7.99631,0,7.99631
0.81834,-0.669635,7.99845,0,7.99845
0.817783,-0.676606,8.00077,0,8.00077
0.816814,-0.683521,8.00289,0,8.00289
0.815945,-0.69076,8.0051,0,8.0051
0.815088,-0.6979,8.00749,0,8.00749
0.814015,-0.704388,8.00957,0,8.00957
0.812794,-0.711994,8.01171,0,8.01171
0.811702,-0.718291,8.01378,0,8.01378
0.810464,-0.725243,8.01587,0,8.01587
0.809223,-0.73221,8.01813,0,8.01813
0.807747,-0.73901,8.02026,0,8.02026
0.806335,-0.745862,8.02245,0,8.02245
0.804734,-0.752686,8.02458,0,8.02458
0.803055,-0.759527,8.02669,0,8.02669
0.801387,-0.766218,8.02879,0,8.02879
0.799539,-0.773047,8.03091,0,8.03091
0.797688,-0.779867,8.03305,0,8.03305
0.795706,-0.786536,8.03518,0,8.03518
0.79373,-0.793214,8.03732,0,8.03732
0.791599,-0.799904,8.03946,0,8.03946
0.789398,-0.806532,8.04155,0,8.04155
0.787166,-0.813166,8.04366,0,8.04366
0.784788,-0.819787,8.04578,0,8.04578
0.782404,-0.826409,8.04791,0,8.04791
0.780028,-0.833008,8.05022,0,8.05022
0.777318,-0.839463,8.05234,0,8.05234
0.774605,-0.845942,8.05446,0,8.05446
0.771885,-0.85242,8.05658,0,8.05658
0.769014,-0.858893,8.05871,0,8.05871
0.766161,-0.865324,8.06085,0,8.06085
0.763137,-0.871641,8.06298,0,8.06298
0.760046,-0.877926,8.06507,0,8.06507
0.7569,-0.884259,8.06717,0,8.06717
0.753636,-0.890489,8.0693,0,8.0693
0.75037,-0.89671,8.07143,0,8.07143
0.746952,-0.902792,8.07356,0,8.07356
0.743533,-0.908896,8.0757,0,8.0757
0.739984,-0.914921,8.07784,0,8.07784
0.736354,-0.920921,8.07993,0,8.07993
0.732707,-0.926894,8.08204,0,8.08204
0.728952,-0.932714,8.08416,0,8.08416
0.725173,-0.938558,8.08629,0,8.08629
0.721251,-0.944332,8.08842,0,8.08842
0.717257,-0.95005,8.09052,0,8.09052
0.712188,-0.957238,8.09266,0,8.09266
0.709111,-0.96137,8.09474,0,8.09474
0.704959,-0.966986,8.09686,0,8.09686
0.700635,-0.972519,8.09899,0,8.09899
0.696251,-0.977955,8.10108,0,8.10108
0.691802,-0.983411,8.10319,0,8.10319
0.687402,-0.988807,8.10545,0,8.10545
0.68273,-0.99393,8.10758,0,8.10758
0.678117,-0.999153,8.10977,0,8.10977
0.673293,-1.0042,8.11191,0,8.11191
0.668476,-1.00931,8.11406,0,8.11406
0.663464,-1.01427,8.1162,0,8.1162
0.658479,-1.01923,8.11835,0,8.11835
0.653361,-1.02402,8.12048,0,8.12048
0.64822,-1.02886,8.12263,0,8.12263
0.643028,-1.03351,8.12476,0,8.12476
0.637877,-1.03814,8.12691,0,8.12691
0.632566,-1.04266,8.12904,0,8.12904
0.627274,-1.04718,8.13119,0,8.13119
0.621839,-1.0516,8.13332,0,8.13332
0.61637,-1.05596,8.13542,0,8.13542
0.610899,-1.06029,8.13752,0,8.13752
0.605347,-1.06452,8.13964,0,8.13964
0.599727,-1.06866,8.14173,0,8.14173
0.594068,-1.07279,8.14383,0,8.14383
0.588413,-1.07692,8.14609,0,8.14609
0.582757,-1.08104,8.14867,0,8.14867
0.576775,-1.08469,8.15067,0,8.15067
0.570927,-1.08842,8.1528,0,8.1528
0.565029,-1.0922,8.15493,0,8.15493
0.558966,-1.09585,8.15706,0,8.15706
0.552813,-1.09956,8.1592,0,8.1592
0.54688,-1.10314,8.16151,0,8.16151
0.540753,-1.10683,8.16417,0,8.16417
0.534607,-1.1099,8.16611,0,8.16611
0.528435,-1.11315,8.16824,0,8.16824
0.522197,-1.11636,8.17033,0,8.17033
0.515947,-1.11953,8.17243,0,8.17243
0.509579,-1.12257,8.17455,0,8.17455
0.503216,-1.12561,8.17668,0,8.17668
0.49687,-1.12863,8.17899,0,8.17899
0.490434,-1.13132,8.18111,0,8.18111
0.483999,-1.13402,8.18323,0,8.18323
0.476891,-1.13699,8.18537,0,8.18537
0.46949,-1.13991,8.18753,0,8.18753
0.464636,-1.14183,8.18963,0,8.18963
0.458575,-1.14405,8.19176,0,8.19176
0.452881,-1.14607,8.19385,0,8.19385
0.447336,-1.14802,8.19595,0,8.19595
0.442423,-1.14965,8.19808,0,8.19808
0.437521,-1.15127,8.20021,0,8.20021
0.433318,-1.15258,8.20234,0,8.20234
0.428448,-1.1541,8.20451,0,8.20451
0.425457,-1.15498,8.20662,0,8.20662
0.420011,-1.1566,8.20886,0,8.20886
0.418194,-1.15713,8.21101,0,8.21101
0.414566,-1.15821,8.21358,0,8.21358
0.41206,-1.15879,8.21557,0,8.21557
0.409453,-1.15946,8.2177,0,8.2177
0.406987,-1.16009,8.21979,0,8.21979
0.404755,-1.16064,8.22187,0,8.22187
0.402632,-1.16116,8.22395,0,8.22395
0.400719,-1.16163,8.22607,0,8.22607
0.398819,-1.16209,8.2282,0,8.2282
0.396925,-1.16254,8.2305,0,8.2305
0.395373,-1.16292,8.23263,0,8.23263
0.393943,-1.16327,8.23474,0,8.23474
0.392527,-1.16362,8.23686,0,8.23686
0.391378,-1.16391,8.23899,0,8.23899
0.390454,-1.16415,8.24108,0,8.24108
0.389606,-1.16437,8.24318,0,8.24318
0.388695,-1.16461,8.24547,0,8.24547
0.388446,-1.16469,8.24758,0,8.24758
0.388264,-1.16474,8.24969,0,8.24969
0.388109,-1.16479,8.2518,0,8.2518
0.388053,-1.1648,8.25393,0,8.25393
0.387998,-1.16482,8.25607,0,8.25607
0.388012,-1.16481,8.2582,0,8.2582
0.388034,-1.1648,8.26033,0,8.26033
0.388052,-1.1648,8.26241,0,8.26241
0.388046,-1.1648,8.26452,0,8.26452
0.388038,-1.1648,8.26666,0,8.26666
0.388031,-1.16481,8.26896,0,8.26896
0.388023,-1.16481,8.27109,0,8.27109
0.388016,-1.16481,8.2732,0,8.2732
0.38801,-1.16482,8.27532,0,8.27532
0.38803,-1.16481,8.27745,0,8.27745
0.38805,-1.1648,8.27958,0,8.27958
0.388023,-1.16481,8.28172,0,8.28172
0.388017,-1.16481,8.28381,0,8.28381
0.388017,-1.16481,8.28592,0,8.28592
0.38803,-1.16481,8.28804,0,8.28804
0.388042,-1.1648,8.29017,0,8.29017
0.387981,-1.16484,8.2923,0,8.2923
0.387964,-1.16485,8.2944,0,8.2944
0.387962,-1.16485,8.2965,0,8.2965
0.387959,-1.16485,8.29876,0,8.29876
0.388061,-1.16478,8.30089,0,8.30089
0.388079,-1.16477,8.30301,0,8.30301
0.388092,-1.16476,8.30514,0,8.30514
0.388089,-1.16476,8.30724,0,8.30724
0.388086,-1.16476,8.30938,0,8.30938
0.388126,-1.16473,8.31151,0,8.31151
0.388164,-1.1647,8.31365,0,8.31365
0.388202,-1.16467,8.31597,0,8.31597
0.38824,-1.16465,8.31862,0,8.31862
0.388084,-1.16478,8.32057,0,8.32057
0.388023,-1.16483,8.32282,0,8.32282
0.387952,-1.16489,8.32535,0,8.32535
0.388024,-1.16483,8.32735,0,8.32735
0.388032,-1.16482,8.32947,0,8.32947
0.38804,-1.16481,8.3316,0,8.3316
0.388071,-1.16478,8.33372,0,8.33372
0.388102,-1.16475,8.33586,0,8.33586
0.388133,-1.16472,8.33818,0,8.33818
0.388165,-1.16469,8.34082,0,8.34082
0.388087,-1.16477,8.34277,0,8.34277
0.388062,-1.1648,8.34503,0,8.34503
0.388105,-1.16475,8.34716,0,8.34716
0.388131,-1.16472,8.34933,0,8.34933
0.388141,-1.1647,8.35147,0,8.35147
0.388153,-1.16469,8.35362,0,8.35362
0.388138,-1.16471,8.35576,0,8.35576
0.388155,-1.16469,8.35785,0,8.35785
0.388182,-1.16465,8.35996,0,8.35996
0.38821,-1.16461,8.36208,0,8.36208
0.388238,-1.16457,8.36421,0,8.36421
0.388259,-1.16454,8.36635,0,8.36635
0.38828,-1.16451,8.36849,0,8.36849
0.388276,-1.16452,8.37062,0,8.37062
0.388273,-1.16452,8.37283,0,8.37283
0.388296,-1.16449,8.3749,0,8.3749
0.38832,-1.16445,8.37703,0,8.37703
0.388346,-1.1644,8.37917,0,8.37917
0.388366,-1.16437,8.38126,0,8.38126
0.388384,-1.16434,8.38336,0,8.38336
0.388402,-1.1643,8.38563,0,8.38563
0.38842,-1.16427,8.38776,0,8.38776
0.388438,-1.16424,8.38995,0,8.38995
0.388431,-1.16425,8.39209,0,8.39209
0.388429,-1.16425,8.39419,0,8.39419
0.38844,-1.16423,8.39626,0,8.39626
0.388458,-1.16419,8.39835,0,8.39835
0.388464,-1.16417,8.40047,0,8.40047
0.388466,-1.16417,8.40256,0,8.40256
0.388466,-1.16417,8.40466,0,8.40466
0.388466,-1.16417,8.40692,0,8.40692
0.388471,-1.16416,8.40905,0,8.40905
0.38846,-1.16419,8.41116,0,8.41116
0.388449,-1.16423,8.41328,0,8.41328
0.388447,-1.16423,8.4154,0,8.4154
0.388445,-1.16424,8.41754,0,8.41754
0.388444,-1.16424,8.41967,0,8.41967
0.388447,-1.16423,8.42177,0,8.42177
0.38845,-1.16422,8.42387,0,8.42387
0.388468,-1.16413,8.42599,0,8.42599
0.388486,-1.16405,8.42813,0,8.42813
0.388496,-1.16399,8.43026,0,8.43026
0.388507,-1.16394,8.4324,0,8.4324
0.388504,-1.16396,8.43454,0,8.43454
0.388502,-1.16398,8.43668,0,8.43668
0.388502,-1.16398,8.43881,0,8.43881
0.388501,-1.16398,8.44096,0,8.44096
0.3885,-1.16399,8.44328,0,8.44328
0.388507,-1.16392,8.4454,0,8.4454
0.388511,-1.16387,8.44752,0,8.44752
0.388515,-1.16383,8.44964,0,8.44964
0.388513,-1.16386,8.45176,0,8.45176
0.388512,-1.16389,8.4539,0,8.4539
0.388511,-1.16389,8.45603,0,8.45603
0.388511,-1.1639,8.45818,0,8.45818
0.388511,-1.1639,8.46031,0,8.46031
0.388511,-1.16391,8.46246,0,8.46246
0.388511,-1.16391,8.46478,0,8.46478
0.38851,-1.1639,8.4669,0,8.4669
0.388508,-1.16385,8.46902,0,8.46902
0.388505,-1.1638,8.47113,0,8.47113
0.388505,-1.16379,8.47326,0,8.47326
0.388505,-1.16379,8.4754,0,8.4754
0.388507,-1.16381,8.47753,0,8.47753
0.388509,-1.16383,8.47968,0,8.47968
0.388514,-1.16386,8.48181,0,8.48181
0.388518,-1.16389,8.48395,0,8.48395
0.388522,-1.16392,8.48627,0,8.48627
0.388526,-1.16395,8.48893,0,8.48893
0.388537,-1.164,8.49087,0,8.49087
0.388551,-1.16407,8.493,0,8.493
0.388563,-1.16413,8.49514,0,8.49514
0.388566,-1.16414,8.49727,0,8.49727
0.388569,-1.16416,8.49941,0,8.49941
0.388572,-1.16417,8.50173,0,8.50173
0.388581,-1.1642,8.50385,0,8.50385
0.388586,-1.16422,8.50596,0,8.50596
0.388591,-1.16424,8.50808,0,8.50808
0.388594,-1.16425,8.51021,0,8.51021
0.388598,-1.16426,8.51235,0,8.51235
0.388598,-1.16426,8.51448,0,8.51448
0.388597,-1.16426,8.51658,0,8.51658
0.388594,-1.16425,8.51868,0,8.51868
0.388592,-1.16425,8.52094,0,8.52094
0.38859,-1.16424,8.52353,0,8.52353
0.388623,-1.16432,8.52552,0,8.52552
0.38864,-1.16435,8.52776,0,8.52776
0.388642,-1.16436,8.5299,0,8.5299
0.388646,-1.16437,8.53207,0,8.53207
0.388651,-1.16438,8.53441,0,8.53441
0.388652,-1.16438,8.53646,0,8.53646
0.388633,-1.16435,8.53859,0,8.53859
0.388615,-1.16431,8.54073,0,8.54073
0.388597,-1.16428,8.54305,0,8.54305
0.388464,-1.16406,8.54517,0,8.54517
0.388369,-1.1639,8.54737,0,8.54737
0.388347,-1.16386,8.54951,0,8.54951
0.388313,-1.16381,8.55166,0,8.55166
0.388317,-1.16381,8.5538,0,8.5538
0.388317,-1.16381,8.55598,0,8.55598
0.388317,-1.16381,8.55825,0,8.55825
0.388347,-1.16385,8.56038,0,8.56038
0.38836,-1.16387,8.56249,0,8.56249
0.388372,-1.16388,8.56461,0,8.56461
0.388414,-1.16394,8.56674,0,8.56674
0.388457,-1.16399,8.56888,0,8.56888
0.388499,-1.16405,8.57119,0,8.57119
0.388562,-1.16412,8.57331,0,8.57331
0.388547,-1.1641,8.57543,0,8.57543
0.388528,-1.16408,8.57755,0,8.57755
0.388549,-1.16411,8.57967,0,8.57967
0.388575,-1.16414,8.58176,0,8.58176
0.388603,-1.16417,8.58386,0,8.58386
0.388591,-1.16415,8.58599,0,8.58599
0.388552,-1.16411,8.58808,0,8.58808
0.388503,-1.16407,8.59017,0,8.59017
0.388454,-1.16402,8.59243,0,8.59243
0.388494,-1.16405,8.59457,0,8.59457
0.38851,-1.16407,8.59678,0,8.59678
0.388458,-1.16402,8.59889,0,8.59889
0.388471,-1.16403,8.60099,0,8.60099
0.388499,-1.16406,8.6031,0,8.6031
0.388466,-1.16403,8.60522,0,8.60522
0.38843,-1.164,8.60736,0,8.60736
0.388394,-1.16397,8.60949,0,8.60949
0.388358,-1.16394,8.61163,0,8.61163
0.388874,-1.16433,8.61376,0,8.61376
0.389698,-1.16492,8.61586,0,8.61586
0.390638,-1.1656,8.61796,0,8.61796
0.392196,-1.16667,8.62009,0,8.62009
0.393785,-1.16775,8.62222,0,8.62222
0.396029,-1.1692,8.62435,0,8.62435
0.39825,-1.17063,8.62649,0,8.62649
0.400471,-1.17206,8.62881,0,8.62881
0.403672,-1.17388,8.63093,0,8.63093
0.406547,-1.17557,8.63313,0,8.63313
0.409496,-1.17731,8.63552,0,8.63552
0.413071,-1.17919,8.63761,0,8.63761
0.417275,-1.1814,8.63977,0,8.63977
0.420264,-1.18297,8.64187,0,8.64187
0.42414,-1.18488,8.64399,0,8.64399
0.428021,-1.18679,8.64613,0,8.64613
0.43265,-1.18899,8.64826,0,8.64826
0.437264,-1.19119,8.65041,0,8.65041
0.441163,-1.19297,8.65254,0,8.65254
0.445822,-1.1951,8.65472,0,8.65472
0.449349,-1.19671,8.65701,0,8.65701
0.453051,-1.19841,8.65959,0,8.65959
0.457748,-1.20026,8.66156,0,8.66156
0.462354,-1.20215,8.66369,0,8.66369
0.466975,-1.20402,8.66578,0,8.66578
0.471639,-1.20589,8.66788,0,8.66788
0.476287,-1.20775,8.67014,0,8.67014
0.480965,-1.2095,8.67228,0,8.67228
0.485589,-1.21127,8.67446,0,8.67446
0.490257,-1.21297,8.6766,0,8.6766
0.494924,-1.21469,8.67876,0,8.67876
0.499683,-1.21634,8.68089,0,8.68089
0.504414,-1.21796,8.68299,0,8.68299
0.509149,-1.21956,8.68509,0,8.68509
0.51386,-1.22112,8.68721,0,8.68721
0.51858,-1.22267,8.68935,0,8.68935
0.523314,-1.22418,8.69148,0,8.69148
0.528057,-1.22569,8.69362,0,8.69362
0.532827,-1.22717,8.69576,0,8.69576
0.537593,-1.22863,8.69785,0,8.69785
0.542285,-1.23005,8.69996,0,8.69996
0.54717,-1.2315,8.70208,0,8.70208
0.552055,-1.23294,8.70421,0,8.70421
0.556833,-1.23432,8.70634,0,8.70634
0.561616,-1.2357,8.70849,0,8.70849
0.566352,-1.23703,8.71062,0,8.71062
0.571047,-1.23833,8.71272,0,8.71272
0.575772,-1.23963,8.71482,0,8.71482
0.580562,-1.2409,8.71694,0,8.71694
0.585359,-1.24216,8.71908,0,8.71908
0.590171,-1.24342,8.72139,0,8.72139
0.595035,-1.24461,8.72351,0,8.72351
0.599858,-1.24581,8.7257,0,8.7257
0.604712,-1.24696,8.72784,0,8.72784
0.609554,-1.24811,8.73,0,8.73
0.614397,-1.24926,8.73233,0,8.73233
0.619386,-1.25032,8.73446,0,8.73446
0.624242,-1.25139,8.73665,0,8.73665
0.629113,-1.25241,8.73879,0,8.73879
0.633982,-1.25341,8.7409,0,8.7409
0.639581,-1.25456,8.74303,0,8.74303
0.643773,-1.25537,8.74512,0,8.74512
0.648643,-1.25633,8.74725,0,8.74725
0.653444,-1.25721,8.74938,0,8.74938
0.658248,-1.2581,8.75152,0,8.75152
0.663044,-1.25898,8.75384,0,8.75384
0.667929,-1.25975,8.75596,0,8.75596
0.672789,-1.26055,8.75816,0,8.75816
0.677706,-1.26131,8.7603,0,8.7603
0.682597,-1.26206,8.76246,0,8.76246
0.687606,-1.26279,8.76459,0,8.76459
0.692546,-1.26348,8.76669,0,8.76669
0.697475,-1.26416,8.7688,0,8.7688
0.702608,-1.26483,8.77092,0,8.77092
0.707718,-1.26549,8.77305,0,8.77305
0.71278,-1.26605,8.77518,0,8.77518
0.717841,-1.26661,8.77733,0,8.77733
0.722809,-1.26708,8.77946,0,8.77946
0.727799,-1.26755,8.78161,0,8.78161
0.732722,-1.26794,8.78374,0,8.78374
0.737648,-1.26833,8.78589,0,8.78589
0.742594,-1.26866,8.78802,0,8.78802
0.747575,-1.26897,8.79012,0,8.79012
0.752567,-1.26925,8.79219,0,8.79219
0.758012,-1.26953,8.79429,0,8.79429
0.762548,-1.2697,8.79639,0,8.79639
0.76747,-1.26989,8.79852,0,8.79852
0.772466,-1.27003,8.80065,0,8.80065
0.777465,-1.27017,8.80279,0,8.80279
0.782422,-1.27024,8.80492,0,8.80492
0.787418,-1.27031,8.80707,0,8.80707
0.792411,-1.27032,8.8092,0,8.8092
0.797394,-1.27034,8.81135,0,8.81135
0.802392,-1.27036,8.81367,0,8.81367
0.807372,-1.27026,8.81579,0,8.81579
0.812352,-1.2702,8.81799,0,8.81799
0.817358,-1.27005,8.82013,0,8.82013
0.822351,-1.26993,8.82229,0,8.82229
0.82735,-1.26976,8.82442,0,8.82442
0.832337,-1.26957,8.82652,0,8.82652
0.837325,-1.26937,8.82862,0,8.82862
0.842327,-1.26913,8.83075,0,8.83075
0.84733,-1.26889,8.83288,0,8.83288
0.852259,-1.2686,8.83501,0,8.83501
0.857202,-1.2683,8.83716,0,8.83716
0.862135,-1.26796,8.83929,0,8.83929
0.867097,-1.26759,8.84139,0,8.84139
0.872059,-1.26722,8.84349,0,8.84349
0.877026,-1.26684,8.84575,0,8.84575
0.881969,-1.26635,8.84788,0,8.84788
0.886941,-1.26589,8.85007,0,8.85007
0.89191,-1.26539,8.85221,0,8.85221
0.896831,-1.26488,8.85431,0,8.85431
0.901749,-1.26436,8.85642,0,8.85642
0.906672,-1.26384,8.85869,0,8.85869
0.911603,-1.26321,8.86082,0,8.86082
0.916545,-1.26261,8.86301,0,8.86301
0.921477,-1.26197,8.86514,0,8.86514
0.926415,-1.26134,8.8673,0,8.8673
0.931303,-1.26064,8.86944,0,8.86944
0.93623,-1.25991,8.87153,0,8.87153
0.941172,-1.25918,8.87364,0,8.87364
0.946122,-1.25841,8.87576,0,8.87576
0.951019,-1.25762,8.87785,0,8.87785
0.955898,-1.25683,8.87995,0,8.87995
0.960778,-1.25599,8.88207,0,8.88207
0.965644,-1.25513,8.88416,0,8.88416
0.9705,-1.25426,8.88626,0,8.88626
0.975421,-1.25333,8.88838,0,8.88838
0.980332,-1.2524,8.89051,0,8.89051
0.985158,-1.25144,8.89265,0,8.89265
0.989993,-1.25048,8.89479,0,8.89479
0.994826,-1.24944,8.89692,0,8.89692
0.999659,-1.24842,8.89907,0,8.89907
1.00457,-1.24731,8.9012,0,8.9012
1.00946,-1.24619,8.9033,0,8.9033
1.015,-1.2449,8.90542,0,8.90542
1.01918,-1.24394,8.90764,0,8.90764
1.02398,-1.24271,8.90978,0,8.90978
1.02877,-1.24148,8.91189,0,8.91189
1.03357,-1.24025,8.91401,0,8.91401
1.03844,-1.23895,8.91613,0,8.91613
1.04329,-1.23765,8.91827,0,8.91827
1.04813,-1.23629,8.9204,0,8.9204
1.05291,-1.23493,8.9225,0,8.9225
1.05766,-1.23356,8.9246,0,8.9246
1.06245,-1.23211,8.92672,0,8.92672
1.06722,-1.23068,8.92885,0,8.92885
1.07188,-1.22922,8.93099,0,8.93099
1.07659,-1.22772,8.93308,0,8.93308
1.08132,-1.22621,8.93518,0,8.93518
1.08603,-1.22464,8.93731,0,8.93731
1.09072,-1.22308,8.93944,0,8.93944
1.09684,-1.22097,8.94164,0,8.94164
1.10014,-1.21983,8.94375,0,8.94375
1.10485,-1.2182,8.94605,0,8.94605
1.10965,-1.21639,8.94818,0,8.94818
1.11443,-1.21463,8.95037,0,8.95037
1.11905,-1.21284,8.95251,0,8.95251
1.12369,-1.21107,8.95467,0,8.95467
1.12835,-1.20921,8.95681,0,8.95681
1.13296,-1.20735,8.9589,0,8.9589
1.13757,-1.20548,8.96101,0,8.96101
1.1422,-1.2036,8.96327,0,8.96327
1.14681,-1.20158,8.96541,0,8.96541
1.15144,-1.19955,8.96752,0,8.96752
1.15607,-1.19752,8.96964,0,8.96964
1.16067,-1.19544,8.97176,0,8.97176
1.16529,-1.19335,8.9739,0,8.9739
1.16984,-1.19122,8.97603,0,8.97603
1.17437,-1.18907,8.97813,0,8.97813
1.17889,-1.18691,8.98023,0,8.98023
1.18339,-1.18475,8.98249,0,8.98249
1.18824,-1.18228,8.98466,0,8.98466
1.19226,-1.18026,8.98683,0,8.98683
1.19674,-1.17793,8.98896,0,8.98896
1.20119,-1.1756,8.99107,0,8.99107
1.20566,-1.17324,8.99317,0,8.99317
1.21006,-1.17085,8.9953,0,8.9953
1.21452,-1.16842,8.99743,0,8.99743
1.21885,-1.16597,8.99956,0,8.99956
1.22325,-1.16349,9.0017,0,9.0017
1.22757,-1.16096,9.00384,0,9.00384
1.23191,-1.1584,9.00593,0,9.00593
1.23622,-1.15583,9.00804,0,9.00804
1.2405,-1.15321,9.01016,0,9.01016
1.24478,-1.15056,9.01225,0,9.01225
1.24906,-1.14787,9.01435,0,9.01435
1.25334,-1.14512,9.01647,0,9.01647
1.25758,-1.14238,9.0186,0,9.0186
1.26183,-1.13964,9.02091,0,9.02091
1.26597,-1.13681,9.02303,0,9.02303
1.27012,-1.13398,9.02515,0,9.02515
1.27426,-1.13111,9.02723,0,9.02723
1.27838,-1.12823,9.02932,0,9.02932
1.28252,-1.12534,9.03158,0,9.03158
1.28656,-1.12236,9.03371,0,9.03371
1.29065,-1.11939,9.0359,0,9.0359
1.29463,-1.1164,9.03804,0,9.03804
1.29863,-1.11341,9.04019,0,9.04019
1.30261,-1.11033,9.04233,0,9.04233
1.30662,-1.10724,9.04448,0,9.04448
1.3106,-1.10407,9.04661,0,9.04661
1.31453,-1.10094,9.04876,0,9.04876
1.31847,-1.09773,9.05089,0,9.05089
1.32238,-1.0945,9.05299,0,9.05299
1.32625,-1.09128,9.05509,0,9.05509
1.33006,-1.08804,9.05721,0,9.05721
1.33387,-1.08479,9.05935,0,9.05935
1.33768,-1.08153,9.06165,0,9.06165
1.34091,-1.07864,9.06378,0,9.06378
1.34431,-1.07564,9.06597,0,9.06597
1.34709,-1.07311,9.06811,0,9.06811
1.34998,-1.0705,9.07027,0,9.07027
1.35225,-1.06842,9.07241,0,9.07241
1.35459,-1.06627,9.07456,0,9.07456
1.35634,-1.06463,9.07669,0,9.07669
1.35784,-1.06321,9.07879,0,9.07879
1.35925,-1.06188,9.08089,0,9.08089
1.36013,-1.06104,9.08301,0,9.08301
1.36073,-1.06046,9.0851,0,9.0851
1.36123,-1.05998,9.0872,0,9.0872
1.36174,-1.05949,9.08946,0,9.08946
1.36173,-1.05949,9.09159,0,9.09159
1.36174,-1.05949,9.09371,0,9.09371
1.36173,-1.05949,9.09582,0,9.09582
1.36169,-1.05954,9.09795,0,9.09795
1.36167,-1.05956,9.10004,0,9.10004
1.36166,-1.05957,9.10214,0,9.10214
1.36165,-1.05958,9.1044,0,9.1044
1.36163,-1.05961,9.10654,0,9.10654
1.3616,-1.05963,9.10872,0,9.10872
1.36164,-1.05959,9.11086,0,9.11086
1.36164,-1.05959,9.11296,0,9.11296
1.36163,-1.05961,9.11507,0,9.11507
1.36163,-1.0596,9.11719,0,9.11719
1.36163,-1.0596,9.11928,0,9.11928
1.36163,-1.0596,9.12138,0,9.12138
1.3616,-1.05964,9.1235,0,9.1235
1.36158,-1.05967,9.12564,0,9.12564
1.36159,-1.05966,9.12777,0,9.12777
1.36159,-1.05965,9.12986,0,9.12986
1.3616,-1.05964,9.13196,0,9.13196
1.36161,-1.05963,9.13409,0,9.13409
1.36161,-1.05962,9.13622,0,9.13622
1.3616,-1.05963,9.13835,0,9.13835
1.3616,-1.05965,9.1405,0,9.1405
1.36162,-1.0596,9.14263,0,9.14263
1.36165,-1.05957,9.14477,0,9.14477
1.36165,-1.05956,9.14691,0,9.14691
1.36166,-1.05955,9.14905,0,9.14905
1.36165,-1.05956,9.15119,0,9.15119
1.36164,-1.05958,9.15335,0,9.15335
1.36162,-1.05961,9.15547,0,9.15547
1.36161,-1.05963,9.15756,0,9.15756
1.3616,-1.05965,9.15966,0,9.15966
1.3616,-1.05965,9.16178,0,9.16178
1.3616,-1.05966,9.16392,0,9.16392
1.3616,-1.05965,9.16605,0,9.16605
1.3616,-1.05965,9.16819,0,9.16819
1.36159,-1.05967,9.17033,0,9.17033
1.36157,-1.05971,9.17242,0,9.17242
1.36155,-1.05976,9.17453,0,9.17453
1.36155,-1.05976,9.17665,0,9.17665
1.36155,-1.05976,9.17878,0,9.17878
1.36147,-1.05993,9.18091,0,9.18091
1.3614,-1.0601,9.18306,0,9.18306
1.36147,-1.05994,9.18519,0,9.18519
1.36153,-1.05979,9.18734,0,9.18734
1.36156,-1.05971,9.18947,0,9.18947
1.3616,-1.05962,9.19162,0,9.19162
1.36163,-1.05953,9.19393,0,9.19393
1.36159,-1.05965,9.19606,0,9.19606
1.36159,-1.05966,9.19817,0,9.19817
1.36158,-1.05966,9.20029,0,9.20029
1.36158,-1.05967,9.20257,0,9.20257
1.3616,-1.05962,9.2047,0,9.2047
1.3616,-1.05962,9.20682,0,9.20682
1.3616,-1.0596,9.2089,0,9.2089
1.36161,-1.05958,9.21099,0,9.21099
1.36161,-1.05956,9.21311,0,9.21311
1.36162,-1.05955,9.21524,0,9.21524
1.3617,-1.05926,9.21737,0,9.21737
1.36173,-1.05913,9.21947,0,9.21947
1.36174,-1.05907,9.22157,0,9.22157
1.36174,-1.05909,9.22369,0,9.22369
1.36174,-1.05911,9.22583,0,9.22583
1.36173,-1.05914,9.22813,0,9.22813
1.36173,-1.05914,9.23026,0,9.23026
1.36173,-1.05916,9.23245,0,9.23245
1.36173,-1.05913,9.23459,0,9.23459
1.36175,-1.05905,9.23669,0,9.23669
1.36177,-1.05895,9.2388,0,9.2388
1.36178,-1.05886,9.24107,0,9.24107
1.3615,-1.06128,9.2432,0,9.2432
1.36142,-1.06194,9.24532,0,9.24532
1.36136,-1.06249,9.24743,0,9.24743
1.36133,-1.06277,9.24956,0,9.24956
1.36132,-1.0629,9.25165,0,9.25165
1.36131,-1.063,9.25375,0,9.25375
1.3613,-1.06309,9.25601,0,9.25601
1.3613,-1.06301,9.25814,0,9.25814
1.3613,-1.06298,9.26033,0,9.26033
1.3613,-1.06297,9.26247,0,9.26247
1.3613,-1.06296,9.26463,0,9.26463
1.36131,-1.06293,9.26676,0,9.26676
1.36131,-1.0629,9.26891,0,9.26891
1.3613,-1.06283,9.27104,0,9.27104
1.3613,-1.06277,9.27319,0,9.27319
1.3613,-1.06271,9.27551,0,9.27551
1.3613,-1.06273,9.27763,0,9.27763
1.3613,-1.06273,9.27975,0,9.27975
1.3613,-1.06273,9.28187,0,9.28187
1.36131,-1.06275,9.28399,0,9.28399
1.36131,-1.06277,9.28609,0,9.28609
1.36131,-1.06279,9.28822,0,9.28822
1.36131,-1.0628,9.2903,0,9.2903
1.36131,-1.06282,9.29243,0,9.29243
1.3613,-1.06273,9.29456,0,9.29456
1.36129,-1.06265,9.2967,0,9.2967
1.3613,-1.06273,9.29883,0,9.29883
1.36131,-1.06281,9.30098,0,9.30098
1.36135,-1.0631,9.30311,0,9.30311
1.36134,-1.06306,9.30521,0,9.30521
1.36132,-1.06291,9.30731,0,9.30731
1.36131,-1.06286,9.30943,0,9.30943
1.3613,-1.06282,9.31152,0,9.31152
1.3613,-1.06278,9.31362,0,9.31362
1.3613,-1.06277,9.31574,0,9.31574
1.36129,-1.06276,9.31787,0,9.31787
1.36129,-1.06276,9.32018,0,9.32018
1.36129,-1.06276,9.3223,0,9.3223
1.36129,-1.06274,9.32442,0,9.32442
1.36128,-1.06271,9.3265,0,9.3265
1.36127,-1.06268,9.3286,0,9.3286
1.36128,-1.06271,9.33072,0,9.33072
1.36129,-1.06274,9.33285,0,9.33285
1.3613,-1.06277,9.33498,0,9.33498
1.3613,-1.06278,9.33707,0,9.33707
1.3613,-1.06277,9.33918,0,9.33918
1.3613,-1.06276,9.34144,0,9.34144
1.36132,-1.06284,9.34357,0,9.34357
1.36134,-1.06289,9.34576,0,9.34576
1.36133,-1.06286,9.3479,0,9.3479
1.36132,-1.06285,9.35005,0,9.35005
1.36133,-1.06287,9.35219,0,9.35219
1.36134,-1.06289,9.35434,0,9.35434
1.36134,-1.06288,9.35647,0,9.35647
1.36133,-1.06286,9.35857,0,9.35857
1.36131,-1.06283,9.36067,0,9.36067
1.36132,-1.06284,9.36279,0,9.36279
1.36133,-1.06286,9.36493,0,9.36493
1.36133,-1.06287,9.36723,0,9.36723
1.36135,-1.06291,9.36936,0,9.36936
1.36136,-1.06294,9.37155,0,9.37155
1.36138,-1.06298,9.37378,0,9.37378
1.36139,-1.063,9.37584,0,9.37584
1.3614,-1.06304,9.37794,0,9.37794
1.36142,-1.06307,9.38021,0,9.38021
1.36146,-1.06316,9.38234,0,9.38234
1.3615,-1.06324,9.38453,0,9.38453
1.36149,-1.06323,9.38667,0,9.38667
1.3615,-1.06323,9.38882,0,9.38882
1.36158,-1.0634,9.39096,0,9.39096
1.3616,-1.06344,9.39306,0,9.39306
1.36161,-1.06345,9.39516,0,9.39516
1.36161,-1.06346,9.39742,0,9.39742
1.36162,-1.06347,9.40001,0,9.40001
1.3616,-1.06343,9.402,0,9.402
1.36163,-1.06349,9.40413,0,9.40413
1.36165,-1.06353,9.40622,0,9.40622
1.36167,-1.06356,9.40832,0,9.40832
1.36169,-1.06359,9.41057,0,9.41057
1.36172,-1.06363,9.41271,0,9.41271
1.36173,-1.06366,9.41482,0,9.41482
1.36174,-1.06366,9.4169,0,9.4169
1.36174,-1.06367,9.41899,0,9.41899
1.36176,-1.06369,9.42111,0,9.42111
1.36177,-1.06371,9.42325,0,9.42325
1.36176,-1.0637,9.42538,0,9.42538
1.36176,-1.06369,9.42752,0,9.42752
1.36176,-1.0637,9.42965,0,9.42965
1.36177,-1.06371,9.4318,0,9.4318
1.36175,-1.06369,9.43393,0,9.43393
1.36174,-1.06367,9.43608,0,9.43608
1.36176,-1.0637,9.43821,0,9.43821
1.36178,-1.06372,9.44036,0,9.44036
1.3618,-1.06374,9.44268,0,9.44268
1.36182,-1.06376,9.44533,0,9.44533
1.36182,-1.06377,9.44728,0,9.44728
1.36183,-1.06378,9.44953,0,9.44953
1.36182,-1.06377,9.45167,0,9.45167
1.36178,-1.06373,9.45378,0,9.45378
1.36174,-1.06368,9.45589,0,9.45589
1.36169,-1.06363,9.45816,0,9.45816
1.3617,-1.06364,9.46029,0,9.46029
1.36168,-1.06362,9.4624,0,9.4624
1.36165,-1.06359,9.46452,0,9.46452
1.36165,-1.06359,9.46665,0,9.46665
1.36166,-1.06359,9.46879,0,9.46879
1.36157,-1.06351,9.47092,0,9.47092
1.36149,-1.06344,9.47306,0,9.47306
1.36146,-1.06342,9.47519,0,9.47519
1.36144,-1.0634,9.47734,0,9.47734
1.3614,-1.06337,9.47947,0,9.47947
1.36137,-1.06334,9.48162,0,9.48162
1.36124,-1.06324,9.48375,0,9.48375
1.36132,-1.0633,9.48585,0,9.48585
1.36133,-1.06331,9.48792,0,9.48792
1.36125,-1.06325,9.49001,0,9.49001
1.36072,-1.06286,9.49213,0,9.49213
1.36014,-1.06244,9.49426,0,9.49426
1.35901,-1.06164,9.49639,0,9.49639
1.35791,-1.06086,9.49853,0,9.49853
1.3568,-1.06009,9.50085,0,9.50085
1.35569,-1.0593,9.5035,0,9.5035
1.35319,-1.05771,9.50545,0,9.50545
1.35073,-1.05614,9.50758,0,9.50758
1.34833,-1.0546,9.50971,0,9.50971
1.3453,-1.05272,9.51184,0,9.51184
1.34228,-1.05085,9.51399,0,9.51399
1.33864,-1.04869,9.51612,0,9.51612
1.33504,-1.04654,9.51826,0,9.51826
1.33142,-1.04444,9.5204,0,9.5204
1.32758,-1.04226,9.52249,0,9.52249
1.32367,-1.04003,9.5246,0,9.5246
1.31953,-1.03773,9.52672,0,9.52672
1.31535,-1.03541,9.52885,0,9.52885
1.31003,-1.0325,9.53104,0,9.53104
1.30657,-1.0306,9.53315,0,9.53315
1.30089,-1.0275,9.53534,0,9.53534
1.29747,-1.02564,9.53745,0,9.53745
1.29278,-1.02306,9.53958,0,9.53958
1.28807,-1.02048,9.54173,0,9.54173
1.28334,-1.01789,9.54386,0,9.54386
1.27861,-1.01529,9.54601,0,9.54601
1.27403,-1.01278,9.54814,0,9.54814
1.26941,-1.01024,9.55029,0,9.55029
1.26461,-1.00758,9.55242,0,9.55242
1.25987,-1.00495,9.55457,0,9.55457
1.25512,-1.0023,9.5567,0,9.5567
1.25034,-0.999588,9.5588,0,9.5588
1.24552,-0.996855,9.5609,0,9.5609
1.24069,-0.994119,9.56317,0,9.56317
1.23595,-0.991328,9.5653,0,9.5653
1.2312,-0.988562,9.56748,0,9.56748
1.22644,-0.985788,9.56985,0,9.56985
1.22184,-0.983024,9.57196,0,9.57196
1.21718,-0.980233,9.57408,0,9.57408
1.21253,-0.977446,9.5762,0,9.5762
1.20788,-0.974623,9.57833,0,9.57833
1.20321,-0.971796,9.58047,0,9.58047
1.19856,-0.968971,9.58278,0,9.58278
1.19397,-0.966153,9.5849,0,9.5849
1.18927,-0.963265,9.58702,0,9.58702
1.1848,-0.960524,9.58914,0,9.58914
1.18026,-0.957734,9.59142,0,9.59142
1.17571,-0.954936,9.59355,0,9.59355
1.17112,-0.952109,9.59574,0,9.59574
1.16662,-0.949339,9.59787,0,9.59787
1.1616,-0.946252,9.60005,0,9.60005
1.1575,-0.943727,9.60217,0,9.60217
1.15295,-0.940925,9.60431,0,9.60431
1.14838,-0.938111,9.60644,0,9.60644
1.14378,-0.935278,9.60854,0,9.60854
1.13919,-0.932456,9.61064,0,9.61064
1.13464,-0.929655,9.61276,0,9.61276
1.13006,-0.926835,9.6149,0,9.6149
1.1255,-0.924036,9.61703,0,9.61703
1.12092,-0.921223,9.61917,0,9.61917
1.11636,-0.918417,9.62131,0,9.62131
1.11179,-0.915602,9.62345,0,9.62345
1.10719,-0.912775,9.62559,0,9.62559
1.10258,-0.909937,9.62773,0,9.62773
1.09801,-0.907116,9.62987,0,9.62987
1.09342,-0.904288,9.63196,0,9.63196
1.08884,-0.901461,9.63407,0,9.63407
1.08429,-0.898645,9.63619,0,9.63619
1.07971,-0.89581,9.63828,0,9.63828
1.0747,-0.892698,9.64039,0,9.64039
1.07058,-0.890139,9.64262,0,9.64262
1.06495,-0.886624,9.64484,0,9.64484
1.06152,-0.884486,9.64698,0,9.64698
1.0561,-0.881105,9.64917,0,9.64917
1.05242,-0.878812,9.6513,0,9.6513
1.04789,-0.875963,9.65343,0,9.65343
1.04337,-0.873127,9.65558,0,9.65558
1.03884,-0.870275,9.65771,0,9.65771
1.03409,-0.867288,9.65981,0,9.65981
1.02976,-0.86456,9.66191,0,9.66191
1.02521,-0.8617,9.66417,0,9.66417
1.02067,-0.858839,9.66676,0,9.66676
1.0161,-0.855966,9.66875,0,9.66875
1.01154,-0.853098,9.67099,0,9.67099
1.00697,-0.850217,9.67342,0,9.67342
1.00245,-0.847344,9.6755,0,9.6755
0.997444,-0.84417,9.67765,0,9.67765
0.993371,-0.841587,9.67976,0,9.67976
0.988821,-0.8387,9.68188,0,9.68188
0.984254,-0.835802,9.68402,0,9.68402
0.979661,-0.832891,9.68615,0,9.68615
0.975123,-0.830006,9.68825,0,9.68825
0.970573,-0.827109,9.69035,0,9.69035
0.966016,-0.824209,9.69262,0,9.69262
0.961441,-0.821285,9.69475,0,9.69475
0.956875,-0.81837,9.69694,0,9.69694
0.952316,-0.815455,9.69908,0,9.69908
0.947802,-0.81257,9.70123,0,9.70123
0.943287,-0.809684,9.70337,0,9.70337
0.938758,-0.806774,9.70547,0,9.70547
0.934209,-0.803847,9.70757,0,9.70757
0.929705,-0.800949,9.70983,0,9.70983
0.925177,-0.798007,9.71196,0,9.71196
0.920644,-0.795071,9.71415,0,9.71415
0.916115,-0.792136,9.71652,0,9.71652
0.911604,-0.789197,9.71863,0,9.71863
0.907081,-0.786256,9.72075,0,9.72075
0.902564,-0.783321,9.72283,0,9.72283
0.898061,-0.780394,9.72493,0,9.72493
0.892178,-0.776545,9.72711,0,9.72711
0.889,-0.774464,9.72921,0,9.72921
0.884472,-0.771456,9.73133,0,9.73133
0.879953,-0.768454,9.73348,0,9.73348
0.875441,-0.765458,9.73579,0,9.73579
0.869584,-0.761568,9.73871,0,9.73871
0.866418,-0.759287,9.74042,0,9.74042
0.861894,-0.756188,9.74267,0,9.74267
0.857403,-0.753052,9.74481,0,9.74481
0.852866,-0.749867,9.74691,0,9.74691
0.848336,-0.746681,9.74902,0,9.74902
0.843871,-0.743501,9.75115,0,9.75115
0.839391,-0.740309,9.75329,0,9.75329
0.835004,-0.737147,9.75542,0,9.75542
0.830617,-0.733987,9.75756,0,9.75756
0.826224,-0.730795,9.75969,0,9.75969
0.821876,-0.727631,9.76179,0,9.76179
0.817521,-0.724459,9.76389,0,9.76389
0.813176,-0.721286,9.76601,0,9.76601
0.808876,-0.718142,9.76811,0,9.76811
0.804564,-0.71499,9.7702,0,9.7702
0.800198,-0.711796,9.77233,0,9.77233
0.795911,-0.708662,9.77446,0,9.77446
0.791642,-0.705544,9.77659,0,9.77659
0.787374,-0.702426,9.77873,0,9.77873
0.783024,-0.699251,9.78087,0,9.78087
0.778675,-0.696077,9.78301,0,9.78301
0.774198,-0.692811,9.78515,0,9.78515
0.770006,-0.689753,9.7873,0,9.7873
0.765615,-0.68655,9.78943,0,9.78943
0.761229,-0.68335,9.79158,0,9.79158
0.756853,-0.680155,9.79371,0,9.79371
0.75251,-0.676984,9.79581,0,9.79581
0.748183,-0.673824,9.79791,0,9.79791
0.743879,-0.670678,9.80003,0,9.80003
0.739572,-0.66753,9.80216,0,9.80216
0.735278,-0.664391,9.80447,0,9.80447
0.730473,-0.660875,9.80663,0,9.80663
0.726603,-0.658046,9.80873,0,9.80873
0.722296,-0.654898,9.81085,0,9.81085
0.717998,-0.651756,9.81313,0,9.81313
0.713687,-0.648591,9.81526,0,9.81526
0.708941,-0.645111,9.81747,0,9.81747
0.704589,-0.641917,9.81961,0,9.81961
0.699551,-0.638219,9.82181,0,9.82181
0.695089,-0.634946,9.82395,0,9.82395
0.692068,-0.632727,9.82601,0,9.82601
0.687735,-0.629543,9.82811,0,9.82811
0.683451,-0.626388,9.83023,0,9.83023
0.67916,-0.623227,9.83236,0,9.83236
0.674846,-0.62005,9.83449,0,9.83449
0.670521,-0.616864,9.83664,0,9.83664
0.666214,-0.613698,9.83877,0,9.83877
0.661915,-0.610534,9.84087,0,9.84087
0.657613,-0.607368,9.84297,0,9.84297
0.65328,-0.604174,9.84509,0,9.84509
0.648888,-0.600936,9.84723,0,9.84723
0.64461,-0.597781,9.84936,0,9.84936
0.640279,-0.594587,9.8515,0,9.8515
0.636004,-0.591429,9.85363,0,9.85363
0.631703,-0.588252,9.85578,0,9.85578
0.627403,-0.585076,9.8581,0,9.8581
0.623098,-0.581897,9.86075,0,9.86075
0.618793,-0.578718,9.8639,0,9.8639
0.614512,-0.575556,9.86768,0,9.86768
0.609774,-0.571951,9.86839,0,9.86839
0.605544,-0.568783,9.87052,0,9.87052
0.601521,-0.565768,9.87262,0,9.87262
0.597206,-0.562534,9.87473,0,9.87473
0.592949,-0.559344,9.87685,0,9.87685
0.588687,-0.556149,9.87899,0,9.87899
0.58443,-0.552942,9.88112,0,9.88112
0.580157,-0.549722,9.88326,0,9.88326
0.575801,-0.546425,9.8854,0,9.8854
0.57025,-0.542225,9.8876,0,9.8876
0.567215,-0.539928,9.88982,0,9.88982
0.562958,-0.536685,9.89195,0,9.89195
0.558681,-0.533432,9.89407,0,9.89407
0.554396,-0.530172,9.89618,0,9.89618
0.549947,-0.526746,9.89831,0,9.89831
0.545483,-0.523308,9.90045,0,9.90045
0.541249,-0.520003,9.90258,0,9.90258
0.537012,-0.516697,9.90472,0,9.90472
0.53272,-0.513307,9.90686,0,9.90686
0.528433,-0.509899,9.90895,0,9.90895
0.524149,-0.506484,9.91105,0,9.91105
0.519733,-0.502916,9.91318,0,9.91318
0.515014,-0.499101,9.91532,0,9.91532
0.511041,-0.495846,9.91744,0,9.91744
0.506801,-0.492378,9.91958,0,9.91958
0.502712,-0.489011,9.92171,0,9.92171
0.498615,-0.485637,9.92386,0,9.92386
0.494461,-0.482195,9.92599,0,9.92599
0.490315,-0.47876,9.92814,0,9.92814
0.486181,-0.475317,9.93027,0,9.93027
0.48207,-0.471894,9.93242,0,9.93242
0.477919,-0.468433,9.93455,0,9.93455
0.473769,-0.464975,9.9367,0,9.9367
0.469594,-0.46149,9.93883,0,9.93883
0.465405,-0.457996,9.94098,0,9.94098
0.461248,-0.454536,9.94311,0,9.94311
0.457093,-0.451076,9.94526,0,9.94526
0.452889,-0.447583,9.94739,0,9.94739
0.448682,-0.444087,9.94954,0,9.94954
0.444508,-0.440618,9.95186,0,9.95186
0.440246,-0.437073,9.95398,0,9.95398
0.436014,-0.433556,9.9561,0,9.9561
0.431778,-0.430036,9.95822,0,9.95822
0.42754,-0.426514,9.9605,0,9.9605
0.423362,-0.423061,9.96263,0,9.96263
0.419183,-0.419603,9.96474,0,9.96474
0.41499,-0.416134,9.96686,0,9.96686
0.410797,-0.412664,9.96914,0,9.96914
0.40665,-0.409221,9.97127,0,9.97127
0.402475,-0.405759,9.97346,0,9.97346
0.398261,-0.402263,9.9756,0,9.9756
0.394077,-0.398794,9.9777,0,9.9777
0.389925,-0.395348,9.97977,0,9.97977
0.385759,-0.391889,9.98186,0,9.98186
0.381606,-0.388433,9.98398,0,9.98398
0.377423,-0.384953,9.98611,0,9.98611
0.373124,-0.381379,9.98824,0,9.98824
0.368794,-0.377779,9.99039,0,9.99039
0.364491,-0.374202,9.9927,0,9.9927
0.360755,-0.371077,9.99482,0,9.99482
0.356842,-0.367811,9.99702,0,9.99702
0.352935,-0.364551,9.9994,0,9.9994
0.348765,-0.360991,10.0015,0,10.0015
0.344678,-0.35753,10.0037,0,10.0037
0.34053,-0.353996,10.0058,0,10.0058
0.336473,-0.350535,10.008,0,10.008
0.332384,-0.347046,10.0101,0,10.0101
0.328296,-0.34355,10.0122,0,10.0122
0.324208,-0.340053,10.0143,0,10.0143
0.320118,-0.336556,10.0165,0,10.0165
0.315957,-0.332996,10.0186,0,10.0186
0.311901,-0.329531,10.0207,0,10.0207
0.307791,-0.326019,10.0229,0,10.0229
0.303665,-0.322494,10.0252,0,10.0252
0.299896,-0.319238,10.0273,0,10.0273
0.296055,-0.315933,10.0295,0,10.0295
0.29078,-0.311344,10.0317,0,10.0317
0.287934,-0.308849,10.0338,0,10.0338
0.283875,-0.305292,10.0359,0,10.0359
0.279756,-0.301643,10.038,0,10.038
0.275655,-0.298009,10.0402,0,10.0402
0.271549,-0.294369,10.0425,0,10.0425
0.267584,-0.290782,10.0446,0,10.0446
0.263519,-0.287105,10.0467,0,10.0467
0.259487,-0.283457,10.0488,0,10.0488
0.255442,-0.279797,10.0511,0,10.0511
0.251015,-0.275732,10.0533,0,10.0533
0.247371,-0.272398,10.0554,0,10.0554
0.243391,-0.26873,10.0576,0,10.0576
0.239398,-0.265054,10.0597,0,10.0597
0.235445,-0.261404,10.0619,0,10.0619
0.231442,-0.257705,10.064,0,10.064
0.227447,-0.254015,10.0661,0,10.0661
0.22344,-0.250313,10.0683,0,10.0683
0.219316,-0.246495,10.0705,0,10.0705
0.215246,-0.242729,10.0727,0,10.0727
0.211298,-0.239065,10.0748,0,10.0748
0.207293,-0.235349,10.0769,0,10.0769
0.20328,-0.231626,10.079,0,10.079
0.199295,-0.227928,10.0813,0,10.0813
0.195272,-0.224195,10.0834,0,10.0834
0.191261,-0.220472,10.0856,0,10.0856
0.187316,-0.216801,10.0877,0,10.0877
0.183367,-0.213128,10.0899,0,10.0899
0.179366,-0.2094,10.092,0,10.092
0.175406,-0.205711,10.0942,0,10.0942
0.171376,-0.201959,10.0963,0,10.0963
0.167349,-0.19821,10.0985,0,10.0985
0.163357,-0.194496,10.1006,0,10.1006
0.159344,-0.190763,10.1027,0,10.1027
0.15537,-0.187059,10.1049,0,10.1049
0.151313,-0.183274,10.107,0,10.107
0.14722,-0.179456,10.1091,0,10.1091
0.143347,-0.175834,10.1112,0,10.1112
0.139504,-0.17224,10.1133,0,10.1133
0.135658,-0.168642,10.1156,0,10.1156
0.131806,-0.165039,10.1183,0,10.1183
0.128228,-0.161585,10.1202,0,10.1202
0.12437,-0.157893,10.1224,0,10.1224
0.120487,-0.154164,10.1244,0,10.1244
0.116589,-0.150414,10.1265,0,10.1265
0.11277,-0.146699,10.1287,0,10.1287
0.108949,-0.142978,10.1308,0,10.1308
0.105115,-0.139216,10.1329,0,10.1329
0.101248,-0.135422,10.1351,0,10.1351
0.0974551,-0.131683,10.1372,0,10.1372
0.0936681,-0.12795,10.1394,0,10.1394
0.0898151,-0.12414,10.1415,0,10.1415
0.0859858,-0.120351,10.1436,0,10.1436
0.0819477,-0.116356,10.1457,0,10.1457
0.0783512,-0.112801,10.1478,0,10.1478
0.0745366,-0.109033,10.1499,0,10.1499
0.070728,-0.105272,10.152,0,10.152
0.0668896,-0.101486,10.1541,0,10.1541
0.0630505,-0.0976998,10.1562,0,10.1562
0.0592028,-0.0939049,10.1586,0,10.1586
0.0553546,-0.090124,10.1607,0,10.1607
0.0514952,-0.0863276,10.1629,0,10.1629
0.0476834,-0.0825847,10.165,0,10.165
0.0438583,-0.0788277,10.1672,0,10.1672
0.0399837,-0.0750217,10.1693,0,10.1693
0.0361356,-0.0712416,10.1715,0,10.1715
0.0323064,-0.0674808,10.1736,0,10.1736
0.0284485,-0.0636917,10.1757,0,10.1757
0.0245816,-0.0599084,10.1779,0,10.1779
0.0207106,-0.0561195,10.18,0,10.18
0.0168054,-0.0522969,10.1821,0,10.1821
0.0129375,-0.0485116,10.1842,0,10.1842
0.00907113,-0.0447279,10.1863,0,10.1863
0.0051663,-0.0409139,10.1885,0,10.1885
0.00127935,-0.0371216,10.1906,0,10.1906
-0.00261411,-0.0333244,10.1927,0,10.1927
-0.00648771,-0.0295359,10.1948,0,10.1948
-0.0103531,-0.025755,10.1969,0,10.1969
-0.0142123,-0.0219746,10.199,0,10.199
-0.0180742,-0.018192,10.2012,0,10.2012
-0.0219066,-0.0144307,10.2033,0,10.2033
-0.0257101,-0.0106983,10.2055,0,10.2055
-0.0295628,-0.00692321,10.2076,0,10.2076
-0.0334189,-0.0031444,10.2097,0,10.2097
-0.0372911,0.000659007,10.2119,0,10.2119
-0.0411327,0.00443179,10.214,0,10.214
-0.0449549,0.00819828,10.2162,0,10.2162
-0.0487808,0.0119674,10.2183,0,10.2183
-0.0526029,0.0157329,10.2206,0,10.2206
-0.056536,0.0196136,10.2227,0,10.2227
-0.0603755,0.0233978,10.2249,0,10.2249
-0.0642388,0.0272053,10.227,0,10.227
-0.0681191,0.0310231,10.2291,0,10.2291
-0.0719736,0.0348155,10.2312,0,10.2312
-0.075841,0.0386206,10.2336,0,10.2336
-0.0796667,0.0424226,10.2357,0,10.2357
-0.0835172,0.0462367,10.2379,0,10.2379
-0.0873665,0.0500652,10.24,0,10.24
-0.0912144,0.0538897,10.2422,0,10.2422
-0.0950101,0.0576689,10.2443,0,10.2443
-0.0987962,0.0614378,10.2465,0,10.2465
-0.102629,0.0652511,10.2486,0,10.2486
-0.10646,0.0690621,10.2507,0,10.2507
-0.110294,0.0728767,10.2531,0,10.2531
-0.114088,0.0766374,10.2552,0,10.2552
-0.11789,0.0804112,10.2574,0,10.2574
-0.121683,0.0841757,10.2598,0,10.2598
-0.125541,0.0879851,10.2619,0,10.2619
-0.129387,0.0917963,10.264,0,10.264
-0.133246,0.0956279,10.2661,0,10.2661
-0.137056,0.0994152,10.2682,0,10.2682
-0.140846,0.103192,10.2703,0,10.2703
-0.144658,0.106994,10.2724,0,10.2724
-0.148496,0.110824,10.2745,0,10.2745
-0.152322,0.114642,10.2766,0,10.2766
-0.156128,0.118441,10.2787,0,10.2787
-0.159912,0.122217,10.281,0,10.281
-0.163776,0.126055,10.2832,0,10.2832
-0.167607,0.129876,10.2853,0,10.2853
-0.171454,0.133712,10.2874,0,10.2874
-0.175911,0.138172,10.2895,0,10.2895
-0.180019,0.142283,10.2917,0,10.2917
-0.182999,0.145278,10.2938,0,10.2938
-0.18682,0.149115,10.2959,0,10.2959
-0.190639,0.15295,10.2982,0,10.2982
-0.1944,0.156736,10.3004,0,10.3004
-0.198176,0.160534,10.3026,0,10.3026
-0.20197,0.16435,10.3047,0,10.3047
-0.205755,0.168154,10.3068,0,10.3068
-0.210008,0.172427,10.3089,0,10.3089
-0.213325,0.175759,10.311,0,10.311
-0.217112,0.179562,10.3132,0,10.3132
-0.220927,0.183433,10.3153,0,10.3153
-0.224733,0.187319,10.3175,0,10.3175
-0.228539,0.191208,10.3196,0,10.3196
-0.232323,0.195136,10.3217,0,10.3217
-0.236117,0.199074,10.3238,0,10.3238
-0.239844,0.203024,10.326,0,10.326
-0.243578,0.206976,10.3281,0,10.3281
-0.247258,0.210948,10.3302,0,10.3302
-0.251002,0.214983,10.3324,0,10.3324
-0.25463,0.218892,10.3347,0,10.3347
-0.258675,0.223251,10.3374,0,10.3374
-0.261876,0.226898,10.3393,0,10.3393
-0.265458,0.230879,10.3414,0,10.3414
-0.269063,0.234884,10.3436,0,10.3436
-0.272689,0.238928,10.3457,0,10.3457
-0.276307,0.242962,10.3479,0,10.3479
-0.279855,0.246927,10.35,0,10.35
-0.283426,0.250916,10.3521,0,10.3521
-0.286994,0.254903,10.3544,0,10.3544
-0.290593,0.258927,10.3566,0,10.3566
-0.294228,0.26299,10.3587,0,10.3587
-0.297834,0.267018,10.3608,0,10.3608
-0.301422,0.271027,10.3629,0,10.3629
-0.305014,0.275034,10.365,0,10.365
-0.308614,0.279042,10.3671,0,10.3671
-0.312197,0.283027,10.3692,0,10.3692
-0.315773,0.286993,10.3713,0,10.3713
-0.319338,0.290944,10.3734,0,10.3734
-0.322952,0.294942,10.3756,0,10.3756
-0.326588,0.298965,10.3777,0,10.3777
-0.330238,0.302999,10.3798,0,10.3798
-0.333875,0.307019,10.382,0,10.382
-0.337549,0.311077,10.3841,0,10.3841
-0.341166,0.315075,10.3862,0,10.3862
-0.344781,0.31907,10.3883,0,10.3883
-0.348396,0.323067,10.3904,0,10.3904
-0.352014,0.327068,10.3926,0,10.3926
-0.355658,0.331097,10.3949,0,10.3949
-0.359239,0.335039,10.397,0,10.397
-0.362852,0.339022,10.3992,0,10.3992
-0.366769,0.343334,10.4014,0,10.4014
-0.370107,0.347008,10.4035,0,10.4035
-0.373732,0.350992,10.4056,0,10.4056
-0.379152,0.356949,10.4079,0,10.4079
-0.380996,0.358987,10.4099,0,10.4099
-0.384655,0.363021,10.412,0,10.412
-0.388296,0.367044,10.4142,0,10.4142
-0.391912,0.371037,10.4163,0,10.4163
-0.39554,0.375043,10.4184,0,10.4184
-0.40023,0.380218,10.4206,0,10.4206
-0.402788,0.383039,10.4227,0,10.4227
-0.406401,0.387015,10.4248,0,10.4248
-0.410028,0.391008,10.4269,0,10.4269
-0.413637,0.394997,10.4291,0,10.4291
-0.417269,0.399009,10.4312,0,10.4312
-0.420883,0.403,10.4335,0,10.4335
-0.424539,0.407052,10.4357,0,10.4357
-0.428159,0.411059,10.4378,0,10.4378
-0.431752,0.415036,10.4399,0,10.4399
-0.435367,0.419037,10.4419,0,10.4419
-0.438966,0.423018,10.4441,0,10.4441
-0.443134,0.427628,10.4462,0,10.4462
-0.446204,0.431016,10.4483,0,10.4483
-0.449823,0.435012,10.4505,0,10.4505
-0.453473,0.439056,10.4526,0,10.4526
-0.457083,0.443056,10.4547,0,10.4547
-0.460705,0.447085,10.4569,0,10.4569
-0.464333,0.45112,10.459,0,10.459
-0.468287,0.455517,10.4614,0,10.4614
-0.471582,0.459205,10.4635,0,10.4635
-0.475197,0.463241,10.4656,0,10.4656
-0.478806,0.467271,10.4677,0,10.4677
-0.482403,0.471285,10.4697,0,10.4697
-0.486011,0.475309,10.4718,0,10.4718
-0.489634,0.479341,10.4739,0,10.4739
-0.493272,0.48339,10.4761,0,10.4761
-0.496889,0.487437,10.4782,0,10.4782
-0.500511,0.491488,10.4803,0,10.4803
-0.504102,0.495515,10.4825,0,10.4825
-0.507701,0.499555,10.4846,0,10.4846
-0.511247,0.503538,10.4867,0,10.4867
-0.514825,0.507557,10.4889,0,10.4889
-0.518369,0.511554,10.4911,0,10.4911
-0.521984,0.51563,10.4932,0,10.4932
-0.525605,0.519713,10.4953,0,10.4953
-0.52922,0.523784,10.4974,0,10.4974
-0.532821,0.527836,10.4995,0,10.4995
-0.536404,0.531866,10.5016,0,10.5016
-0.54,0.535911,10.5039,0,10.5039
-0.543612,0.540005,10.506,0,10.506
-0.547217,0.544083,10.5082,0,10.5082
-0.550776,0.548129,10.5103,0,10.5103
-0.554354,0.552195,10.5125,0,10.5125
-0.557892,0.556229,10.5146,0,10.5146
-0.561445,0.56028,10.5168,0,10.5168
-0.564999,0.564344,10.5189,0,10.5189
-0.56858,0.568439,10.521,0,10.521
-0.572161,0.572534,10.5231,0,10.5231
-0.57574,0.576632,10.5252,0,10.5252
-0.57931,0.580722,10.5274,0,10.5274
-0.582855,0.584781,10.5297,0,10.5297
-0.586382,0.588818,10.5318,0,10.5318
-0.589918,0.592864,10.5339,0,10.5339
-0.593446,0.596914,10.536,0,10.536
-0.596986,0.600984,10.5381,0,10.5381
-0.600513,0.605039,10.5403,0,10.5403
-0.604017,0.609114,10.5425,0,10.5425
-0.607534,0.613193,10.5447,0,10.5447
-0.611065,0.617316,10.5468,0,10.5468
-0.614537,0.621366,10.5489,0,10.5489
-0.618009,0.62543,10.5511,0,10.5511
-0.621501,0.62952,10.5532,0,10.5532
-0.624999,0.63362,10.5553,0,10.5553
-0.628508,0.637734,10.5573,0,10.5573
-0.632009,0.641837,10.5595,0,10.5595
-0.635533,0.645967,10.5616,0,10.5616
-0.639032,0.650061,10.5637,0,10.5637
-0.642509,0.654129,10.5659,0,10.5659
-0.646008,0.658224,10.5682,0,10.5682
-0.649546,0.662336,10.5703,0,10.5703
-0.653071,0.666462,10.5724,0,10.5724
-0.656573,0.670562,10.5745,0,10.5745
-0.66007,0.674655,10.5768,0,10.5768
-0.662969,0.678165,10.5789,0,10.5789
-0.666059,0.681864,10.5811,0,10.5811
-0.668674,0.68511,10.5833,0,10.5833
-0.671361,0.688424,10.5854,0,10.5854
-0.673507,0.691174,10.5876,0,10.5876
-0.675689,0.693956,10.5897,0,10.5897
-0.678203,0.697162,10.5921,0,10.5921
-0.679734,0.699347,10.5942,0,10.5942
-0.681577,0.701855,10.5965,0,10.5965
-0.682408,0.703065,10.5985,0,10.5985
-0.683629,0.704833,10.6006,0,10.6006
-0.684812,0.706561,10.6027,0,10.6027
-0.685884,0.708176,10.6049,0,10.6049
-0.68688,0.709708,10.607,0,10.607
-0.687822,0.711168,10.6091,0,10.6091
-0.688777,0.712649,10.6113,0,10.6113
-0.689602,0.714012,10.6134,0,10.6134
-0.690465,0.715409,10.6156,0,10.6156
-0.691161,0.716566,10.6178,0,10.6178
-0.691795,0.717621,10.6199,0,10.6199
-0.692408,0.718644,10.622,0,10.622
-0.693021,0.719666,10.6242,0,10.6242
-0.693381,0.720269,10.6264,0,10.6264
-0.693813,0.720991,10.6286,0,10.6286
-0.694077,0.721426,10.6307,0,10.6307
-0.694367,0.721907,10.6329,0,10.6329
-0.694508,0.722134,10.635,0,10.635
-0.694663,0.722386,10.6371,0,10.6371
-0.694713,0.722466,10.6393,0,10.6393
-0.694771,0.722559,10.6414,0,10.6414
-0.694779,0.722571,10.6436,0,10.6436
-0.694782,0.722577,10.6457,0,10.6457
-0.694783,0.722579,10.6478,0,10.6478
-0.694798,0.7226,10.6499,0,10.6499
-0.694815,0.722626,10.652,0,10.652
-0.694819,0.722631,10.6541,0,10.6541
-0.694825,0.722639,10.6563,0,10.6563
-0.694827,0.722642,10.6584,0,10.6584
-0.694829,0.722645,10.6606,0,10.6606
-0.694846,0.722667,10.6627,0,10.6627
-0.694862,0.722689,10.6648,0,10.6648
-0.694873,0.722703,10.667,0,10.667
-0.69488,0.722711,10.6691,0,10.6691
-0.694886,0.72272,10.6712,0,10.6712
-0.694874,0.722705,10.6733,0,10.6733
-0.694851,0.722677,10.6754,0,10.6754
-0.694823,0.722643,10.6775,0,10.6775
-0.694839,0.722662,10.6796,0,10.6796
-0.694858,0.722683,10.6817,0,10.6817
-0.694838,0.722661,10.6839,0,10.6839
-0.694818,0.72264,10.686,0,10.686
-0.694801,0.722621,10.6883,0,10.6883
-0.694783,0.722601,10.6909,0,10.6909
-0.694762,0.72258,10.6929,0,10.6929
-0.694741,0.722558,10.6952,0,10.6952
-0.694691,0.722507,10.6973,0,10.6973
-0.694647,0.722462,10.6995,0,10.6995
-0.69465,0.722465,10.7016,0,10.7016
-0.694647,0.722462,10.7037,0,10.7037
-0.694653,0.722468,10.7059,0,10.7059
-0.694636,0.722452,10.708,0,10.708
-0.694612,0.722429,10.7101,0,10.7101
-0.694589,0.722407,10.7123,0,10.7123
-0.694566,0.722386,10.7145,0,10.7145
-0.694543,0.722364,10.7167,0,10.7167
-0.694559,0.722379,10.7188,0,10.7188
-0.694583,0.722399,10.7209,0,10.7209
-0.694611,0.722423,10.723,0,10.723
-0.694594,0.722409,10.7251,0,10.7251
-0.694594,0.722409,10.7272,0,10.7272
-0.694602,0.722415,10.7293,0,10.7293
-0.694595,0.72241,10.7314,0,10.7314
-0.694597,0.722412,10.7335,0,10.7335
-0.694604,0.722417,10.7356,0,10.7356
-0.69461,0.722422,10.7379,0,10.7379
-0.694583,0.722401,10.74,0,10.74
-0.694566,0.722388,10.7422,0,10.7422
-0.694555,0.722379,10.7443,0,10.7443
-0.69458,0.722398,10.7464,0,10.7464
-0.694606,0.722417,10.7485,0,10.7485
-0.694632,0.722436,10.7508,0,10.7508
-0.694639,0.72244,10.753,0,10.753
-0.694664,0.722458,10.7551,0,10.7551
-0.694691,0.722477,10.7572,0,10.7572
-0.694712,0.722491,10.7593,0,10.7593
-0.694722,0.722498,10.7614,0,10.7614
-0.694728,0.722502,10.7635,0,10.7635
-0.694694,0.72248,10.7656,0,10.7656
-0.694675,0.722468,10.7677,0,10.7677
-0.694663,0.72246,10.7698,0,10.7698
-0.694698,0.722482,10.7719,0,10.7719
-0.694737,0.722506,10.7741,0,10.7741
-0.69473,0.722502,10.7762,0,10.7762
-0.694726,0.722499,10.7783,0,10.7783
-0.69472,0.722496,10.7807,0,10.7807
-0.694705,0.722487,10.7828,0,10.7828
-0.694691,0.722478,10.7849,0,10.7849
-0.694676,0.72247,10.787,0,10.787
-0.694661,0.722462,10.7893,0,10.7893
-0.694614,0.722436,10.7914,0,10.7914
-0.69464,0.722449,10.7936,0,10.7936
-0.694666,0.722463,10.7957,0,10.7957
-0.694699,0.722481,10.7978,0,10.7978
-0.694713,0.722488,10.7999,0,10.7999
-0.694718,0.722491,10.802,0,10.802
-0.694699,0.722481,10.8041,0,10.8041
-0.694682,0.722473,10.8063,0,10.8063
-0.694654,0.722459,10.8084,0,10.8084
-0.694627,0.722446,10.8105,0,10.8105
-0.694642,0.722453,10.8127,0,10.8127
-0.694655,0.722459,10.8148,0,10.8148
-0.694622,0.722444,10.8169,0,10.8169
-0.694592,0.722431,10.8191,0,10.8191
-0.694532,0.722405,10.8212,0,10.8212
-0.694468,0.722377,10.8234,0,10.8234
-0.694499,0.72239,10.8255,0,10.8255
-0.694521,0.722399,10.8276,0,10.8276
-0.694539,0.722406,10.8298,0,10.8298
-0.694549,0.72241,10.8319,0,10.8319
-0.694555,0.722413,10.834,0,10.834
-0.694556,0.722413,10.8361,0,10.8361
-0.694557,0.722414,10.8382,0,10.8382
-0.694556,0.722413,10.8404,0,10.8404
-0.694556,0.722413,10.8425,0,10.8425
-0.694572,0.722419,10.8446,0,10.8446
-0.694566,0.722417,10.8467,0,10.8467
-0.694556,0.722413,10.8488,0,10.8488
-0.694534,0.722405,10.851,0,10.851
-0.694511,0.722397,10.8531,0,10.8531
-0.694488,0.722388,10.8554,0,10.8554
-0.694488,0.722388,10.8575,0,10.8575
-0.694481,0.722386,10.8597,0,10.8597
-0.694449,0.722375,10.8619,0,10.8619
-0.694403,0.722359,10.864,0,10.864
-0.694352,0.722343,10.8661,0,10.8661
-0.694342,0.722339,10.8682,0,10.8682
-0.694333,0.722336,10.8703,0,10.8703
-0.694317,0.722332,10.8725,0,10.8725
-0.694303,0.722327,10.8746,0,10.8746
-0.694333,0.722336,10.8767,0,10.8767
-0.69436,0.722343,10.8789,0,10.8789
-0.694331,0.722335,10.881,0,10.881
-0.694305,0.722328,10.8832,0,10.8832
-0.694275,0.72232,10.8856,0,10.8856
-0.694317,0.722331,10.8876,0,10.8876
-0.694333,0.722334,10.8898,0,10.8898
-0.694351,0.722339,10.8922,0,10.8922
-0.694368,0.722343,10.8949,0,10.8949
-0.694434,0.722357,10.8968,0,10.8968
-0.694477,0.722366,10.8989,0,10.8989
-0.694521,0.722375,10.9011,0,10.9011
-0.694459,0.722363,10.9032,0,10.9032
-0.694409,0.722353,10.9054,0,10.9054
-0.694418,0.722355,10.9075,0,10.9075
-0.694424,0.722356,10.9096,0,10.9096
-0.69443,0.722357,10.912,0,10.912
-0.694306,0.722336,10.9141,0,10.9141
-0.694265,0.72233,10.9162,0,10.9162
-0.694268,0.72233,10.9183,0,10.9183
-0.694292,0.722333,10.9204,0,10.9204
-0.694318,0.722337,10.9225,0,10.9225
-0.694345,0.72234,10.9246,0,10.9246
-0.69434,0.72234,10.9268,0,10.9268
-0.694336,0.722339,10.9289,0,10.9289
-0.694336,0.722339,10.931,0,10.931
-0.694337,0.72234,10.9332,0,10.9332
-0.694293,0.722335,10.9353,0,10.9353
-0.694276,0.722334,10.9374,0,10.9374
-0.694266,0.722333,10.9395,0,10.9395
-0.69433,0.722337,10.9416,0,10.9416
-0.694396,0.722342,10.9438,0,10.9438
-0.694431,0.722345,10.9459,0,10.9459
-0.694468,0.722348,10.948,0,10.948
-0.694504,0.72235,10.9504,0,10.9504
-0.694487,0.722349,10.9525,0,10.9525
-0.694469,0.722348,10.9546,0,10.9546
-0.694475,0.722349,10.9567,0,10.9567
-0.694495,0.722349,10.9588,0,10.9588
-0.694449,0.722348,10.9609,0,10.9609
-0.694399,0.722347,10.963,0,10.963
-0.694363,0.722346,10.9652,0,10.9652
-0.694327,0.722345,10.9673,0,10.9673
-0.69429,0.722345,10.9694,0,10.9694
-0.694253,0.722345,10.9716,0,10.9716
-0.69424,0.722345,10.9737,0,10.9737
-0.694226,0.722345,10.9759,0,10.9759
-0.694298,0.722344,10.978,0,10.978
-0.694345,0.722343,10.9801,0,10.9801
-0.694385,0.722343,10.9822,0,10.9822
-0.694426,0.722342,10.9845,0,10.9845
-0.694381,0.722343,10.9866,0,10.9866
-0.694364,0.722344,10.9887,0,10.9887
-0.694342,0.722345,10.9908,0,10.9908
-0.694317,0.722346,10.9929,0,10.9929
-0.694292,0.722347,10.9951,0,10.9951
-0.69425,0.72235,10.9973,0,10.9973
-0.694213,0.722352,10.9994,0,10.9994
-0.694164,0.722355,11.0016,0,11.0016
-0.694162,0.722355,11.0037,0,11.0037
-0.694172,0.722355,11.0058,0,11.0058
-0.694214,0.722351,11.0079,0,11.0079
-0.694258,0.722347,11.01,0,11.01
-0.69428,0.722345,11.0122,0,11.0122
-0.694303,0.722343,11.0143,0,11.0143
-0.69432,0.722341,11.0165,0,11.0165
-0.694338,0.72234,11.0186,0,11.0186
-0.69439,0.722334,11.0207,0,11.0207
-0.694391,0.722334,11.0228,0,11.0228
-0.694378,0.722336,11.0249,0,11.0249
-0.694405,0.722332,11.0271,0,11.0271
-0.694434,0.722328,11.0292,0,11.0292
-0.694414,0.722331,11.0313,0,11.0313
-0.694396,0.722334,11.0335,0,11.0335
-0.694398,0.722333,11.0356,0,11.0356
-0.694398,0.722333,11.0377,0,11.0377
-0.694375,0.722337,11.0399,0,11.0399
-0.694358,0.72234,11.042,0,11.042
-0.694335,0.722343,11.0442,0,11.0442
-0.694322,0.722346,11.0463,0,11.0463
-0.694312,0.722347,11.0484,0,11.0484
-0.694302,0.722349,11.0506,0,11.0506
-0.69424,0.722361,11.0528,0,11.0528
-0.694193,0.72237,11.055,0,11.055
-0.694205,0.722367,11.0571,0,11.0571
-0.694208,0.722367,11.0593,0,11.0593
-0.694208,0.722367,11.0614,0,11.0614
-0.694208,0.722366,11.0635,0,11.0635
-0.694271,0.722352,11.0657,0,11.0657
-0.69433,0.722339,11.0678,0,11.0678
-0.694388,0.722326,11.0701,0,11.0701
-0.694379,0.722328,11.0722,0,11.0722
-0.694393,0.722325,11.0745,0,11.0745
-0.694362,0.722333,11.0766,0,11.0766
-0.694338,0.722339,11.0787,0,11.0787
-0.694315,0.722345,11.0811,0,11.0811
-0.694403,0.722322,11.0832,0,11.0832
-0.694458,0.722307,11.0853,0,11.0853
-0.694513,0.722292,11.0874,0,11.0874
-0.694569,0.722277,11.0897,0,11.0897
-0.694481,0.722303,11.0918,0,11.0918
-0.694436,0.722316,11.094,0,11.094
-0.694392,0.72233,11.0964,0,11.0964
-0.695252,0.722059,11.0986,0,11.0986
-0.695672,0.721926,11.1007,0,11.1007
-0.696866,0.721539,11.1029,0,11.1029
-0.697937,0.721192,11.105,0,11.105
-0.699735,0.72057,11.1072,0,11.1072
-0.702115,0.719725,11.1093,0,11.1093
-0.704196,0.718979,11.1114,0,11.1114
-0.707146,0.717861,11.1135,0,11.1135
-0.710506,0.716549,11.1156,0,11.1156
-0.714023,0.715162,11.1177,0,11.1177
-0.718197,0.713438,11.1198,0,11.1198
-0.722773,0.711484,11.1219,0,11.1219
-0.727524,0.709433,11.124,0,11.124
-0.732282,0.707379,11.1263,0,11.1263
-0.737612,0.704903,11.1284,0,11.1284
-0.742903,0.702397,11.1305,0,11.1305
-0.748267,0.699848,11.1326,0,11.1326
-0.754079,0.696979,11.1348,0,11.1348
-0.75907,0.694459,11.1369,0,11.1369
-0.764622,0.69164,11.139,0,11.139
-0.770127,0.688845,11.1412,0,11.1412
-0.77594,0.685774,11.1433,0,11.1433
-0.781815,0.682671,11.1455,0,11.1455
-0.787729,0.679545,11.1476,0,11.1476
-0.793646,0.676417,11.1499,0,11.1499
-0.799909,0.673086,11.152,0,11.152
-0.806094,0.669802,11.1541,0,11.1541
-0.812318,0.666498,11.1562,0,11.1562
-0.818473,0.663235,11.1583,0,11.1583
-0.824643,0.659963,11.1605,0,11.1605
-0.830802,0.656698,11.1628,0,11.1628
-0.836994,0.653431,11.1649,0,11.1649
-0.843208,0.650151,11.167,0,11.167
-0.84943,0.646868,11.1691,0,11.1691
-0.855631,0.643602,11.1713,0,11.1713
-0.861838,0.640338,11.1734,0,11.1734
-0.868058,0.637068,11.1755,0,11.1755
-0.87429,0.633792,11.1777,0,11.1777
-0.880437,0.630576,11.1799,0,11.1799
-0.886613,0.627341,11.182,0,11.182
-0.892911,0.624058,11.1842,0,11.1842
-0.899092,0.620834,11.1863,0,11.1863
-0.905303,0.617602,11.1885,0,11.1885
-0.911551,0.61435,11.1906,0,11.1906
-0.917761,0.611136,11.1928,0,11.1928
-0.923985,0.607913,11.1949,0,11.1949
-0.930154,0.604729,11.197,0,11.197
-0.936376,0.601523,11.1991,0,11.1991
-0.942581,0.598327,11.2012,0,11.2012
-0.948782,0.595144,11.2034,0,11.2034
-0.955006,0.591953,11.2054,0,11.2054
-0.961244,0.588758,11.2075,0,11.2075
-0.967449,0.585594,11.2097,0,11.2097
-0.973674,0.582421,11.2118,0,11.2118
-0.97995,0.579236,11.2139,0,11.2139
-0.986195,0.576075,11.216,0,11.216
-0.992475,0.572898,11.2181,0,11.2181
-0.998679,0.569771,11.2203,0,11.2203
-1.00591,0.566129,11.2224,0,11.2224
-1.01117,0.563488,11.2245,0,11.2245
-1.01742,0.560355,11.2266,0,11.2266
-1.02367,0.557229,11.2287,0,11.2287
-1.02988,0.554138,11.2308,0,11.2308
-1.0361,0.551041,11.233,0,11.233
-1.0424,0.54792,11.2351,0,11.2351
-1.04867,0.544827,11.2372,0,11.2372
-1.05494,0.541734,11.2393,0,11.2393
-1.0612,0.538657,11.2414,0,11.2414
-1.06745,0.535582,11.2435,0,11.2435
-1.07371,0.532506,11.2459,0,11.2459
-1.08029,0.529295,11.248,0,11.248
-1.08663,0.526203,11.2501,0,11.2501
-1.09256,0.523313,11.2522,0,11.2522
-1.09884,0.52027,11.2543,0,11.2543
-1.10512,0.517225,11.2565,0,11.2565
-1.11197,0.513919,11.2586,0,11.2586
-1.11775,0.51114,11.2607,0,11.2607
-1.12469,0.507801,11.2628,0,11.2628
-1.13036,0.505092,11.2649,0,11.2649
-1.13664,0.502091,11.2671,0,11.2671
-1.14297,0.499088,11.2692,0,11.2692
-1.14931,0.496078,11.2713,0,11.2713
-1.15568,0.493067,11.2735,0,11.2735
-1.16205,0.490052,11.2756,0,11.2756
-1.16844,0.487042,11.2778,0,11.2778
-1.17484,0.484025,11.2799,0,11.2799
-1.18123,0.481016,11.2822,0,11.2822
-1.18756,0.478056,11.2843,0,11.2843
-1.19389,0.475089,11.2865,0,11.2865
-1.20016,0.472164,11.2887,0,11.2887
-1.20646,0.469225,11.2908,0,11.2908
-1.2128,0.466273,11.293,0,11.293
-1.21913,0.463332,11.2951,0,11.2951
-1.22547,0.460391,11.2972,0,11.2972
-1.23181,0.45746,11.2993,0,11.2993
-1.23818,0.454518,11.3014,0,11.3014
-1.24452,0.451586,11.3037,0,11.3037
-1.2508,0.448719,11.3059,0,11.3059
-1.25712,0.445825,11.3081,0,11.3081
-1.26343,0.442933,11.3104,0,11.3104
-1.26979,0.44005,11.3125,0,11.3125
-1.27616,0.437154,11.3148,0,11.3148
-1.28255,0.434268,11.3169,0,11.3169
-1.28894,0.431383,11.3191,0,11.3191
-1.29595,0.428212,11.3214,0,11.3214
-1.30177,0.42561,11.3235,0,11.3235
-1.30812,0.422768,11.3256,0,11.3256
-1.3145,0.419908,11.3277,0,11.3277
-1.32088,0.417074,11.3299,0,11.3299
-1.32731,0.414222,11.332,0,11.332
-1.33376,0.411365,11.3341,0,11.3341
-1.34015,0.408548,11.3362,0,11.3362
-1.34662,0.405695,11.3383,0,11.3383
-1.35295,0.402912,11.3405,0,11.3405
-1.35938,0.400087,11.3426,0,11.3426
-1.36579,0.397273,11.3449,0,11.3449
-1.37221,0.394491,11.347,0,11.347
-1.37865,0.3917,11.3491,0,11.3491
-1.38507,0.388917,11.3513,0,11.3513
-1.3915,0.386132,11.3535,0,11.3535
-1.39792,0.383349,11.3562,0,11.3562
-1.40437,0.380623,11.3581,0,11.3581
-1.41083,0.377862,11.3604,0,11.3604
-1.41793,0.37485,11.3625,0,11.3625
-1.42385,0.372346,11.3646,0,11.3646
-1.43033,0.369602,11.3667,0,11.3667
-1.43676,0.366893,11.3689,0,11.3689
-1.44321,0.364182,11.371,0,11.371
-1.44963,0.361488,11.3731,0,11.3731
-1.4561,0.358788,11.3752,0,11.3752
-1.46255,0.356106,11.3773,0,11.3773
-1.46902,0.353419,11.3794,0,11.3794
-1.47551,0.350743,11.3815,0,11.3815
-1.482,0.348066,11.3836,0,11.3836
-1.48846,0.34542,11.3858,0,11.3858
-1.49492,0.342775,11.3879,0,11.3879
-1.5014,0.34013,11.39,0,11.39
-1.5089,0.337073,11.3922,0,11.3922
-1.51431,0.334865,11.3945,0,11.3945
-1.52081,0.332258,11.3966,0,11.3966
-1.52731,0.329639,11.3988,0,11.3988
-1.53386,0.327019,11.4009,0,11.4009
-1.5404,0.324407,11.403,0,11.403
-1.54689,0.321822,11.4051,0,11.4051
-1.5534,0.319236,11.4072,0,11.4072
-1.55988,0.316676,11.4093,0,11.4093
-1.56639,0.314111,11.4114,0,11.4114
-1.57288,0.311558,11.4135,0,11.4135
-1.57938,0.309017,11.4156,0,11.4156
-1.58701,0.306038,11.4178,0,11.4178
-1.59241,0.303944,11.4199,0,11.4199
-1.59886,0.301436,11.422,0,11.422
-1.60534,0.298932,11.4242,0,11.4242
-1.61247,0.296176,11.4263,0,11.4263
-1.61834,0.293908,11.4286,0,11.4286
-1.62488,0.291424,11.4307,0,11.4307
-1.63142,0.288929,11.4329,0,11.4329
-1.63742,0.286671,11.4351,0,11.4351
-1.64313,0.284534,11.4372,0,11.4372
-1.64867,0.282469,11.4393,0,11.4393
-1.65358,0.28069,11.4414,0,11.4414
-1.65806,0.279094,11.4435,0,11.4435
-1.66239,0.277561,11.4456,0,11.4456
-1.66604,0.276317,11.4477,0,11.4477
-1.66967,0.275079,11.4498,0,11.4498
-1.6733,0.273844,11.4521,0,11.4521
-1.676,0.273026,11.4543,0,11.4543
-1.679,0.272072,11.4565,0,11.4565
-1.68125,0.271405,11.4586,0,11.4586
-1.68364,0.270684,11.4608,0,11.4608
-1.68563,0.270112,11.4629,0,11.4629
-1.68734,0.269632,11.465,0,11.465
-1.68911,0.269137,11.4671,0,11.4671
-1.69067,0.268717,11.4692,0,11.4692
-1.69221,0.268302,11.4714,0,11.4714
-1.69358,0.267947,11.4735,0,11.4735
-1.69495,0.26759,11.4756,0,11.4756
-1.69606,0.267305,11.4778,0,11.4778
-1.69719,0.267014,11.4799,0,11.4799
-1.69814,0.266771,11.482,0,11.482
-1.69886,0.266584,11.4841,0,11.4841
-1.69951,0.266415,11.4862,0,11.4862
-1.69986,0.266322,11.4884,0,11.4884
-1.70004,0.266271,11.4905,0,11.4905
-1.70017,0.266235,11.4926,0,11.4926
-1.70022,0.266223,11.4947,0,11.4947
-1.70023,0.26622,11.4968,0,11.4968
-1.70023,0.266222,11.4989,0,11.4989
-1.70022,0.266223,11.5011,0,11.5011
-1.7002,0.266231,11.5033,0,11.5033
-1.70018,0.266237,11.5054,0,11.5054
-1.70018,0.266238,11.5076,0,11.5076
-1.70017,0.26624,11.5097,0,11.5097
-1.70019,0.266233,11.5119,0,11.5119
-1.70021,0.266227,11.514,0,11.514
-1.70022,0.266224,11.5162,0,11.5162
-1.70022,0.266223,11.5183,0,11.5183
-1.70023,0.26622,11.5206,0,11.5206
-1.7002,0.26623,11.5228,0,11.5228
-1.7002,0.26623,11.5249,0,11.5249
-1.7002,0.266229,11.527,0,11.527
-1.70016,0.266246,11.5291,0,11.5291
-1.70011,0.266268,11.5312,0,11.5312
-1.70006,0.266292,11.5333,0,11.5333
-1.70001,0.266316,11.5356,0,11.5356
-1.7,0.266319,11.5377,0,11.5377
-1.7,0.266317,11.5398,0,11.5398
-1.70001,0.266315,11.5419,0,11.5419
-1.69996,0.266337,11.5441,0,11.5441
-1.69992,0.26636,11.5462,0,11.5462
-1.69987,0.266383,11.5483,0,11.5483
-1.69989,0.266373,11.5504,0,11.5504
-1.69991,0.266361,11.5525,0,11.5525
-1.69993,0.266349,11.5548,0,11.5548
-1.69996,0.266337,11.5575,0,11.5575
-1.69999,0.266318,11.5594,0,11.5594
-1.69999,0.266316,11.5615,0,11.5615
-1.69995,0.266343,11.5636,0,11.5636
-1.69988,0.266382,11.5657,0,11.5657
-1.69986,0.266393,11.5679,0,11.5679
-1.69985,0.266402,11.57,0,11.57
-1.69983,0.266411,11.5723,0,11.5723
-1.69979,0.266439,11.5744,0,11.5744
-1.69975,0.26646,11.5766,0,11.5766
-1.69971,0.266487,11.5788,0,11.5788
-1.69968,0.266507,11.5809,0,11.5809
-1.69965,0.266525,11.583,0,11.583
-1.69964,0.266528,11.5851,0,11.5851
-1.69966,0.266516,11.5872,0,11.5872
-1.69969,0.266499,11.5893,0,11.5893
-1.69971,0.266481,11.5915,0,11.5915
-1.69966,0.266522,11.5937,0,11.5937
-1.69964,0.266533,11.5958,0,11.5958
-1.69963,0.26654,11.5979,0,11.5979
-1.69962,0.266548,11.6002,0,11.6002
-1.6996,0.266561,11.6023,0,11.6023
-1.69959,0.266572,11.6045,0,11.6045
-1.69954,0.266612,11.6066,0,11.6066
-1.69955,0.266604,11.6087,0,11.6087
-1.69955,0.266603,11.6108,0,11.6108
-1.69954,0.266611,11.6129,0,11.6129
-1.69954,0.26661,11.615,0,11.615
-1.69954,0.266608,11.6171,0,11.6171
-1.69954,0.266612,11.6193,0,11.6193
-1.69953,0.266617,11.6214,0,11.6214
-1.69952,0.26663,11.6236,0,11.6236
-1.6995,0.266643,11.6257,0,11.6257
-1.69949,0.266655,11.628,0,11.628
-1.69946,0.26668,11.6301,0,11.6301
-1.69944,0.2667,11.6323,0,11.6323
-1.69947,0.266669,11.6345,0,11.6345
-1.69949,0.266651,11.6367,0,11.6367
-1.69948,0.266666,11.6388,0,11.6388
-1.69946,0.266685,11.6409,0,11.6409
-1.69944,0.266707,11.643,0,11.643
-1.69946,0.266686,11.6451,0,11.6451
-1.69948,0.266663,11.6472,0,11.6472
-1.6995,0.266641,11.6496,0,11.6496
-1.69946,0.266686,11.6517,0,11.6517
-1.69945,0.266692,11.6538,0,11.6538
-1.69945,0.266697,11.6559,0,11.6559
-1.69943,0.266716,11.658,0,11.658
-1.69942,0.266734,11.6602,0,11.6602
-1.69943,0.266717,11.6623,0,11.6623
-1.69944,0.266703,11.6645,0,11.6645
-1.6994,0.266753,11.6666,0,11.6666
-1.69939,0.266774,11.6687,0,11.6687
-1.69937,0.266787,11.6708,0,11.6708
-1.69936,0.266801,11.6729,0,11.6729
-1.69936,0.266811,11.6751,0,11.6751
-1.69936,0.266809,11.6772,0,11.6772
-1.69934,0.266831,11.6793,0,11.6793
-1.69932,0.26686,11.6814,0,11.6814
-1.6993,0.266892,11.6835,0,11.6835
-1.69928,0.266925,11.6856,0,11.6856
-1.69929,0.266905,11.6878,0,11.6878
-1.6993,0.266887,11.6899,0,11.6899
-1.69931,0.266875,11.692,0,11.692
-1.69932,0.266863,11.6942,0,11.6942
-1.69931,0.266873,11.6963,0,11.6963
-1.6993,0.266894,11.6984,0,11.6984
-1.69928,0.266925,11.7006,0,11.7006
-1.69927,0.266944,11.7028,0,11.7028
-1.69927,0.266944,11.7049,0,11.7049
-1.69928,0.266924,11.707,0,11.707
-1.69929,0.266901,11.7091,0,11.7091
-1.69929,0.266915,11.7112,0,11.7112
-1.69928,0.266929,11.7134,0,11.7134
-1.69927,0.266944,11.7155,0,11.7155
-1.69927,0.266942,11.7176,0,11.7176
-1.69928,0.266934,11.7197,0,11.7197
-1.69927,0.266949,11.7218,0,11.7218
-1.69926,0.266965,11.724,0,11.724
-1.69925,0.266988,11.7261,0,11.7261
-1.69924,0.267011,11.7282,0,11.7282
-1.69923,0.267033,11.7306,0,11.7306
-1.69922,0.267056,11.7332,0,11.7332
-1.69924,0.267026,11.7352,0,11.7352
-1.69924,0.267023,11.7374,0,11.7374
-1.69924,0.267006,11.7395,0,11.7395
-1.69925,0.266999,11.7417,0,11.7417
-1.69925,0.266993,11.7438,0,11.7438
-1.69942,0.26647,11.7459,0,11.7459
-1.69971,0.265571,11.748,0,11.748
-1.70014,0.264218,11.7501,0,11.7501
-1.70065,0.262622,11.7521,0,11.7521
-1.70115,0.261027,11.7544,0,11.7544
-1.70202,0.258108,11.7565,0,11.7565
-1.70303,0.254757,11.7588,0,11.7588
-1.70371,0.252376,11.7608,0,11.7608
-1.70463,0.249234,11.763,0,11.763
-1.70554,0.246094,11.7653,0,11.7653
-1.70674,0.241781,11.7674,0,11.7674
-1.70784,0.237853,11.7696,0,11.7696
-1.70911,0.233177,11.7718,0,11.7718
-1.71037,0.228507,11.7739,0,11.7739
-1.71164,0.223806,11.776,0,11.776
-1.71309,0.218294,11.7781,0,11.7781
-1.71412,0.214293,11.7802,0,11.7802
-1.71535,0.209483,11.7823,0,11.7823
-1.71657,0.204648,11.7844,0,11.7844
-1.71776,0.199834,11.7865,0,11.7865
-1.71894,0.195008,11.7886,0,11.7886
-1.72009,0.190175,11.7907,0,11.7907
-1.72124,0.185334,11.7929,0,11.7929
-1.72292,0.178095,11.7951,0,11.7951
-1.72347,0.175684,11.7972,0,11.7972
-1.72455,0.170818,11.7994,0,11.7994
-1.72563,0.165963,11.8015,0,11.8015
-1.72667,0.16111,11.8036,0,11.8036
-1.72772,0.156239,11.8058,0,11.8058
-1.72876,0.151372,11.8081,0,11.8081
-1.72997,0.145739,11.8109,0,11.8109
-1.73072,0.141586,11.8127,0,11.8127
-1.73166,0.136721,11.8148,0,11.8148
-1.7326,0.131844,11.817,0,11.817
-1.73355,0.126896,11.8193,0,11.8193
-1.73442,0.122099,11.8214,0,11.8214
-1.7353,0.117185,11.8235,0,11.8235
-1.73618,0.112265,11.8256,0,11.8256
-1.73701,0.107352,11.8278,0,11.8278
-1.73785,0.10245,11.8299,0,11.8299
-1.73864,0.0975604,11.832,0,11.832
-1.73945,0.0926405,11.8342,0,11.8342
-1.74022,0.0877039,11.8363,0,11.8363
-1.74099,0.0827815,11.8385,0,11.8385
-1.74176,0.0778471,11.8408,0,11.8408
-1.74244,0.0729721,11.8429,0,11.8429
-1.74312,0.0680487,11.845,0,11.845
-1.74386,0.0626305,11.8471,0,11.8471
-1.74443,0.0581975,11.8493,0,11.8493
-1.74507,0.0532368,11.8514,0,11.8514
-1.74567,0.0483285,11.8535,0,11.8535
-1.74627,0.0433988,11.8557,0,11.8557
-1.74682,0.0385214,11.8578,0,11.8578
-1.74737,0.0335918,11.8599,0,11.8599
-1.74794,0.0284183,11.862,0,11.862
-1.74843,0.0236985,11.8641,0,11.8641
-1.74894,0.0187603,11.8662,0,11.8662
-1.74942,0.0138676,11.8684,0,11.8684
-1.7499,0.00895227,11.8705,0,11.8705
-1.75034,0.00404256,11.8727,0,11.8727
-1.75079,-0.000879342,11.8748,0,11.8748
-1.7512,-0.00576861,11.8769,0,11.8769
-1.75161,-0.0106607,11.8791,0,11.8791
-1.75199,-0.0155637,11.8812,0,11.8812
-1.75237,-0.0204732,11.8834,0,11.8834
-1.75272,-0.0254039,11.8855,0,11.8855
-1.75308,-0.0303199,11.8876,0,11.8876
-1.75343,-0.0352478,11.89,0,11.89
-1.75372,-0.0402222,11.8921,0,11.8921
-1.75402,-0.0451127,11.8943,0,11.8943
-1.7543,-0.0500377,11.8964,0,11.8964
-1.75458,-0.0549727,11.8986,0,11.8986
-1.75483,-0.0598753,11.9007,0,11.9007
-1.75508,-0.0647873,11.9029,0,11.9029
-1.75531,-0.0697393,11.905,0,11.905
-1.75555,-0.074668,11.9071,0,11.9071
-1.75574,-0.0795857,11.9093,0,11.9093
-1.75594,-0.0844884,11.9114,0,11.9114
-1.75611,-0.0894435,11.9136,0,11.9136
-1.75628,-0.094405,11.9157,0,11.9157
-1.75642,-0.0994647,11.9178,0,11.9178
-1.75658,-0.105185,11.92,0,11.92
-1.75666,-0.10939,11.9221,0,11.9221
-1.75677,-0.114378,11.9243,0,11.9243
-1.75684,-0.11944,11.9264,0,11.9264
-1.75692,-0.125286,11.9286,0,11.9286
-1.75699,-0.129561,11.9308,0,11.9308
-1.75699,-0.134545,11.933,0,11.933
-1.75699,-0.139547,11.9351,0,11.9351
-1.75698,-0.144573,11.9372,0,11.9372
-1.75698,-0.149616,11.9395,0,11.9395
-1.75693,-0.154498,11.9416,0,11.9416
-1.75686,-0.159455,11.9437,0,11.9437
-1.7568,-0.1644,11.9458,0,11.9458
-1.7567,-0.169368,11.948,0,11.948
-1.7566,-0.174344,11.9501,0,11.9501
-1.75647,-0.179345,11.9522,0,11.9522
-1.75634,-0.184323,11.9544,0,11.9544
-1.75614,-0.191793,11.9569,0,11.9569
-1.75603,-0.194216,11.9588,0,11.9588
-1.75585,-0.199224,11.961,0,11.961
-1.75566,-0.204227,11.963,0,11.963
-1.75543,-0.209695,11.9651,0,11.9651
-1.75523,-0.214148,11.9672,0,11.9672
-1.75499,-0.219108,11.9694,0,11.9694
-1.75473,-0.224087,11.9715,0,11.9715
-1.75444,-0.229109,11.9736,0,11.9736
-1.75413,-0.234172,11.9757,0,11.9757
-1.7538,-0.239163,11.9778,0,11.9778
-1.75344,-0.244534,11.98,0,11.98
-1.75309,-0.249118,11.9821,0,11.9821
-1.75272,-0.254089,11.9842,0,11.9842
-1.75235,-0.259039,11.9865,0,11.9865
-1.7519,-0.263969,11.9887,0,11.9887
-1.75148,-0.268917,11.9909,0,11.9909
-1.75106,-0.27387,11.9932,0,11.9932
-1.75054,-0.27886,11.9953,0,11.9953
-1.75006,-0.283819,11.9975,0,11.9975
-1.74955,-0.288735,11.9997,0,11.9997
-1.74902,-0.293722,12.0018,0,12.0018
-1.74843,-0.299162,12.0039,0,12.0039
-1.74791,-0.30369,12.006,0,12.006
-1.74734,-0.308615,12.0082,0,12.0082
-1.74677,-0.313558,12.0105,0,12.0105
-1.7462,-0.318513,12.0131,0,12.0131
-1.74552,-0.323422,12.015,0,12.015
-1.74489,-0.328352,12.0173,0,12.0173
-1.74422,-0.333248,12.0194,0,12.0194
-1.74355,-0.338145,12.0215,0,12.0215
-1.74285,-0.343039,12.0236,0,12.0236
-1.74215,-0.347945,12.0257,0,12.0257
-1.74142,-0.35281,12.0278,0,12.0278
-1.74065,-0.358024,12.03,0,12.03
-1.73995,-0.362541,12.0321,0,12.0321
-1.73919,-0.367428,12.0342,0,12.0342
-1.73844,-0.372315,12.0365,0,12.0365
-1.7376,-0.377212,12.0387,0,12.0387
-1.73678,-0.382063,12.0408,0,12.0408
-1.73595,-0.386923,12.0429,0,12.0429
-1.73509,-0.391822,12.045,0,12.045
-1.73423,-0.396687,12.0471,0,12.0471
-1.73336,-0.401565,12.0492,0,12.0492
-1.73246,-0.406454,12.0513,0,12.0513
-1.73156,-0.411329,12.0535,0,12.0535
-1.73063,-0.416184,12.0556,0,12.0556
-1.7297,-0.421038,12.0578,0,12.0578
-1.72872,-0.425934,12.0599,0,12.0599
-1.72776,-0.430824,12.062,0,12.062
-1.72676,-0.43569,12.0642,0,12.0642
-1.72577,-0.440534,12.0663,0,12.0663
-1.72477,-0.445407,12.0686,0,12.0686
-1.72366,-0.450395,12.0708,0,12.0708
-1.72257,-0.455302,12.0729,0,12.0729
-1.72148,-0.460212,12.075,0,12.075
-1.72038,-0.465151,12.0773,0,12.0773
-1.71924,-0.469986,12.0794,0,12.0794
-1.71809,-0.474849,12.0815,0,12.0815
-1.71694,-0.479717,12.0836,0,12.0836
-1.71579,-0.484445,12.0858,0,12.0858
-1.71464,-0.489208,12.0879,0,12.0879
-1.7135,-0.493942,12.0902,0,12.0902
-1.71225,-0.498806,12.0923,0,12.0923
-1.711,-0.503667,12.0944,0,12.0944
-1.70973,-0.508502,12.0965,0,12.0965
-1.70842,-0.51351,12.0986,0,12.0986
-1.70718,-0.518201,12.1009,0,12.1009
-1.70585,-0.52301,12.103,0,12.103
-1.70454,-0.52782,12.1052,0,12.1052
-1.70316,-0.532704,12.1073,0,12.1073
-1.70177,-0.537551,12.1094,0,12.1094
-1.7004,-0.542347,12.1115,0,12.1115
-1.69898,-0.547169,12.1137,0,12.1137
-1.69757,-0.551972,12.1158,0,12.1158
-1.69613,-0.556708,12.1179,0,12.1179
-1.69469,-0.561471,12.1201,0,12.1201
-1.69323,-0.566164,12.1222,0,12.1222
-1.69177,-0.570874,12.1243,0,12.1243
-1.69031,-0.575585,12.1267,0,12.1267
-1.68871,-0.580412,12.1288,0,12.1288
-1.68717,-0.585199,12.131,0,12.131
-1.6856,-0.589917,12.1331,0,12.1331
-1.68403,-0.594659,12.1353,0,12.1353
-1.68245,-0.599308,12.1374,0,12.1374
-1.68086,-0.603976,12.1396,0,12.1396
-1.67922,-0.608714,12.1417,0,12.1417
-1.6776,-0.613402,12.1439,0,12.1439
-1.67595,-0.618072,12.146,0,12.146
-1.67428,-0.622792,12.1481,0,12.1481
-1.67255,-0.627564,12.1503,0,12.1503
-1.67082,-0.632353,12.1524,0,12.1524
-1.66904,-0.637074,12.1545,0,12.1545
-1.66713,-0.642019,12.1566,0,12.1566
-1.66518,-0.647038,12.1587,0,12.1587
-1.66319,-0.651893,12.1609,0,12.1609
-1.66121,-0.656724,12.163,0,12.163
-1.65916,-0.661528,12.1651,0,12.1651
-1.65711,-0.66634,12.1673,0,12.1673
-1.65499,-0.671085,12.1694,0,12.1694
-1.65258,-0.676497,12.1716,0,12.1716
-1.65074,-0.680501,12.1737,0,12.1737
-1.64863,-0.685052,12.1758,0,12.1758
-1.6465,-0.689634,12.1779,0,12.1779
-1.64436,-0.694142,12.18,0,12.18
-1.64226,-0.698572,12.1821,0,12.1821
-1.64019,-0.702844,12.1843,0,12.1843
-1.63715,-0.709164,12.1865,0,12.1865
-1.63594,-0.711612,12.1885,0,12.1885
-1.63373,-0.716136,12.1907,0,12.1907
-1.63153,-0.720635,12.1928,0,12.1928
-1.62894,-0.725943,12.195,0,12.195
-1.62716,-0.729613,12.1971,0,12.1971
-1.62497,-0.734115,12.1992,0,12.1992
-1.62279,-0.73861,12.2015,0,12.2015
-1.6206,-0.743117,12.2042,0,12.2042
-1.61849,-0.747645,12.2061,0,12.2061
-1.61635,-0.752154,12.2084,0,12.2084
-1.61421,-0.756656,12.2108,0,12.2108
-1.61205,-0.7612,12.2136,0,12.2136
-1.61,-0.765734,12.2154,0,12.2154
-1.60789,-0.770271,12.2177,0,12.2177
-1.60585,-0.77476,12.2198,0,12.2198
-1.60345,-0.780056,12.222,0,12.222
-1.60173,-0.783863,12.2241,0,12.2241
-1.59972,-0.788427,12.2262,0,12.2262
-1.59741,-0.793671,12.2284,0,12.2284
-1.59571,-0.797611,12.2305,0,12.2305
-1.59372,-0.80222,12.2326,0,12.2326
-1.5918,-0.806808,12.2347,0,12.2347
-1.58987,-0.811413,12.2369,0,12.2369
-1.58795,-0.816082,12.239,0,12.239
-1.58588,-0.821134,12.2411,0,12.2411
-1.58416,-0.825367,12.2432,0,12.2432
-1.58213,-0.830392,12.2453,0,12.2453
-1.58042,-0.834625,12.2475,0,12.2475
-1.57857,-0.83934,12.2496,0,12.2496
-1.5767,-0.844073,12.2518,0,12.2518
-1.57493,-0.848674,12.254,0,12.254
-1.57308,-0.853511,12.2561,0,12.2561
-1.57137,-0.858002,12.2582,0,12.2582
-1.56961,-0.862686,12.2603,0,12.2603
-1.56786,-0.867373,12.2624,0,12.2624
-1.5661,-0.872065,12.2647,0,12.2647
-1.56439,-0.876824,12.2669,0,12.2669
-1.56267,-0.881572,12.2691,0,12.2691
-1.56096,-0.886374,12.2712,0,12.2712
-1.55928,-0.891146,12.2733,0,12.2733
-1.55761,-0.895882,12.2754,0,12.2754
-1.55593,-0.900622,12.2777,0,12.2777
-1.55433,-0.905299,12.2798,0,12.2798
-1.55272,-0.910004,12.2819,0,12.2819
-1.55111,-0.914769,12.284,0,12.284
-1.54951,-0.919531,12.2861,0,12.2861
-1.54792,-0.924275,12.2882,0,12.2882
-1.54634,-0.929033,12.2903,0,12.2903
-1.54476,-0.933831,12.2925,0,12.2925
-1.54319,-0.938577,12.2946,0,12.2946
-1.54162,-0.943351,12.2969,0,12.2969
-1.54012,-0.948074,12.299,0,12.299
-1.53859,-0.952867,12.3012,0,12.3012
-1.53706,-0.957662,12.3033,0,12.3033
-1.53554,-0.962461,12.3056,0,12.3056
-1.53407,-0.967254,12.3077,0,12.3077
-1.53259,-0.972042,12.3099,0,12.3099
-1.53114,-0.976796,12.312,0,12.312
-1.52969,-0.981554,12.3142,0,12.3142
-1.5282,-0.986403,12.3165,0,12.3165
-1.52683,-0.991093,12.3186,0,12.3186
-1.52542,-0.995895,12.3208,0,12.3208
-1.524,-1.00071,12.3229,0,12.3229
-1.52261,-1.00553,12.325,0,12.325
-1.52125,-1.0103,12.3271,0,12.3271
-1.51989,-1.01507,12.3292,0,12.3292
-1.51854,-1.01993,12.3313,0,12.3313
-1.51721,-1.02477,12.3334,0,12.3334
-1.51589,-1.02959,12.3355,0,12.3355
-1.51459,-1.0344,12.3376,0,12.3376
-1.51322,-1.03946,12.3398,0,12.3398
-1.51203,-1.04398,12.3419,0,12.3419
-1.51074,-1.04888,12.344,0,12.344
-1.50949,-1.05365,12.3461,0,12.3461
-1.50823,-1.05849,12.3483,0,12.3483
-1.50704,-1.06328,12.3505,0,12.3505
-1.50585,-1.06812,12.3526,0,12.3526
-1.50465,-1.07296,12.3547,0,12.3547
-1.50347,-1.07782,12.3568,0,12.3568
-1.50229,-1.0827,12.3589,0,12.3589
-1.50112,-1.08755,12.361,0,12.361
-1.49996,-1.09244,12.3631,0,12.3631
-1.49879,-1.09739,12.3653,0,12.3653
-1.49767,-1.10222,12.3674,0,12.3674
-1.49653,-1.10711,12.3696,0,12.3696
-1.4954,-1.11198,12.3719,0,12.3719
-1.49432,-1.11686,12.374,0,12.374
-1.49324,-1.12177,12.3761,0,12.3761
-1.49218,-1.12666,12.3782,0,12.3782
-1.49109,-1.13177,12.3803,0,12.3803
-1.48997,-1.13697,12.3826,0,12.3826
-1.48904,-1.14138,12.3847,0,12.3847
-1.488,-1.14628,12.3869,0,12.3869
-1.48696,-1.15119,12.3892,0,12.3892
-1.4859,-1.156,12.3913,0,12.3913
-1.48486,-1.16082,12.3935,0,12.3935
-1.48378,-1.16568,12.3957,0,12.3957
-1.48269,-1.17055,12.3978,0,12.3978
-1.48158,-1.17547,12.3999,0,12.3999
-1.48046,-1.18037,12.402,0,12.402
-1.47934,-1.18531,12.4041,0,12.4041
-1.47821,-1.19017,12.4063,0,12.4063
-1.47709,-1.19506,12.4084,0,12.4084
-1.47596,-1.19998,12.4105,0,12.4105
-1.47484,-1.20487,12.4127,0,12.4127
-1.47371,-1.20979,12.415,0,12.415
-1.47262,-1.21463,12.4171,0,12.4171
-1.47152,-1.21951,12.4193,0,12.4193
-1.47042,-1.22439,12.4217,0,12.4217
-1.46936,-1.22934,12.4238,0,12.4238
-1.46831,-1.23424,12.4259,0,12.4259
-1.46727,-1.2391,12.4281,0,12.4281
-1.46626,-1.24395,12.4302,0,12.4302
-1.46526,-1.24883,12.4323,0,12.4323
-1.46426,-1.25373,12.4344,0,12.4344
-1.46328,-1.25858,12.4366,0,12.4366
-1.46228,-1.26346,12.4392,0,12.4392
-1.46141,-1.26846,12.4412,0,12.4412
-1.46051,-1.27339,12.4433,0,12.4433
-1.45961,-1.27833,12.4455,0,12.4455
-1.4587,-1.28326,12.4478,0,12.4478
-1.45787,-1.2882,12.4499,0,12.4499
-1.45702,-1.29312,12.4521,0,12.4521
-1.4562,-1.29811,12.4542,0,12.4542
-1.45538,-1.30309,12.4564,0,12.4564
-1.45441,-1.30921,12.4586,0,12.4586
-1.45382,-1.31301,12.4606,0,12.4606
-1.45306,-1.31793,12.4627,0,12.4627
-1.45231,-1.32285,12.465,0,12.465
-1.45159,-1.32781,12.4671,0,12.4671
-1.45089,-1.3327,12.4693,0,12.4693
-1.45021,-1.33762,12.4713,0,12.4713
-1.44952,-1.34258,12.4734,0,12.4734
-1.44885,-1.3476,12.4755,0,12.4755
-1.44816,-1.35286,12.4777,0,12.4777
-1.44757,-1.35764,12.4798,0,12.4798
-1.44685,-1.36333,12.482,0,12.482
-1.44631,-1.36771,12.4842,0,12.4842
-1.44574,-1.37261,12.4864,0,12.4864
-1.44515,-1.37758,12.4886,0,12.4886
-1.44459,-1.38257,12.4907,0,12.4907
-1.44404,-1.38762,12.4928,0,12.4928
-1.44349,-1.39265,12.4949,0,12.4949
-1.44298,-1.39761,12.497,0,12.497
-1.44247,-1.40257,12.4992,0,12.4992
-1.44197,-1.40752,12.5015,0,12.5015
-1.44153,-1.41249,12.5036,0,12.5036
-1.44107,-1.41745,12.5058,0,12.5058
-1.44063,-1.42246,12.5079,0,12.5079
-1.4402,-1.42746,12.5101,0,12.5101
-1.43982,-1.43239,12.5122,0,12.5122
-1.43944,-1.43732,12.5143,0,12.5143
-1.43906,-1.44227,12.5164,0,12.5164
-1.4387,-1.44732,12.5186,0,12.5186
-1.43835,-1.45231,12.5207,0,12.5207
-1.43799,-1.45733,12.523,0,12.523
-1.43768,-1.46232,12.5251,0,12.5251
-1.43738,-1.46734,12.5272,0,12.5272
-1.43707,-1.47266,12.5293,0,12.5293
-1.43681,-1.47733,12.5314,0,12.5314
-1.43656,-1.48232,12.5335,0,12.5335
-1.43631,-1.48735,12.5357,0,12.5357
-1.43606,-1.49304,12.5378,0,12.5378
-1.43587,-1.4973,12.54,0,12.54
-1.43565,-1.50224,12.5423,0,12.5423
-1.4355,-1.50721,12.5444,0,12.5444
-1.43535,-1.51214,12.5465,0,12.5465
-1.4352,-1.51709,12.5486,0,12.5486
-1.43507,-1.52209,12.5507,0,12.5507
-1.43495,-1.52708,12.5529,0,12.5529
-1.43485,-1.53206,12.555,0,12.555
-1.43475,-1.53707,12.5572,0,12.5572
-1.43469,-1.54205,12.5593,0,12.5593
-1.43463,-1.54703,12.5614,0,12.5614
-1.43456,-1.55205,12.5638,0,12.5638
-1.43456,-1.55703,12.5659,0,12.5659
-1.43454,-1.56203,12.5681,0,12.5681
-1.43457,-1.56706,12.5702,0,12.5702
-1.4346,-1.57208,12.5723,0,12.5723
-1.43464,-1.57711,12.5744,0,12.5744
-1.4347,-1.58211,12.5766,0,12.5766
-1.43477,-1.5871,12.5787,0,12.5787
-1.43486,-1.59207,12.5808,0,12.5808
-1.43498,-1.59784,12.5829,0,12.5829
-1.43509,-1.60284,12.585,0,12.585
-1.43521,-1.6071,12.5871,0,12.5871
-1.43535,-1.61212,12.5893,0,12.5893
-1.43552,-1.6171,12.5914,0,12.5914
-1.43568,-1.62209,12.5935,0,12.5935
-1.43585,-1.62707,12.5958,0,12.5958
-1.43609,-1.63204,12.598,0,12.598
-1.43633,-1.63698,12.6001,0,12.6001
-1.43657,-1.64193,12.6022,0,12.6022
-1.43684,-1.64689,12.6043,0,12.6043
-1.43711,-1.65188,12.6065,0,12.6065
-1.43739,-1.65683,12.6088,0,12.6088
-1.43774,-1.66217,12.6109,0,12.6109
-1.43804,-1.6668,12.613,0,12.613
-1.43837,-1.67176,12.6152,0,12.6152
-1.4387,-1.67673,12.6174,0,12.6174
-1.439,-1.68095,12.6196,0,12.6196
-1.43928,-1.68484,12.6217,0,12.6217
-1.43953,-1.68831,12.6238,0,12.6238
-1.43976,-1.6916,12.6259,0,12.6259
-1.43999,-1.69486,12.6281,0,12.6281
-1.44013,-1.697,12.6302,0,12.6302
-1.44025,-1.69893,12.6324,0,12.6324
-1.44037,-1.70081,12.6345,0,12.6345
-1.44044,-1.70195,12.6366,0,12.6366
-1.44049,-1.70267,12.6387,0,12.6387
-1.44052,-1.70323,12.6408,0,12.6408
-1.44053,-1.70338,12.6429,0,12.6429
-1.44054,-1.70351,12.645,0,12.645
-1.44054,-1.70366,12.6474,0,12.6474
-1.44054,-1.70359,12.6495,0,12.6495
-1.44054,-1.70359,12.6517,0,12.6517
-1.44054,-1.70359,12.654,0,12.654
-1.44054,-1.70359,12.6568,0,12.6568
-1.44054,-1.70361,12.6587,0,12.6587
-1.44054,-1.70361,12.6609,0,12.6609
-1.44054,-1.70362,12.6631,0,12.6631
-1.44054,-1.70363,12.6653,0,12.6653
-1.44054,-1.70358,12.6674,0,12.6674
-1.44054,-1.70357,12.6695,0,12.6695
-1.44054,-1.70356,12.6716,0,12.6716
-1.44054,-1.70358,12.6737,0,12.6737
-1.44054,-1.70361,12.6758,0,12.6758
-1.44054,-1.70364,12.6781,0,12.6781
-1.44054,-1.70364,12.6803,0,12.6803
-1.44054,-1.70365,12.6824,0,12.6824
-1.44054,-1.70366,12.6845,0,12.6845
-1.44054,-1.70368,12.6866,0,12.6866
-1.44054,-1.70369,12.6887,0,12.6887
-1.44054,-1.7037,12.6911,0,12.6911
-1.44054,-1.70368,12.6932,0,12.6932
-1.44054,-1.70367,12.6954,0,12.6954
-1.44054,-1.70363,12.6975,0,12.6975
-1.44054,-1.70362,12.6996,0,12.6996
-1.44054,-1.7036,12.7017,0,12.7017
-1.44054,-1.70358,12.7039,0,12.7039
-1.44054,-1.70355,12.706,0,12.706
-1.44054,-1.70355,12.7081,0,12.7081
-1.44054,-1.70355,12.7103,0,12.7103
-1.44054,-1.70355,12.7126,0,12.7126
-1.44054,-1.70352,12.7147,0,12.7147
-1.44054,-1.70351,12.7169,0,12.7169
-1.44054,-1.70349,12.7193,0,12.7193
-1.44054,-1.70353,12.7214,0,12.7214
-1.44054,-1.70351,12.7235,0,12.7235
-1.44054,-1.70348,12.7256,0,12.7256
-1.44054,-1.70345,12.7279,0,12.7279
-1.44054,-1.70345,12.73,0,12.73
-1.44054,-1.70344,12.7321,0,12.7321
-1.44054,-1.70344,12.7343,0,12.7343
-1.44054,-1.70346,12.7364,0,12.7364
-1.44054,-1.70347,12.7385,0,12.7385
-1.44054,-1.70347,12.7407,0,12.7407
-1.44054,-1.70345,12.7428,0,12.7428
-1.44054,-1.70342,12.7449,0,12.7449
-1.44054,-1.7034,12.7471,0,12.7471
-1.44055,-1.70338,12.7493,0,12.7493
-1.44055,-1.70335,12.7514,0,12.7514
-1.44055,-1.70337,12.7536,0,12.7536
-1.44055,-1.70338,12.7557,0,12.7557
-1.44054,-1.70345,12.7579,0,12.7579
-1.44054,-1.70351,12.76,0,12.76
-1.44054,-1.70358,12.7624,0,12.7624
-1.44054,-1.70363,12.765,0,12.765
-1.44054,-1.70354,12.7669,0,12.7669
-1.44054,-1.70356,12.7691,0,12.7691
-1.44054,-1.70357,12.7712,0,12.7712
-1.44054,-1.70357,12.7733,0,12.7733
-1.44054,-1.70357,12.7755,0,12.7755
-1.44054,-1.70355,12.7776,0,12.7776
-1.44054,-1.70354,12.7798,0,12.7798
-1.44054,-1.70352,12.7821,0,12.7821
-1.44054,-1.70352,12.7842,0,12.7842
-1.44054,-1.70354,12.7863,0,12.7863
-1.44054,-1.70355,12.7884,0,12.7884
-1.44054,-1.70355,12.7906,0,12.7906
-1.44054,-1.70356,12.7927,0,12.7927
-1.44054,-1.70354,12.7948,0,12.7948
-1.44054,-1.70352,12.797,0,12.797
-1.44054,-1.70357,12.7991,0,12.7991
-1.44054,-1.70361,12.8013,0,12.8013
-1.44054,-1.70365,12.8036,0,12.8036
-1.44054,-1.7037,12.8062,0,12.8062
-1.44053,-1.70375,12.8082,0,12.8082
-1.44053,-1.70375,12.8103,0,12.8103
-1.44053,-1.70375,12.8125,0,12.8125
-1.44053,-1.70377,12.8146,0,12.8146
-1.44053,-1.70378,12.8167,0,12.8167
-1.44053,-1.70383,12.8188,0,12.8188
-1.44053,-1.70387,12.821,0,12.821
-1.4405,-1.70445,12.8231,0,12.8231
-1.44048,-1.705,12.8253,0,12.8253
-1.44042,-1.7062,12.8274,0,12.8274
-1.44037,-1.70734,12.8295,0,12.8295
-1.44027,-1.70919,12.8317,0,12.8317
-1.44017,-1.71099,12.8338,0,12.8338
-1.44,-1.71403,12.836,0,12.836
-1.43989,-1.7159,12.8381,0,12.8381
-1.4397,-1.71879,12.8403,0,12.8403
-1.43951,-1.72165,12.8424,0,12.8424
-1.4393,-1.72463,12.8445,0,12.8445
-1.43907,-1.72762,12.8466,0,12.8466
-1.43879,-1.73123,12.8488,0,12.8488
-1.43857,-1.73396,12.8509,0,12.8509
-1.43835,-1.73669,12.853,0,12.853
-1.43809,-1.73965,12.8551,0,12.8551
-1.43782,-1.74264,12.8573,0,12.8573
-1.43756,-1.74562,12.8596,0,12.8596
-1.43725,-1.74865,12.8617,0,12.8617
-1.43694,-1.75165,12.8638,0,12.8638
-1.43663,-1.75463,12.8659,0,12.8659
-1.43631,-1.7576,12.868,0,12.868
-1.43598,-1.76055,12.8701,0,12.8701
-1.43564,-1.76352,12.8722,0,12.8722
-1.4353,-1.7665,12.8743,0,12.8743
-1.43493,-1.76949,12.8764,0,12.8764
-1.43456,-1.77243,12.8785,0,12.8785
-1.43419,-1.77533,12.8806,0,12.8806
-1.4338,-1.77828,12.8827,0,12.8827
-1.4334,-1.78126,12.8849,0,12.8849
-1.43298,-1.78423,12.887,0,12.887
-1.43256,-1.7872,12.8891,0,12.8891
-1.43212,-1.79014,12.8913,0,12.8913
-1.43169,-1.79309,12.8934,0,12.8934
-1.43123,-1.79609,12.8955,0,12.8955
-1.43071,-1.79936,12.8977,0,12.8977
-1.43028,-1.80203,12.8997,0,12.8997
-1.42981,-1.805,12.902,0,12.902
-1.42929,-1.80796,12.9041,0,12.9041
-1.42879,-1.81092,12.9063,0,12.9063
-1.42828,-1.81389,12.9087,0,12.9087
-1.42772,-1.81687,12.9108,0,12.9108
-1.42718,-1.81983,12.9129,0,12.9129
-1.42663,-1.82278,12.915,0,12.915
-1.42606,-1.82573,12.9172,0,12.9172
-1.42545,-1.82892,12.9193,0,12.9193
-1.42492,-1.83163,12.9216,0,12.9216
-1.42432,-1.83453,12.9237,0,12.9237
-1.42373,-1.83745,12.9259,0,12.9259
-1.42311,-1.84035,12.9281,0,12.9281
-1.42249,-1.84327,12.9302,0,12.9302
-1.42186,-1.84616,12.9324,0,12.9324
-1.42122,-1.84905,12.9345,0,12.9345
-1.42056,-1.85198,12.9366,0,12.9366
-1.4199,-1.85491,12.9388,0,12.9388
-1.41921,-1.85787,12.9409,0,12.9409
-1.41851,-1.86079,12.943,0,12.943
-1.4178,-1.86373,12.9451,0,12.9451
-1.41708,-1.86664,12.9472,0,12.9472
-1.41635,-1.86957,12.9494,0,12.9494
-1.41563,-1.87249,12.9517,0,12.9517
-1.41484,-1.87545,12.9538,0,12.9538
-1.41408,-1.87839,12.956,0,12.956
-1.41331,-1.88124,12.9581,0,12.9581
-1.41255,-1.88411,12.9603,0,12.9603
-1.41179,-1.88698,12.9626,0,12.9626
-1.41081,-1.89045,12.9648,0,12.9648
-1.41017,-1.89275,12.967,0,12.967
-1.40932,-1.89564,12.9691,0,12.9691
-1.40848,-1.89855,12.9713,0,12.9713
-1.40738,-1.90221,12.9735,0,12.9735
-1.40667,-1.9046,12.9756,0,12.9756
-1.40589,-1.90715,12.9777,0,12.9777
-1.40501,-1.91001,12.9799,0,12.9799
-1.4041,-1.91291,12.982,0,12.982
-1.4031,-1.91609,12.9842,0,12.9842
-1.40225,-1.91869,12.9863,0,12.9863
-1.40131,-1.92161,12.9884,0,12.9884
-1.40039,-1.92442,12.9906,0,12.9906
-1.39944,-1.92728,12.9927,0,12.9927
-1.39847,-1.93015,12.9948,0,12.9948
-1.39751,-1.93301,12.997,0,12.997
-1.39651,-1.93581,12.9992,0,12.9992
-1.39551,-1.93862,13.0013,0,13.0013
-1.39451,-1.94143,13.0034,0,13.0034
-1.39348,-1.94427,13.0055,0,13.0055
-1.39245,-1.94711,13.0076,0,13.0076
-1.39131,-1.95018,13.0098,0,13.0098
-1.39038,-1.9527,13.0119,0,13.0119
-1.38929,-1.95556,13.0141,0,13.0141
-1.38819,-1.95842,13.0162,0,13.0162
-1.38709,-1.9613,13.0183,0,13.0183
-1.38596,-1.96418,13.0204,0,13.0204
-1.38487,-1.96696,13.0225,0,13.0225
-1.38372,-1.96978,13.0247,0,13.0247
-1.38258,-1.97262,13.0268,0,13.0268
-1.38143,-1.97539,13.0289,0,13.0289
-1.38028,-1.97816,13.0311,0,13.0311
-1.37911,-1.98093,13.0332,0,13.0332
-1.37793,-1.98372,13.0354,0,13.0354
-1.37674,-1.98649,13.0375,0,13.0375
-1.37555,-1.98926,13.0396,0,13.0396
-1.3742,-1.99235,13.0418,0,13.0418
-1.3731,-1.99487,13.0439,0,13.0439
-1.37185,-1.9976,13.0461,0,13.0461
-1.37059,-2.00033,13.0482,0,13.0482
-1.36929,-2.00306,13.0502,0,13.0502
-1.36797,-2.00579,13.0523,0,13.0523
-1.36664,-2.00844,13.0544,0,13.0544
-1.3653,-2.01111,13.0566,0,13.0566
-1.36392,-2.01378,13.0587,0,13.0587
-1.36254,-2.01644,13.0608,0,13.0608
-1.36101,-2.01933,13.063,0,13.063
-1.35972,-2.02178,13.0651,0,13.0651
-1.35827,-2.02447,13.0673,0,13.0673
-1.35684,-2.02713,13.0694,0,13.0694
-1.35542,-2.0297,13.0715,0,13.0715
-1.354,-2.03229,13.0737,0,13.0737
-1.35257,-2.03489,13.076,0,13.076
-1.35106,-2.03754,13.0781,0,13.0781
-1.34958,-2.04018,13.0803,0,13.0803
-1.34807,-2.04279,13.0825,0,13.0825
-1.34656,-2.04541,13.0846,0,13.0846
-1.34502,-2.04805,13.0868,0,13.0868
-1.34348,-2.05069,13.0889,0,13.0889
-1.34195,-2.0533,13.091,0,13.091
-1.3404,-2.05593,13.0932,0,13.0932
-1.33882,-2.05857,13.0953,0,13.0953
-1.33725,-2.06122,13.0975,0,13.0975
-1.33571,-2.06378,13.0996,0,13.0996
-1.33416,-2.06634,13.1017,0,13.1017
-1.3326,-2.0689,13.1038,0,13.1038
-1.33103,-2.07145,13.1059,0,13.1059
-1.32946,-2.074,13.1081,0,13.1081
-1.32786,-2.07658,13.1102,0,13.1102
-1.32628,-2.0791,13.1123,0,13.1123
-1.32468,-2.08162,13.1145,0,13.1145
-1.32307,-2.08413,13.1166,0,13.1166
-1.32114,-2.08715,13.1187,0,13.1187
-1.3196,-2.08951,13.1208,0,13.1208
-1.31823,-2.0916,13.1229,0,13.1229
-1.31662,-2.09408,13.1252,0,13.1252
-1.31459,-2.09711,13.1274,0,13.1274
-1.31315,-2.09926,13.1295,0,13.1295
-1.31167,-2.10147,13.1316,0,13.1316
-1.31001,-2.10392,13.1337,0,13.1337
-1.30833,-2.10638,13.1359,0,13.1359
-1.30666,-2.10885,13.1382,0,13.1382
-1.30464,-2.11172,13.1404,0,13.1404
-1.30325,-2.1137,13.1425,0,13.1425
-1.30155,-2.11611,13.1446,0,13.1446
-1.29981,-2.11854,13.1467,0,13.1467
-1.2979,-2.12122,13.1489,0,13.1489
-1.29633,-2.12342,13.1511,0,13.1511
-1.29454,-2.12584,13.1533,0,13.1533
-1.29276,-2.12827,13.1555,0,13.1555
-1.29099,-2.1307,13.1578,0,13.1578
-1.28919,-2.1331,13.1599,0,13.1599
-1.2874,-2.13548,13.1621,0,13.1621
-1.28561,-2.13786,13.1642,0,13.1642
-1.28379,-2.14025,13.1663,0,13.1663
-1.28197,-2.14263,13.1684,0,13.1684
-1.28015,-2.14501,13.1708,0,13.1708
-1.2783,-2.14738,13.1729,0,13.1729
-1.27645,-2.14973,13.175,0,13.175
-1.27459,-2.1521,13.1771,0,13.1771
-1.27272,-2.15446,13.1792,0,13.1792
-1.27086,-2.15683,13.1814,0,13.1814
-1.26897,-2.15918,13.1835,0,13.1835
-1.2671,-2.16152,13.1857,0,13.1857
-1.26521,-2.16384,13.1878,0,13.1878
-1.26333,-2.16617,13.1899,0,13.1899
-1.26126,-2.16868,13.1921,0,13.1921
-1.25929,-2.17107,13.1942,0,13.1942
-1.25758,-2.17315,13.1965,0,13.1965
-1.25568,-2.17539,13.1986,0,13.1986
-1.25351,-2.17796,13.2008,0,13.2008
-1.25183,-2.17993,13.2029,0,13.2029
-1.24992,-2.18217,13.205,0,13.205
-1.248,-2.18441,13.2072,0,13.2072
-1.24609,-2.18661,13.2093,0,13.2093
-1.24413,-2.18887,13.2114,0,13.2114
-1.24215,-2.19113,13.2135,0,13.2135
-1.24017,-2.19338,13.2156,0,13.2156
-1.23819,-2.19562,13.2177,0,13.2177
-1.23621,-2.19783,13.2199,0,13.2199
-1.23421,-2.20006,13.222,0,13.222
-1.23221,-2.20229,13.2243,0,13.2243
-1.23017,-2.20451,13.2264,0,13.2264
-1.22814,-2.20672,13.2286,0,13.2286
-1.22611,-2.20893,13.2307,0,13.2307
-1.22409,-2.21111,13.2328,0,13.2328
-1.22206,-2.21327,13.2349,0,13.2349
-1.22004,-2.21542,13.237,0,13.237
-1.21798,-2.21759,13.2391,0,13.2391
-1.21592,-2.21976,13.2413,0,13.2413
-1.21381,-2.22194,13.2434,0,13.2434
-1.2117,-2.22411,13.2455,0,13.2455
-1.2096,-2.22627,13.2476,0,13.2476
-1.20747,-2.22843,13.2497,0,13.2497
-1.20535,-2.23059,13.2518,0,13.2518
-1.20322,-2.23272,13.254,0,13.254
-1.20095,-2.23499,13.2561,0,13.2561
-1.19896,-2.23695,13.2583,0,13.2583
-1.19684,-2.23905,13.2604,0,13.2604
-1.19471,-2.24112,13.2625,0,13.2625
-1.19257,-2.24319,13.2646,0,13.2646
-1.19039,-2.24529,13.2667,0,13.2667
-1.18824,-2.24734,13.2688,0,13.2688
-1.18604,-2.24941,13.2709,0,13.2709
-1.18385,-2.25147,13.273,0,13.273
-1.18166,-2.25354,13.2753,0,13.2753
-1.17946,-2.25553,13.2774,0,13.2774
-1.17728,-2.25754,13.2796,0,13.2796
-1.17509,-2.25951,13.2818,0,13.2818
-1.1729,-2.2615,13.2839,0,13.2839
-1.17069,-2.26347,13.286,0,13.286
-1.16845,-2.26546,13.2881,0,13.2881
-1.16621,-2.26745,13.2902,0,13.2902
-1.16395,-2.26941,13.2924,0,13.2924
-1.16169,-2.27136,13.2945,0,13.2945
-1.15944,-2.27332,13.2968,0,13.2968
-1.15713,-2.27526,13.2989,0,13.2989
-1.1548,-2.27721,13.3011,0,13.3011
-1.15224,-2.27935,13.3032,0,13.3032
-1.14994,-2.28125,13.3053,0,13.3053
-1.14784,-2.28298,13.3074,0,13.3074
-1.14555,-2.28486,13.3097,0,13.3097
-1.14318,-2.28674,13.3119,0,13.3119
-1.14084,-2.28862,13.3141,0,13.3141
-1.1385,-2.29045,13.3162,0,13.3162
-1.13615,-2.29229,13.3183,0,13.3183
-1.13377,-2.29414,13.3204,0,13.3204
-1.13137,-2.29596,13.3225,0,13.3225
-1.12897,-2.2978,13.3247,0,13.3247
-1.12655,-2.29961,13.3268,0,13.3268
-1.12414,-2.30142,13.3289,0,13.3289
-1.12174,-2.30319,13.3311,0,13.3311
-1.11935,-2.30493,13.3332,0,13.3332
-1.11697,-2.30666,13.3353,0,13.3353
-1.11458,-2.30837,13.3374,0,13.3374
-1.11217,-2.31007,13.3395,0,13.3395
-1.10975,-2.31176,13.3416,0,13.3416
-1.10734,-2.31346,13.3438,0,13.3438
-1.1048,-2.31517,13.346,0,13.346
-1.10175,-2.31722,13.3481,0,13.3481
-1.09983,-2.31851,13.3502,0,13.3502
-1.09682,-2.32054,13.3526,0,13.3526
-1.09412,-2.32228,13.3547,0,13.3547
-1.09237,-2.32341,13.3568,0,13.3568
-1.08984,-2.32503,13.3589,0,13.3589
-1.08736,-2.3266,13.361,0,13.361
-1.08483,-2.32818,13.3631,0,13.3631
-1.08227,-2.32977,13.3652,0,13.3652
-1.07974,-2.33134,13.3675,0,13.3675
-1.07719,-2.33293,13.3701,0,13.3701
-1.0746,-2.33442,13.3721,0,13.3721
-1.07203,-2.33595,13.3743,0,13.3743
-1.06939,-2.33748,13.3764,0,13.3764
-1.06714,-2.33876,13.3785,0,13.3785
-1.06474,-2.34013,13.3807,0,13.3807
-1.06277,-2.34124,13.3829,0,13.3829
-1.06146,-2.34194,13.385,0,13.385
-1.06032,-2.34254,13.3872,0,13.3872
-1.05925,-2.34311,13.3893,0,13.3893
-1.05881,-2.34334,13.3914,0,13.3914
-1.05837,-2.34356,13.3935,0,13.3935
-1.05831,-2.3436,13.3957,0,13.3957
-1.05826,-2.34362,13.3978,0,13.3978
-1.05823,-2.34364,13.3999,0,13.3999
-1.0582,-2.34365,13.4021,0,13.4021
-1.05815,-2.34367,13.4043,0,13.4043
-1.05811,-2.34369,13.4064,0,13.4064
-1.05806,-2.34371,13.4088,0,13.4088
-1.05804,-2.34372,13.4109,0,13.4109
-1.058,-2.34373,13.4131,0,13.4131
-1.05803,-2.34372,13.4153,0,13.4153
-1.05803,-2.34372,13.4174,0,13.4174
-1.05803,-2.34372,13.4195,0,13.4195
-1.05804,-2.34372,13.4216,0,13.4216
-1.05804,-2.34372,13.4237,0,13.4237
-1.05808,-2.34371,13.4259,0,13.4259
-1.0581,-2.3437,13.428,0,13.428
-1.05813,-2.34369,13.4304,0,13.4304
-1.05809,-2.3437,13.4325,0,13.4325
-1.05808,-2.34371,13.4347,0,13.4347
-1.05806,-2.34371,13.437,0,13.437
-1.05808,-2.34371,13.4391,0,13.4391
-1.05808,-2.34371,13.4414,0,13.4414
-1.05805,-2.34371,13.4435,0,13.4435
-1.05805,-2.34371,13.4456,0,13.4456
-1.05806,-2.34371,13.4477,0,13.4477
-1.05808,-2.34371,13.4498,0,13.4498
-1.05809,-2.34371,13.452,0,13.452
-1.0581,-2.34371,13.4541,0,13.4541
-1.05811,-2.3437,13.4562,0,13.4562
-1.05811,-2.3437,13.4586,0,13.4586
-1.05812,-2.3437,13.4612,0,13.4612
-1.05809,-2.3437,13.4632,0,13.4632
-1.05812,-2.3437,13.4653,0,13.4653
-1.05813,-2.3437,13.4674,0,13.4674
-1.05811,-2.3437,13.4696,0,13.4696
-1.0581,-2.3437,13.4717,0,13.4717
-1.05805,-2.34371,13.4738,0,13.4738
-1.05804,-2.34371,13.4759,0,13.4759
-1.05803,-2.34371,13.478,0,13.478
-1.05802,-2.34371,13.4803,0,13.4803
-1.05798,-2.34371,13.4824,0,13.4824
-1.05796,-2.34371,13.4846,0,13.4846
-1.05793,-2.34371,13.487,0,13.487
-1.05793,-2.34371,13.4891,0,13.4891
-1.05792,-2.34371,13.4913,0,13.4913
-1.05791,-2.34371,13.4934,0,13.4934
-1.05788,-2.3437,13.4955,0,13.4955
-1.05783,-2.3437,13.4976,0,13.4976
-1.05778,-2.3437,13.4999,0,13.4999
-1.05778,-2.3437,13.502,0,13.502
-1.05776,-2.34369,13.5042,0,13.5042
-1.05776,-2.34369,13.5064,0,13.5064
-1.05774,-2.34369,13.5085,0,13.5085
-1.05771,-2.34369,13.5106,0,13.5106
-1.05769,-2.34368,13.5129,0,13.5129
-1.05769,-2.34369,13.515,0,13.515
-1.05769,-2.34368,13.5172,0,13.5172
-1.05774,-2.34369,13.5193,0,13.5193
-1.05778,-2.3437,13.5215,0,13.5215
-1.05781,-2.34371,13.5236,0,13.5236
-1.05784,-2.34371,13.5258,0,13.5258
-1.0579,-2.34373,13.5279,0,13.5279
-1.05796,-2.34374,13.53,0,13.53
-1.05797,-2.34374,13.5322,0,13.5322
-1.05797,-2.34374,13.5343,0,13.5343
-1.05798,-2.34375,13.5363,0,13.5363
-1.058,-2.34375,13.5384,0,13.5384
-1.05804,-2.34377,13.5405,0,13.5405
-1.05809,-2.34378,13.5427,0,13.5427
-1.05813,-2.34379,13.545,0,13.545
-1.05817,-2.34381,13.5476,0,13.5476
-1.05822,-2.34382,13.5497,0,13.5497
-1.05825,-2.34383,13.5519,0,13.5519
-1.05832,-2.34386,13.554,0,13.554
-1.05838,-2.34388,13.5562,0,13.5562
-1.05844,-2.34391,13.5585,0,13.5585
-1.05842,-2.3439,13.5607,0,13.5607
-1.05842,-2.3439,13.5629,0,13.5629
-1.05832,-2.34385,13.565,0,13.565
-1.05824,-2.34382,13.5672,0,13.5672
-1.05822,-2.34381,13.5693,0,13.5693
-1.0582,-2.3438,13.5714,0,13.5714
-1.05819,-2.34379,13.5735,0,13.5735
-1.05818,-2.34379,13.5756,0,13.5756
-1.05816,-2.34378,13.5777,0,13.5777
-1.05818,-2.34379,13.5799,0,13.5799
-1.05819,-2.3438,13.582,0,13.582
-1.0582,-2.3438,13.5843,0,13.5843
-1.0582,-2.3438,13.5865,0,13.5865
-1.05821,-2.34381,13.5886,0,13.5886
-1.05822,-2.34381,13.5907,0,13.5907
-1.05828,-2.34385,13.5929,0,13.5929
-1.05831,-2.34387,13.595,0,13.595
-1.05834,-2.34388,13.5971,0,13.5971
-1.05836,-2.3439,13.5993,0,13.5993
-1.05835,-2.34389,13.6014,0,13.6014
-1.05835,-2.34389,13.6035,0,13.6035
-1.05815,-2.34376,13.6057,0,13.6057
-1.05797,-2.34364,13.6078,0,13.6078
-1.05801,-2.34367,13.6099,0,13.6099
-1.05804,-2.34369,13.6121,0,13.6121
-1.05805,-2.34369,13.6142,0,13.6142
-1.0581,-2.34373,13.6163,0,13.6163
-1.05815,-2.34376,13.6184,0,13.6184
-1.05814,-2.34376,13.6205,0,13.6205
-1.05812,-2.34374,13.6227,0,13.6227
-1.05814,-2.34376,13.6248,0,13.6248
-1.05816,-2.34378,13.6269,0,13.6269
-1.05819,-2.3438,13.629,0,13.629
-1.05823,-2.34383,13.6311,0,13.6311
-1.05822,-2.34382,13.6332,0,13.6332
-1.05819,-2.3438,13.6353,0,13.6353
-1.05821,-2.34381,13.6374,0,13.6374
-1.05822,-2.34382,13.6396,0,13.6396
-1.05827,-2.34387,13.6417,0,13.6417
-1.05833,-2.34392,13.6439,0,13.6439
-1.05833,-2.34392,13.646,0,13.646
-1.05835,-2.34394,13.6481,0,13.6481
-1.05838,-2.34397,13.6503,0,13.6503
-1.05841,-2.344,13.6524,0,13.6524
-1.05842,-2.34401,13.6545,0,13.6545
-1.05844,-2.34403,13.6567,0,13.6567
-1.05846,-2.34404,13.6588,0,13.6588
-1.05847,-2.34406,13.661,0,13.661
-1.05852,-2.34411,13.6631,0,13.6631
-1.05857,-2.34416,13.6652,0,13.6652
-1.05859,-2.34419,13.6674,0,13.6674
-1.05862,-2.34422,13.6695,0,13.6695
-1.05863,-2.34423,13.6716,0,13.6716
-1.05864,-2.34424,13.6738,0,13.6738
-1.05865,-2.34425,13.6761,0,13.6761
-1.05863,-2.34423,13.6782,0,13.6782
-1.05862,-2.34422,13.6804,0,13.6804
-1.05859,-2.34418,13.6826,0,13.6826
-1.05857,-2.34415,13.6847,0,13.6847
-1.05857,-2.34415,13.6869,0,13.6869
-1.05857,-2.34415,13.689,0,13.689
-1.0586,-2.34419,13.6911,0,13.6911
-1.05863,-2.34423,13.6933,0,13.6933
-1.05866,-2.34428,13.6954,0,13.6954
-1.05868,-2.34431,13.6975,0,13.6975
-1.05871,-2.34435,13.6996,0,13.6996
-1.05873,-2.34439,13.7019,0,13.7019
-1.05872,-2.34437,13.704,0,13.704
-1.05872,-2.34436,13.7062,0,13.7062
-1.05874,-2.3444,13.7083,0,13.7083
-1.05876,-2.34444,13.7105,0,13.7105
-1.05876,-2.34443,13.7126,0,13.7126
-1.05876,-2.34443,13.7148,0,13.7148
-1.05879,-2.3445,13.7169,0,13.7169
-1.05883,-2.34456,13.7191,0,13.7191
-1.05884,-2.34458,13.7212,0,13.7212
-1.05886,-2.34461,13.7233,0,13.7233
-1.05887,-2.34464,13.7255,0,13.7255
-1.05888,-2.34465,13.7276,0,13.7276
-1.05888,-2.34466,13.7297,0,13.7297
-1.05889,-2.34467,13.7318,0,13.7318
-1.05889,-2.34467,13.7339,0,13.7339
-1.05894,-2.34479,13.7361,0,13.7361
-1.05899,-2.3449,13.7382,0,13.7382
-1.05902,-2.34495,13.7403,0,13.7403
-1.05904,-2.345,13.7425,0,13.7425
-1.05907,-2.34508,13.7446,0,13.7446
-1.0591,-2.34514,13.7468,0,13.7468
-1.05912,-2.34518,13.7489,0,13.7489
-1.05913,-2.34521,13.751,0,13.751
-1.05913,-2.34523,13.7531,0,13.7531
-1.05913,-2.34522,13.7552,0,13.7552
-1.05913,-2.34522,13.7574,0,13.7574
-1.05913,-2.34521,13.7598,0,13.7598
-1.05913,-2.34523,13.7618,0,13.7618
-1.05914,-2.34523,13.764,0,13.764
-1.05913,-2.34522,13.7661,0,13.7661
-1.05913,-2.34522,13.7683,0,13.7683
-1.05915,-2.3453,13.7704,0,13.7704
-1.05916,-2.34533,13.7725,0,13.7725
-1.05916,-2.34532,13.7746,0,13.7746
-1.05915,-2.34527,13.7767,0,13.7767
-1.05914,-2.34524,13.7788,0,13.7788
-1.05913,-2.3452,13.7809,0,13.7809
-1.05912,-2.34515,13.7831,0,13.7831
-1.05911,-2.34511,13.7852,0,13.7852
-1.05912,-2.34514,13.7873,0,13.7873
-1.05912,-2.34518,13.7895,0,13.7895
-1.05912,-2.34515,13.7917,0,13.7917
-1.05912,-2.34514,13.7938,0,13.7938
-1.05911,-2.34511,13.7959,0,13.7959
-1.05911,-2.34509,13.7981,0,13.7981
-1.05911,-2.34509,13.8002,0,13.8002
-1.05911,-2.34508,13.8023,0,13.8023
-1.05911,-2.34508,13.8045,0,13.8045
-1.05911,-2.34507,13.8066,0,13.8066
-1.05911,-2.34507,13.809,0,13.809
-1.05911,-2.34511,13.8111,0,13.8111
-1.05911,-2.34505,13.8132,0,13.8132
-1.0591,-2.34499,13.8153,0,13.8153
-1.0591,-2.34493,13.8176,0,13.8176
-1.05909,-2.34471,13.8197,0,13.8197
-1.05909,-2.34449,13.8218,0,13.8218
-1.05908,-2.3442,13.8239,0,13.8239
-1.05908,-2.34387,13.826,0,13.826
-1.05907,-2.34354,13.8281,0,13.8281
-1.05907,-2.3432,13.8303,0,13.8303
-1.05907,-2.34309,13.8324,0,13.8324
-1.05907,-2.34297,13.8345,0,13.8345
-1.05907,-2.34284,13.8368,0,13.8368
-1.05907,-2.34277,13.839,0,13.839
-1.05907,-2.34268,13.8412,0,13.8412
-1.05907,-2.34264,13.8433,0,13.8433
-1.05907,-2.34259,13.8455,0,13.8455
-1.05907,-2.34268,13.8476,0,13.8476
-1.05907,-2.34276,13.8498,0,13.8498
-1.05907,-2.34283,13.8521,0,13.8521
-1.05907,-2.34296,13.8542,0,13.8542
-1.05907,-2.34307,13.8564,0,13.8564
-1.05908,-2.34312,13.8585,0,13.8585
-1.05908,-2.34318,13.8607,0,13.8607
-1.05908,-2.34323,13.863,0,13.863
-1.05908,-2.34326,13.8651,0,13.8651
-1.05908,-2.34334,13.8673,0,13.8673
-1.05908,-2.34343,13.8693,0,13.8693
-1.05909,-2.34352,13.8714,0,13.8714
-1.05909,-2.3436,13.8736,0,13.8736
-1.05909,-2.34367,13.8757,0,13.8757
-1.0591,-2.34375,13.878,0,13.878
-1.0591,-2.34379,13.8801,0,13.8801
-1.0591,-2.34382,13.8823,0,13.8823
-1.0591,-2.34384,13.8843,0,13.8843
-1.0591,-2.34386,13.8864,0,13.8864
-1.0591,-2.34379,13.8885,0,13.8885
-1.0591,-2.34371,13.8907,0,13.8907
-1.0591,-2.34371,13.8928,0,13.8928
-1.0591,-2.3437,13.8949,0,13.8949
-1.05909,-2.34369,13.8971,0,13.8971
-1.05909,-2.34368,13.8992,0,13.8992
-1.05909,-2.34363,13.9014,0,13.9014
-1.05909,-2.3436,13.9035,0,13.9035
-1.05909,-2.34357,13.9056,0,13.9056
-1.05909,-2.34356,13.9077,0,13.9077
-1.05909,-2.34355,13.9098,0,13.9098
-1.05909,-2.34354,13.9121,0,13.9121
-1.05909,-2.3435,13.9142,0,13.9142
-1.05909,-2.34347,13.9164,0,13.9164
-1.05909,-2.34344,13.9186,0,13.9186
-1.05909,-2.34342,13.9207,0,13.9207
-1.05909,-2.3434,13.9228,0,13.9228
-1.05909,-2.34338,13.925,0,13.925
-1.05909,-2.34337,13.9272,0,13.9272
-1.05909,-2.34336,13.9294,0,13.9294
-1.05909,-2.34335,13.9315,0,13.9315
-1.05909,-2.34333,13.9337,0,13.9337
-1.05909,-2.34333,13.9358,0,13.9358
-1.05909,-2.34332,13.9379,0,13.9379
-1.05908,-2.34323,13.9401,0,13.9401
-1.05908,-2.3432,13.9422,0,13.9422
-1.05908,-2.34318,13.9443,0,13.9443
-1.05908,-2.34316,13.9464,0,13.9464
-1.05908,-2.34313,13.9485,0,13.9485
-1.05908,-2.34315,13.9507,0,13.9507
-1.05908,-2.34316,13.9528,0,13.9528
-1.05908,-2.34317,13.9551,0,13.9551
-1.05908,-2.34319,13.9573,0,13.9573
-1.05908,-2.34317,13.9594,0,13.9594
-1.05908,-2.34315,13.9615,0,13.9615
-1.05908,-2.34315,13.9636,0,13.9636
-1.05908,-2.34314,13.9658,0,13.9658
-1.05908,-2.34314,13.9679,0,13.9679
-1.05908,-2.34314,13.97,0,13.97
-1.05908,-2.34312,13.9722,0,13.9722
-1.05908,-2.34315,13.9743,0,13.9743
-1.05908,-2.34319,13.9764,0,13.9764
-1.05908,-2.34315,13.9785,0,13.9785
-1.05908,-2.3431,13.9806,0,13.9806
-1.05908,-2.34304,13.9827,0,13.9827
-1.05909,-2.34295,13.9848,0,13.9848
-1.05909,-2.34288,13.9869,0,13.9869
-1.05909,-2.34286,13.9891,0,13.9891
-1.05909,-2.34283,13.9912,0,13.9912
-1.05909,-2.3428,13.9933,0,13.9933
-1.05909,-2.34277,13.9956,0,13.9956
-1.05909,-2.3427,13.9977,0,13.9977
-1.05909,-2.3427,13.9998,0,13.9998
-1.05909,-2.3427,14.0019,0,14.0019
-1.05909,-2.34267,14.004,0,14.004
-1.05909,-2.34263,14.0061,0,14.0061
-1.05909,-2.34258,14.0082,0,14.0082
-1.05909,-2.34255,14.0104,0,14.0104
-1.05909,-2.34253,14.0125,0,14.0125
-1.05909,-2.34251,14.0148,0,14.0148
-1.05909,-2.34245,14.0169,0,14.0169
-1.05909,-2.34241,14.0191,0,14.0191
-1.05909,-2.34236,14.0215,0,14.0215
-1.05909,-2.34243,14.0236,0,14.0236
-1.05909,-2.34245,14.0258,0,14.0258
-1.05909,-2.34247,14.0282,0,14.0282
-1.05909,-2.34241,14.0303,0,14.0303
-1.05909,-2.34235,14.0324,0,14.0324
-1.05909,-2.3423,14.0345,0,14.0345
-1.0591,-2.34224,14.0368,0,14.0368
-1.0591,-2.34219,14.0389,0,14.0389
-1.0591,-2.34214,14.0411,0,14.0411
-1.0591,-2.34206,14.0433,0,14.0433
-1.0591,-2.342,14.0454,0,14.0454
-1.0591,-2.34196,14.0476,0,14.0476
-1.0591,-2.34189,14.0497,0,14.0497
-1.05911,-2.34181,14.0518,0,14.0518
-1.05911,-2.34178,14.0539,0,14.0539
-1.05911,-2.34176,14.056,0,14.056
-1.05911,-2.34175,14.0581,0,14.0581
-1.05911,-2.34175,14.0603,0,14.0603
-1.05911,-2.34176,14.0624,0,14.0624
-1.05911,-2.34177,14.0646,0,14.0646
-1.05911,-2.34178,14.0669,0,14.0669
-1.05911,-2.3418,14.069,0,14.069
-1.05911,-2.34181,14.0712,0,14.0712
-1.05911,-2.3418,14.0733,0,14.0733
-1.05911,-2.34179,14.0755,0,14.0755
-1.05911,-2.34181,14.0776,0,14.0776
-1.05911,-2.34181,14.0797,0,14.0797
-1.05911,-2.3418,14.0818,0,14.0818
-1.05911,-2.34179,14.0841,0,14.0841
-1.05911,-2.34179,14.0867,0,14.0867
-1.05911,-2.34175,14.0887,0,14.0887
-1.05911,-2.34172,14.0908,0,14.0908
-1.05911,-2.3417,14.0929,0,14.0929
-1.05911,-2.3417,14.0951,0,14.0951
-1.05911,-2.34169,14.0972,0,14.0972
-1.05911,-2.34171,14.0993,0,14.0993
-1.05911,-2.34173,14.1015,0,14.1015
-1.05911,-2.3418,14.1036,0,14.1036
-1.0591,-2.34187,14.1058,0,14.1058
-1.05911,-2.34181,14.1079,0,14.1079
-1.05911,-2.34176,14.11,0,14.11
-1.05911,-2.34174,14.1122,0,14.1122
-1.05911,-2.34173,14.1143,0,14.1143
-1.05911,-2.34173,14.1164,0,14.1164
-1.05911,-2.34169,14.1185,0,14.1185
-1.05911,-2.34164,14.1206,0,14.1206
-1.05912,-2.3416,14.1227,0,14.1227
-1.05912,-2.3416,14.1248,0,14.1248
-1.05912,-2.34161,14.1269,0,14.1269
-1.05912,-2.34161,14.1292,0,14.1292
-1.05912,-2.34159,14.1314,0,14.1314
-1.05912,-2.34157,14.1336,0,14.1336
-1.05912,-2.34145,14.1357,0,14.1357
-1.05913,-2.34134,14.1379,0,14.1379
-1.05913,-2.34141,14.14,0,14.14
-1.05912,-2.34146,14.1422,0,14.1422
-1.05912,-2.34151,14.1445,0,14.1445
-1.05912,-2.34162,14.1466,0,14.1466
-1.05911,-2.3417,14.1488,0,14.1488
-1.05911,-2.34182,14.1509,0,14.1509
-1.05911,-2.34192,14.1531,0,14.1531
-1.0591,-2.34203,14.1554,0,14.1554
-1.0591,-2.34223,14.1576,0,14.1576
-1.0591,-2.34233,14.1597,0,14.1597
-1.05909,-2.34243,14.1618,0,14.1618
-1.05909,-2.34252,14.164,0,14.164
-1.05909,-2.34261,14.1661,0,14.1661
-1.05909,-2.34262,14.1682,0,14.1682
-1.05909,-2.34264,14.1704,0,14.1704
-1.05909,-2.34265,14.1727,0,14.1727
-1.05909,-2.34265,14.1748,0,14.1748
-1.05909,-2.34265,14.177,0,14.177
-1.05909,-2.34266,14.1794,0,14.1794
-1.05909,-2.34258,14.1815,0,14.1815
-1.05909,-2.34258,14.1836,0,14.1836
-1.05909,-2.34258,14.1857,0,14.1857
-1.05909,-2.34259,14.1878,0,14.1878
-1.05909,-2.34261,14.19,0,14.19
-1.05909,-2.34261,14.1921,0,14.1921
-1.05909,-2.34262,14.1943,0,14.1943
-1.05909,-2.34263,14.1964,0,14.1964
-1.05909,-2.34265,14.1986,0,14.1986
-1.05909,-2.34262,14.2007,0,14.2007
-1.05909,-2.3426,14.2028,0,14.2028
-1.05909,-2.34258,14.2049,0,14.2049
-1.05909,-2.3425,14.207,0,14.207
-1.0591,-2.3424,14.2091,0,14.2091
-1.0591,-2.34233,14.2112,0,14.2112
-1.0591,-2.34223,14.2134,0,14.2134
-1.0591,-2.34214,14.2155,0,14.2155
-1.05911,-2.34207,14.2176,0,14.2176
-1.05911,-2.342,14.2197,0,14.2197
-1.05911,-2.34195,14.2219,0,14.2219
-1.05911,-2.34191,14.224,0,14.224
-1.05911,-2.34187,14.2261,0,14.2261
-1.05911,-2.34184,14.2282,0,14.2282
-1.05912,-2.34174,14.2304,0,14.2304
-1.05912,-2.34165,14.2325,0,14.2325
-1.05912,-2.34158,14.2346,0,14.2346
-1.05912,-2.34155,14.2367,0,14.2367
-1.05913,-2.34152,14.2388,0,14.2388
-1.05913,-2.3415,14.2411,0,14.2411
-1.05913,-2.3415,14.2432,0,14.2432
-1.05913,-2.34149,14.2454,0,14.2454
-1.05913,-2.34147,14.2478,0,14.2478
-1.05914,-2.34133,14.2499,0,14.2499
-1.05914,-2.34125,14.252,0,14.252
-1.05914,-2.34117,14.2541,0,14.2541
-1.05915,-2.34113,14.2563,0,14.2563
-1.05915,-2.34109,14.2584,0,14.2584
-1.05915,-2.34105,14.2607,0,14.2607
-1.05915,-2.34099,14.2629,0,14.2629
-1.05916,-2.34094,14.2651,0,14.2651
-1.05915,-2.34095,14.2672,0,14.2672
-1.05916,-2.34092,14.2693,0,14.2693
-1.05916,-2.3409,14.2714,0,14.2714
-1.05916,-2.34087,14.2735,0,14.2735
-1.05916,-2.3409,14.2756,0,14.2756
-1.05915,-2.34094,14.2777,0,14.2777
-1.05915,-2.341,14.2798,0,14.2798
-1.05915,-2.34106,14.282,0,14.282
-1.05915,-2.34106,14.2841,0,14.2841
-1.05915,-2.34108,14.2863,0,14.2863
-1.05915,-2.34104,14.2884,0,14.2884
-1.05915,-2.34101,14.2905,0,14.2905
-1.05915,-2.34097,14.2926,0,14.2926
-1.05916,-2.34092,14.2947,0,14.2947
-1.05916,-2.34086,14.2968,0,14.2968
-1.05916,-2.34081,14.2992,0,14.2992
-1.05917,-2.34068,14.3013,0,14.3013
-1.05918,-2.34058,14.3035,0,14.3035
-1.05918,-2.34051,14.3056,0,14.3056
-1.05919,-2.34043,14.3078,0,14.3078
-1.0592,-2.34035,14.3101,0,14.3101
-1.0592,-2.34034,14.3122,0,14.3122
-1.05919,-2.34038,14.3143,0,14.3143
-1.05919,-2.34043,14.3165,0,14.3165
-1.05919,-2.34045,14.3187,0,14.3187
-1.05919,-2.34043,14.3208,0,14.3208
-1.05919,-2.34041,14.3229,0,14.3229
-1.05919,-2.34039,14.3251,0,14.3251
-1.0592,-2.34036,14.3272,0,14.3272
-1.0592,-2.34032,14.3294,0,14.3294
-1.0592,-2.3403,14.3315,0,14.3315
-1.0592,-2.34028,14.3335,0,14.3335
-1.0592,-2.34025,14.3356,0,14.3356
-1.0592,-2.34028,14.3378,0,14.3378
-1.0592,-2.34032,14.3399,0,14.3399
-1.0592,-2.3403,14.342,0,14.342
-1.0592,-2.34028,14.3441,0,14.3441
-1.0592,-2.34026,14.3462,0,14.3462
-1.0592,-2.34025,14.3485,0,14.3485
-1.0592,-2.34029,14.3506,0,14.3506
-1.05921,-2.34024,14.3527,0,14.3527
-1.05921,-2.34018,14.3549,0,14.3549
-1.05922,-2.34013,14.3571,0,14.3571
-1.05922,-2.3401,14.3593,0,14.3593
-1.05922,-2.34008,14.3614,0,14.3614
-1.05922,-2.34007,14.3635,0,14.3635
-1.05922,-2.34006,14.3658,0,14.3658
-1.05923,-2.34003,14.3679,0,14.3679
-1.05923,-2.33999,14.37,0,14.37
-1.05923,-2.33996,14.3721,0,14.3721
-1.05924,-2.33993,14.3744,0,14.3744
-1.05921,-2.34019,14.3765,0,14.3765
-1.05919,-2.34036,14.3787,0,14.3787
-1.05919,-2.34038,14.3809,0,14.3809
-1.05918,-2.34043,14.383,0,14.383
-1.05918,-2.34044,14.3852,0,14.3852
-1.05918,-2.34044,14.3873,0,14.3873
-1.05919,-2.3404,14.3894,0,14.3894
-1.05919,-2.34037,14.3916,0,14.3916
-1.05919,-2.34037,14.3937,0,14.3937
-1.05919,-2.34036,14.3959,0,14.3959
-1.05919,-2.34032,14.398,0,14.398
-1.0592,-2.3403,14.4001,0,14.4001
-1.0592,-2.34028,14.4022,0,14.4022
-1.0592,-2.34028,14.4043,0,14.4043
-1.0592,-2.34028,14.4065,0,14.4065
-1.0592,-2.34029,14.4086,0,14.4086
-1.0592,-2.3403,14.4107,0,14.4107
-1.0592,-2.3403,14.4129,0,14.4129
-1.0592,-2.3403,14.415,0,14.415
-1.05919,-2.34031,14.4171,0,14.4171
-1.05919,-2.34033,14.4193,0,14.4193
-1.05919,-2.34035,14.4214,0,14.4214
-1.05919,-2.34037,14.4236,0,14.4236
-1.05919,-2.34039,14.4257,0,14.4257
-1.05918,-2.34042,14.4279,0,14.4279
-1.05918,-2.34046,14.43,0,14.43
-1.05918,-2.3405,14.4321,0,14.4321
-1.05917,-2.34055,14.4342,0,14.4342
-1.05917,-2.34055,14.4363,0,14.4363
-1.05917,-2.34055,14.4384,0,14.4384
-1.05917,-2.34055,14.4407,0,14.4407
-1.05917,-2.34057,14.4429,0,14.4429
-1.05917,-2.34058,14.4451,0,14.4451
-1.05917,-2.34057,14.4472,0,14.4472
-1.05917,-2.34056,14.4494,0,14.4494
-1.05917,-2.34053,14.4515,0,14.4515
-1.05918,-2.34051,14.4536,0,14.4536
-1.05918,-2.34052,14.4558,0,14.4558
-1.05918,-2.34053,14.4579,0,14.4579
-1.05917,-2.34054,14.4601,0,14.4601
-1.05917,-2.34055,14.4622,0,14.4622
-1.05917,-2.3406,14.4644,0,14.4644
-1.05916,-2.34064,14.4665,0,14.4665
-1.05916,-2.34067,14.4688,0,14.4688
-1.05915,-2.34071,14.4709,0,14.4709
-1.05915,-2.34075,14.4732,0,14.4732
-1.05915,-2.34075,14.4753,0,14.4753
-1.05915,-2.34077,14.4774,0,14.4774
-1.05915,-2.34077,14.4796,0,14.4796
-1.05915,-2.34078,14.4817,0,14.4817
-1.05914,-2.34082,14.4838,0,14.4838
-1.05914,-2.34083,14.4859,0,14.4859
-1.05914,-2.34083,14.488,0,14.488
-1.05914,-2.34085,14.4902,0,14.4902
-1.05913,-2.34089,14.4923,0,14.4923
-1.05913,-2.34093,14.4944,0,14.4944
-1.05913,-2.34092,14.4965,0,14.4965
-1.05913,-2.3409,14.4986,0,14.4986
-1.05913,-2.34089,14.5009,0,14.5009
-1.05913,-2.3409,14.503,0,14.503
-1.05913,-2.34091,14.5052,0,14.5052
-1.05913,-2.34092,14.5076,0,14.5076
-1.05912,-2.34101,14.5097,0,14.5097
-1.05911,-2.34107,14.5119,0,14.5119
-1.0591,-2.34109,14.5141,0,14.5141
-1.05911,-2.34108,14.5162,0,14.5162
-1.05911,-2.34107,14.5183,0,14.5183
-1.0591,-2.34109,14.5204,0,14.5204
-1.0591,-2.34111,14.5225,0,14.5225
-1.0591,-2.34111,14.5247,0,14.5247
-1.0591,-2.34111,14.5268,0,14.5268
-1.0591,-2.34111,14.5291,0,14.5291
-1.05911,-2.34108,14.5313,0,14.5313
-1.05911,-2.34106,14.5334,0,14.5334
-1.05911,-2.34104,14.5355,0,14.5355
-1.05912,-2.34099,14.5376,0,14.5376
-1.05912,-2.34098,14.5397,0,14.5397
-1.05912,-2.34097,14.5418,0,14.5418
-1.05912,-2.34097,14.5441,0,14.5441
-1.05912,-2.34096,14.5467,0,14.5467
-1.0591,-2.34111,14.5486,0,14.5486
-1.0591,-2.34114,14.5508,0,14.5508
-1.05909,-2.34117,14.5529,0,14.5529
-1.05909,-2.34116,14.555,0,14.555
-1.05909,-2.34115,14.5572,0,14.5572
-1.05909,-2.34115,14.5595,0,14.5595
-1.05909,-2.34116,14.5616,0,14.5616
-1.05909,-2.34118,14.5637,0,14.5637
-1.05909,-2.3412,14.5659,0,14.5659
-1.05908,-2.34123,14.568,0,14.568
-1.05907,-2.34126,14.5701,0,14.5701
-1.05907,-2.34129,14.5723,0,14.5723
-1.05907,-2.34131,14.5744,0,14.5744
-1.05907,-2.3413,14.5765,0,14.5765
-1.05907,-2.34129,14.5787,0,14.5787
-1.05907,-2.34127,14.581,0,14.581
-1.05906,-2.34134,14.5831,0,14.5831
-1.05905,-2.34137,14.5853,0,14.5853
-1.05905,-2.34137,14.5875,0,14.5875
-1.05906,-2.34135,14.5896,0,14.5896
-1.05906,-2.34132,14.5917,0,14.5917
-1.05907,-2.3413,14.5938,0,14.5938
-1.05907,-2.34128,14.5959,0,14.5959
-1.05908,-2.34126,14.5981,0,14.5981
-1.05908,-2.34123,14.6002,0,14.6002
-1.05908,-2.34123,14.6023,0,14.6023
-1.05908,-2.34124,14.6045,0,14.6045
-1.05908,-2.34125,14.6066,0,14.6066
-1.05908,-2.34126,14.6088,0,14.6088
-1.05907,-2.34127,14.6111,0,14.6111
-1.05908,-2.34126,14.6132,0,14.6132
-1.05908,-2.34125,14.6154,0,14.6154
-1.05909,-2.3412,14.6175,0,14.6175
-1.05909,-2.34117,14.6197,0,14.6197
-1.0591,-2.34113,14.622,0,14.622
-1.05911,-2.34109,14.6241,0,14.6241
-1.05911,-2.3411,14.6263,0,14.6263
-1.0591,-2.34111,14.6284,0,14.6284
-1.0591,-2.34112,14.6305,0,14.6305
-1.0591,-2.34113,14.6327,0,14.6327
-1.0591,-2.34113,14.6348,0,14.6348
-1.0591,-2.34113,14.6369,0,14.6369
-1.0591,-2.34114,14.639,0,14.639
-1.0591,-2.34112,14.6411,0,14.6411
-1.05911,-2.34109,14.6433,0,14.6433
-1.05911,-2.34107,14.6454,0,14.6454
-1.05912,-2.34105,14.6475,0,14.6475
-1.05912,-2.34102,14.6498,0,14.6498
-1.05912,-2.34103,14.6519,0,14.6519
-1.05912,-2.34102,14.6541,0,14.6541
-1.05912,-2.34105,14.6563,0,14.6563
-1.05911,-2.34108,14.6584,0,14.6584
-1.0591,-2.34112,14.6606,0,14.6606
-1.05909,-2.34117,14.6627,0,14.6627
-1.05909,-2.34119,14.6649,0,14.6649
-1.05908,-2.34122,14.667,0,14.667
-1.05908,-2.3412,14.6691,0,14.6691
-1.05909,-2.34119,14.6713,0,14.6713
-1.0591,-2.34115,14.6734,0,14.6734
-1.0591,-2.34112,14.6756,0,14.6756
-1.05912,-2.34107,14.6777,0,14.6777
-1.05913,-2.34102,14.6798,0,14.6798
-1.05912,-2.34103,14.682,0,14.682
-1.05913,-2.34102,14.6841,0,14.6841
-1.05913,-2.341,14.6862,0,14.6862
-1.05913,-2.34098,14.6883,0,14.6883
-1.05914,-2.34096,14.6904,0,14.6904
-1.05914,-2.34097,14.6926,0,14.6926
-1.05913,-2.34098,14.6947,0,14.6947
-1.05913,-2.341,14.6968,0,14.6968
-1.05913,-2.341,14.6989,0,14.6989
-1.05913,-2.34099,14.701,0,14.701
-1.05913,-2.34098,14.7031,0,14.7031
-1.05914,-2.34098,14.7053,0,14.7053
-1.05913,-2.34098,14.7074,0,14.7074
-1.05913,-2.34099,14.7095,0,14.7095
-1.05913,-2.341,14.7116,0,14.7116
-1.05913,-2.34099,14.7137,0,14.7137
-1.05913,-2.34098,14.7159,0,14.7159
-1.05914,-2.34098,14.7182,0,14.7182
-1.05913,-2.34099,14.7203,0,14.7203
-1.05913,-2.341,14.7225,0,14.7225
-1.05913,-2.341,14.7249,0,14.7249
-1.05911,-2.34108,14.727,0,14.727
-1.0591,-2.34113,14.7292,0,14.7292
-1.05909,-2.34116,14.7313,0,14.7313
-1.05908,-2.3412,14.7334,0,14.7334
-1.05907,-2.34123,14.7355,0,14.7355
-1.05906,-2.34127,14.7378,0,14.7378
-1.05907,-2.34124,14.74,0,14.74
-1.05906,-2.34127,14.7421,0,14.7421
-1.05906,-2.34129,14.7442,0,14.7442
-1.05906,-2.34129,14.7463,0,14.7463
-1.05906,-2.34129,14.7484,0,14.7484
-1.05907,-2.34126,14.7506,0,14.7506
-1.05907,-2.34122,14.7527,0,14.7527
-1.05907,-2.34125,14.7549,0,14.7549
-1.05906,-2.34127,14.757,0,14.757
-1.05907,-2.34124,14.7591,0,14.7591
-1.05908,-2.34121,14.7613,0,14.7613
-1.05909,-2.34118,14.7634,0,14.7634
-1.05909,-2.34115,14.7656,0,14.7656
-1.0591,-2.34113,14.7679,0,14.7679
-1.05911,-2.34107,14.77,0,14.77
-1.05913,-2.34102,14.7722,0,14.7722
-1.05914,-2.34098,14.7746,0,14.7746
-1.05912,-2.34104,14.7767,0,14.7767
-1.05913,-2.34102,14.7788,0,14.7788
-1.05913,-2.34101,14.7809,0,14.7809
-1.05912,-2.34104,14.783,0,14.783
-1.05911,-2.34108,14.7852,0,14.7852
-1.0591,-2.34111,14.7875,0,14.7875
-1.05912,-2.34105,14.7896,0,14.7896
-1.05911,-2.34108,14.7917,0,14.7917
-1.0591,-2.34112,14.7939,0,14.7939
-1.0591,-2.34111,14.796,0,14.796
-1.05911,-2.3411,14.7981,0,14.7981
-1.05911,-2.3411,14.8003,0,14.8003
-1.05911,-2.34111,14.8024,0,14.8024
-1.05911,-2.34108,14.8045,0,14.8045
-1.05912,-2.34105,14.8067,0,14.8067
-1.05912,-2.34104,14.8088,0,14.8088
-1.05912,-2.34104,14.811,0,14.811
-1.05912,-2.34106,14.8131,0,14.8131
-1.05911,-2.34109,14.8152,0,14.8152
-1.05912,-2.34106,14.8174,0,14.8174
-1.05912,-2.34105,14.8195,0,14.8195
-1.05912,-2.34105,14.8216,0,14.8216
-1.05912,-2.34104,14.8237,0,14.8237
-1.05912,-2.34104,14.8258,0,14.8258
-1.05913,-2.341,14.828,0,14.828
-1.05914,-2.34096,14.8301,0,14.8301
-1.05914,-2.34098,14.8322,0,14.8322
-1.05913,-2.34101,14.8344,0,14.8344
-1.05912,-2.34104,14.8364,0,14.8364
-1.05911,-2.34107,14.8387,0,14.8387
-1.05911,-2.3411,14.8408,0,14.8408
-1.0591,-2.34113,14.843,0,14.843
-1.05909,-2.34117,14.8452,0,14.8452
-1.05908,-2.34121,14.8473,0,14.8473
-1.05907,-2.34121,14.8494,0,14.8494
-1.05908,-2.34119,14.8515,0,14.8515
-1.05909,-2.34115,14.8536,0,14.8536
-1.0591,-2.34111,14.8559,0,14.8559
-1.05911,-2.34108,14.8581,0,14.8581
-1.05912,-2.34105,14.8602,0,14.8602
-1.05914,-2.34099,14.8624,0,14.8624
-1.05915,-2.34093,14.8645,0,14.8645
-1.05915,-2.34095,14.8667,0,14.8667
-1.05915,-2.34096,14.8688,0,14.8688
-1.05915,-2.34094,14.871,0,14.871
-1.05916,-2.34091,14.8731,0,14.8731
-1.05916,-2.34091,14.8752,0,14.8752
-1.05916,-2.34091,14.8773,0,14.8773
-1.05916,-2.34092,14.8794,0,14.8794
-1.05916,-2.34092,14.8817,0,14.8817
-1.05916,-2.34093,14.8843,0,14.8843
-1.05919,-2.34081,14.8863,0,14.8863
-1.05918,-2.34083,14.8884,0,14.8884
-1.05918,-2.34084,14.8905,0,14.8905
-1.05919,-2.34082,14.8927,0,14.8927
-1.05919,-2.34079,14.8948,0,14.8948
-1.0592,-2.34077,14.8971,0,14.8971
-1.0592,-2.34079,14.8992,0,14.8992
-1.05919,-2.34079,14.9014,0,14.9014
-1.05919,-2.3408,14.9035,0,14.9035
-1.0592,-2.34078,14.9056,0,14.9056
-1.05919,-2.3408,14.9077,0,14.9077
-1.05918,-2.34084,14.9098,0,14.9098
-1.05917,-2.34088,14.9121,0,14.9121
-1.05917,-2.34087,14.9142,0,14.9142
-1.05918,-2.34086,14.9163,0,14.9163
-1.05918,-2.34083,14.9185,0,14.9185
-1.05916,-2.34091,14.9205,0,14.9205
-1.05913,-2.34099,14.9227,0,14.9227
-1.05913,-2.34102,14.9248,0,14.9248
-1.05912,-2.34106,14.9269,0,14.9269
-1.05912,-2.34103,14.9291,0,14.9291
-1.05913,-2.34101,14.9312,0,14.9312
-1.05913,-2.341,14.9334,0,14.9334
-1.05914,-2.34098,14.9355,0,14.9355
-1.05913,-2.34103,14.9376,0,14.9376
-1.05911,-2.34107,14.9398,0,14.9398
-1.05912,-2.34106,14.9419,0,14.9419
-1.05911,-2.34109,14.944,0,14.944
-1.05909,-2.34113,14.9461,0,14.9461
-1.0591,-2.34112,14.9482,0,14.9482
-1.0591,-2.34111,14.9504,0,14.9504
-1.0591,-2.34109,14.9525,0,14.9525
-1.05911,-2.34108,14.9547,0,14.9547
-1.05911,-2.34107,14.9568,0,14.9568
-1.05912,-2.34106,14.9589,0,14.9589
-1.05912,-2.34105,14.9612,0,14.9612
-1.0591,-2.34111,14.9634,0,14.9634
-1.05909,-2.34115,14.9656,0,14.9656
-1.05909,-2.34114,14.9677,0,14.9677
-1.05909,-2.34113,14.9699,0,14.9699
-1.0591,-2.34111,14.972,0,14.972
-1.0591,-2.3411,14.9742,0,14.9742
-1.05911,-2.34108,14.9765,0,14.9765
-1.05911,-2.34108,14.9786,0,14.9786
-1.05911,-2.34107,14.9808,0,14.9808
-1.05911,-2.34109,14.9829,0,14.9829
-1.0591,-2.34111,14.9851,0,14.9851
-1.0591,-2.3411,14.9872,0,14.9872
-1.05911,-2.34109,14.9894,0,14.9894
-1.05911,-2.34108,14.9915,0,14.9915
-1.05911,-2.34108,14.9936,0,14.9936
-1.05911,-2.34107,14.9957,0,14.9957
-1.05912,-2.34105,14.9978,0,14.9978
-1.05911,-2.34107,14.9999,0,14.9999
-1.0591,-2.3411,15.002,0,15.002
-1.05909,-2.34113,15.0043,0,15.0043
-1.05911,-2.34108,15.0064,0,15.0064
-1.05911,-2.34109,15.0085,0,15.0085
-1.0591,-2.3411,15.0107,0,15.0107
-1.05912,-2.34105,15.0128,0,15.0128
-1.05913,-2.341,15.0149,0,15.0149
-1.05912,-2.34103,15.0171,0,15.0171
-1.05912,-2.34106,15.0192,0,15.0192
-1.05911,-2.34108,15.0213,0,15.0213
-1.05911,-2.34108,15.0234,0,15.0234
-1.05911,-2.34107,15.0255,0,15.0255
-1.05912,-2.34104,15.0277,0,15.0277
-1.05913,-2.34101,15.0298,0,15.0298
-1.05914,-2.34097,15.0321,0,15.0321
-1.05912,-2.34104,15.0342,0,15.0342
-1.05911,-2.34106,15.0363,0,15.0363
-1.05911,-2.34108,15.0385,0,15.0385
-1.0591,-2.3411,15.0406,0,15.0406
-1.0591,-2.34112,15.0427,0,15.0427
-1.0591,-2.34111,15.0448,0,15.0448
-1.0591,-2.34111,15.047,0,15.047
-1.0591,-2.3411,15.0491,0,15.0491
-1.0591,-2.3411,15.0513,0,15.0513
-1.05909,-2.34114,15.0534,0,15.0534
-1.05908,-2.34117,15.0556,0,15.0556
-1.05907,-2.34121,15.0577,0,15.0577
-1.05905,-2.34126,15.0598,0,15.0598
-1.05905,-2.34128,15.062,0,15.062
-1.05904,-2.34129,15.0641,0,15.0641
-1.05904,-2.34129,15.0662,0,15.0662
-1.05904,-2.34129,15.0684,0,15.0684
-1.05902,-2.34136,15.0706,0,15.0706
-1.05901,-2.3414,15.0727,0,15.0727
-1.05899,-2.34144,15.0749,0,15.0749
-1.05898,-2.34147,15.077,0,15.077
-1.05899,-2.34145,15.0792,0,15.0792
-1.05898,-2.34149,15.0813,0,15.0813
-1.05896,-2.34154,15.0834,0,15.0834
-1.05894,-2.3416,15.0856,0,15.0856
-1.05895,-2.34157,15.0878,0,15.0878
-1.05895,-2.34157,15.09,0,15.09
-1.05896,-2.34156,15.0921,0,15.0921
-1.05896,-2.34155,15.0942,0,15.0942
-1.05896,-2.34155,15.0963,0,15.0963
-1.05896,-2.34153,15.0984,0,15.0984
-1.05897,-2.34151,15.1006,0,15.1006
-1.05897,-2.34152,15.1027,0,15.1027
-1.05897,-2.34152,15.1049,0,15.1049
-1.05897,-2.34152,15.107,0,15.107
-1.05897,-2.34152,15.1091,0,15.1091
-1.05896,-2.34155,15.1113,0,15.1113
-1.05895,-2.34158,15.1134,0,15.1134
-1.05894,-2.3416,15.1155,0,15.1155
-1.05893,-2.34163,15.1177,0,15.1177
-1.05892,-2.34166,15.1201,0,15.1201
-1.05896,-2.34155,15.1222,0,15.1222
-1.05895,-2.34158,15.1243,0,15.1243
-1.05894,-2.3416,15.1264,0,15.1264
-1.05893,-2.34165,15.1285,0,15.1285
-1.05891,-2.34169,15.1306,0,15.1306
-1.05892,-2.34167,15.1328,0,15.1328
-1.05893,-2.34165,15.1349,0,15.1349
-1.05893,-2.34163,15.1372,0,15.1372
-1.05893,-2.34162,15.1394,0,15.1394
-1.05894,-2.34161,15.1416,0,15.1416
-1.05894,-2.34162,15.1437,0,15.1437
-1.05894,-2.34162,15.1458,0,15.1458
-1.05893,-2.34163,15.1479,0,15.1479
-1.05893,-2.34165,15.15,0,15.15
-1.05892,-2.34165,15.1521,0,15.1521
-1.05892,-2.34166,15.1542,0,15.1542
-1.05892,-2.34167,15.1564,0,15.1564
-1.05892,-2.34167,15.1585,0,15.1585
-1.05893,-2.34164,15.1606,0,15.1606
-1.05894,-2.3416,15.1627,0,15.1627
-1.05895,-2.34157,15.1648,0,15.1648
-1.05897,-2.34153,15.1671,0,15.1671
-1.05898,-2.34149,15.1697,0,15.1697
-1.05895,-2.34158,15.1717,0,15.1717
-1.05894,-2.3416,15.1739,0,15.1739
-1.05893,-2.34165,15.1761,0,15.1761
-1.05891,-2.34168,15.1782,0,15.1782
-1.0589,-2.34172,15.1806,0,15.1806
-1.05888,-2.34178,15.1827,0,15.1827
-1.05888,-2.3418,15.1848,0,15.1848
-1.05887,-2.34182,15.1869,0,15.1869
-1.05887,-2.34183,15.189,0,15.189
-1.05887,-2.34183,15.1911,0,15.1911
-1.05887,-2.34183,15.1932,0,15.1932
-1.05887,-2.34184,15.1954,0,15.1954
-1.05886,-2.34185,15.1975,0,15.1975
-1.05886,-2.34184,15.1997,0,15.1997
-1.05886,-2.34184,15.2018,0,15.2018
-1.05886,-2.34184,15.2039,0,15.2039
-1.05886,-2.34184,15.2061,0,15.2061
-1.05887,-2.34182,15.2082,0,15.2082
-1.05888,-2.3418,15.2103,0,15.2103
-1.05889,-2.34175,15.2125,0,15.2125
-1.0589,-2.34174,15.2146,0,15.2146
-1.05889,-2.34175,15.2167,0,15.2167
-1.05889,-2.34177,15.2188,0,15.2188
-1.05888,-2.3418,15.2209,0,15.2209
-1.05887,-2.34181,15.2231,0,15.2231
-1.05887,-2.34182,15.2252,0,15.2252
-1.05885,-2.34189,15.2273,0,15.2273
-1.05883,-2.34195,15.2294,0,15.2294
-1.05881,-2.342,15.2315,0,15.2315
-1.0588,-2.34202,15.2337,0,15.2337
-1.0588,-2.34203,15.2358,0,15.2358
-1.0588,-2.34204,15.2379,0,15.2379
-1.05878,-2.34208,15.24,0,15.24
-1.05877,-2.34212,15.2421,0,15.2421
-1.05876,-2.34216,15.2444,0,15.2444
-1.05875,-2.34217,15.2465,0,15.2465
-1.05874,-2.34219,15.2487,0,15.2487
-1.05875,-2.34218,15.2509,0,15.2509
-1.05875,-2.34217,15.253,0,15.253
-1.05876,-2.34214,15.2552,0,15.2552
-1.05877,-2.34212,15.2573,0,15.2573
-1.05877,-2.34211,15.2594,0,15.2594
-1.05879,-2.34206,15.2615,0,15.2615
-1.05881,-2.34201,15.2636,0,15.2636
-1.0588,-2.34202,15.2658,0,15.2658
-1.0588,-2.34202,15.2679,0,15.2679
-1.0588,-2.34202,15.2702,0,15.2702
-1.05882,-2.34199,15.2723,0,15.2723
-1.05882,-2.34196,15.2745,0,15.2745
-1.05882,-2.34197,15.2767,0,15.2767
-1.05882,-2.34198,15.2788,0,15.2788
-1.05882,-2.34198,15.2809,0,15.2809
-1.05882,-2.34198,15.283,0,15.283
-1.05882,-2.34198,15.2851,0,15.2851
-1.05881,-2.342,15.2873,0,15.2873
-1.05881,-2.34201,15.2894,0,15.2894
-1.05881,-2.34202,15.2916,0,15.2916
-1.0588,-2.34202,15.2937,0,15.2937
-1.0588,-2.34202,15.2959,0,15.2959
-1.0588,-2.34203,15.298,0,15.298
-1.0588,-2.34203,15.3003,0,15.3003
-1.0588,-2.34203,15.3024,0,15.3024
-1.05879,-2.34207,15.3046,0,15.3046
-1.05877,-2.34211,15.3067,0,15.3067
-1.05878,-2.3421,15.3088,0,15.3088
-1.05878,-2.34209,15.3109,0,15.3109
-1.05878,-2.34208,15.3131,0,15.3131
-1.05879,-2.34207,15.3152,0,15.3152
-1.05879,-2.34206,15.3174,0,15.3174
-1.05879,-2.34205,15.3195,0,15.3195
-1.0588,-2.34203,15.3216,0,15.3216
-1.0588,-2.34202,15.3238,0,15.3238
-1.05882,-2.34198,15.3259,0,15.3259
-1.05883,-2.34195,15.3281,0,15.3281
-1.05881,-2.34199,15.3302,0,15.3302
-1.0588,-2.34202,15.3323,0,15.3323
-1.05879,-2.34205,15.3344,0,15.3344
-1.05878,-2.34208,15.3367,0,15.3367
-1.05879,-2.34207,15.3388,0,15.3388
-1.05879,-2.34207,15.3409,0,15.3409
-1.05879,-2.34206,15.343,0,15.343
-1.05878,-2.34208,15.3451,0,15.3451
-1.05878,-2.3421,15.3472,0,15.3472
-1.05877,-2.34211,15.3493,0,15.3493
-1.05877,-2.34211,15.3515,0,15.3515
-1.05878,-2.3421,15.3536,0,15.3536
-1.05878,-2.34208,15.3559,0,15.3559
-1.0588,-2.34204,15.358,0,15.358
-1.05881,-2.34201,15.3602,0,15.3602
-1.0588,-2.34203,15.3624,0,15.3624
-1.0588,-2.34204,15.3645,0,15.3645
-1.0588,-2.34204,15.3668,0,15.3668
-1.05877,-2.34212,15.369,0,15.369
-1.05877,-2.34212,15.3711,0,15.3711
-1.05877,-2.34212,15.3732,0,15.3732
-1.05878,-2.34209,15.3753,0,15.3753
-1.05879,-2.34206,15.3775,0,15.3775
-1.0588,-2.34204,15.3798,0,15.3798
-1.05881,-2.34201,15.3824,0,15.3824
-1.05882,-2.34196,15.3844,0,15.3844
-1.05884,-2.34193,15.3866,0,15.3866
-1.05884,-2.34192,15.3888,0,15.3888
-1.05884,-2.34191,15.391,0,15.391
-1.05885,-2.34188,15.3931,0,15.3931
-1.05886,-2.34185,15.3953,0,15.3953
-1.05887,-2.34184,15.3974,0,15.3974
-1.05887,-2.34182,15.3995,0,15.3995
-1.05887,-2.34182,15.4017,0,15.4017
-1.05887,-2.34183,15.4038,0,15.4038
-1.05888,-2.3418,15.406,0,15.406
-1.05889,-2.34178,15.4081,0,15.4081
-1.05889,-2.34176,15.4104,0,15.4104
-1.05888,-2.34178,15.4125,0,15.4125
-1.05888,-2.34179,15.4147,0,15.4147
-1.05888,-2.3418,15.4171,0,15.4171
-1.05891,-2.34171,15.4192,0,15.4192
-1.05893,-2.34165,15.4214,0,15.4214
-1.05894,-2.34161,15.4236,0,15.4236
-1.05896,-2.34157,15.4257,0,15.4257
-1.05894,-2.34161,15.4279,0,15.4279
